date,crime_type,crime_count,headline_count,signed_jsd
1/1/2015,DOMESTIC ABUSE,7580,0,0
1/1/2015,GUN CRIME,195,0,-0.006511486
1/1/2015,HATE CRIME,3289,0,-0.119014562
1/1/2015,KNIFE CRIME,1441,0,0.049631382
1/1/2015,LETHAL BARREL DISCHARGE,15,0,0.000498717
1/1/2015,MISCELLANEOUS,2524,0,0.089436028
2/1/2015,DOMESTIC ABUSE,6719,0,0
2/1/2015,GUN CRIME,167,0,-0.006052187
2/1/2015,HATE CRIME,3298,0,-0.130631782
2/1/2015,KNIFE CRIME,1380,0,-0.051677481
2/1/2015,LETHAL BARREL DISCHARGE,16,0,0.000577566
2/1/2015,MISCELLANEOUS,2277,0,0
3/1/2015,DOMESTIC ABUSE,7703,5,0
3/1/2015,GUN CRIME,211,24,0.041986211
3/1/2015,HATE CRIME,3891,32,-0.005681061
3/1/2015,KNIFE CRIME,1528,81,0
3/1/2015,LETHAL BARREL DISCHARGE,19,44,0.124839412
3/1/2015,MISCELLANEOUS,2599,0,0.086687374
4/1/2015,DOMESTIC ABUSE,7374,1,0.265875187
4/1/2015,GUN CRIME,181,11,-0.023783667
4/1/2015,HATE CRIME,3891,20,0
4/1/2015,KNIFE CRIME,1456,46,0.075048766
4/1/2015,LETHAL BARREL DISCHARGE,24,51,-0.226391468
4/1/2015,MISCELLANEOUS,2581,0,0.088677282
5/1/2015,DOMESTIC ABUSE,8348,2,0
5/1/2015,GUN CRIME,208,11,0.042144298
5/1/2015,HATE CRIME,4149,27,0.004217359
5/1/2015,KNIFE CRIME,1586,28,0
5/1/2015,LETHAL BARREL DISCHARGE,22,19,-0.113726061
5/1/2015,MISCELLANEOUS,2829,0,-0.087877261
6/1/2015,DOMESTIC ABUSE,8232,3,-0.269042101
6/1/2015,GUN CRIME,179,34,0.067036293
6/1/2015,HATE CRIME,4156,23,0.023021316
6/1/2015,KNIFE CRIME,1624,106,0
6/1/2015,LETHAL BARREL DISCHARGE,15,31,0.07986831
6/1/2015,MISCELLANEOUS,2139,0,0.068740211
7/1/2015,DOMESTIC ABUSE,8863,2,0
7/1/2015,GUN CRIME,200,19,-0.035771712
7/1/2015,HATE CRIME,4330,23,-0.017228867
7/1/2015,KNIFE CRIME,1275,61,-0.09163689
7/1/2015,LETHAL BARREL DISCHARGE,22,63,0.211633488
7/1/2015,MISCELLANEOUS,2077,1,-0.050230396
8/1/2015,DOMESTIC ABUSE,8539,4,0.257458358
8/1/2015,GUN CRIME,185,28,-0.064749321
8/1/2015,HATE CRIME,4330,25,0.013354559
8/1/2015,KNIFE CRIME,1582,60,-0.076500958
8/1/2015,LETHAL BARREL DISCHARGE,22,48,-0.156712259
8/1/2015,MISCELLANEOUS,1997,1,-0.04801162
9/1/2015,DOMESTIC ABUSE,7618,4,0
9/1/2015,GUN CRIME,170,16,0.01973797
9/1/2015,HATE CRIME,3937,19,0.037963553
9/1/2015,KNIFE CRIME,1375,121,0
9/1/2015,LETHAL BARREL DISCHARGE,22,54,0.133490306
9/1/2015,MISCELLANEOUS,2039,0,0
10/1/2015,DOMESTIC ABUSE,8322,5,0
10/1/2015,GUN CRIME,197,29,-0.041767702
10/1/2015,HATE CRIME,4387,51,-0.001994624
10/1/2015,KNIFE CRIME,1495,83,0
10/1/2015,LETHAL BARREL DISCHARGE,13,63,0.147659996
10/1/2015,MISCELLANEOUS,2149,1,0.056326305
11/1/2015,DOMESTIC ABUSE,8040,5,0
11/1/2015,GUN CRIME,209,19,0.021828573
11/1/2015,HATE CRIME,4725,31,0
11/1/2015,KNIFE CRIME,1463,107,-0.138419228
11/1/2015,LETHAL BARREL DISCHARGE,13,68,-0.162832532
11/1/2015,MISCELLANEOUS,2321,0,0.072910981
12/1/2015,DOMESTIC ABUSE,8564,16,0
12/1/2015,GUN CRIME,166,42,-0.043910921
12/1/2015,HATE CRIME,4520,47,-0.017980553
12/1/2015,KNIFE CRIME,1375,135,0
12/1/2015,LETHAL BARREL DISCHARGE,16,101,0
12/1/2015,MISCELLANEOUS,2518,0,0
1/1/2016,DOMESTIC ABUSE,8293,12,0.224502632
1/1/2016,GUN CRIME,155,28,0.038769235
1/1/2016,HATE CRIME,3651,35,0
1/1/2016,KNIFE CRIME,1432,138,0
1/1/2016,LETHAL BARREL DISCHARGE,24,35,-0.069056348
1/1/2016,MISCELLANEOUS,2285,0,0
2/1/2016,DOMESTIC ABUSE,7665,4,0
2/1/2016,GUN CRIME,127,18,-0.041735037
2/1/2016,HATE CRIME,3845,16,0.030497103
2/1/2016,KNIFE CRIME,1169,65,-0.118938202
2/1/2016,LETHAL BARREL DISCHARGE,17,53,0
2/1/2016,MISCELLANEOUS,2046,0,0.072471025
3/1/2016,DOMESTIC ABUSE,7987,7,0
3/1/2016,GUN CRIME,158,27,0
3/1/2016,HATE CRIME,4238,32,0
3/1/2016,KNIFE CRIME,1441,123,-0.149204066
3/1/2016,LETHAL BARREL DISCHARGE,30,63,0.130695393
3/1/2016,MISCELLANEOUS,2113,0,0
4/1/2016,DOMESTIC ABUSE,7925,1,0.292411621
4/1/2016,GUN CRIME,199,22,-0.025904239
4/1/2016,HATE CRIME,4501,78,-0.001672304
4/1/2016,KNIFE CRIME,1414,102,-0.115100155
4/1/2016,LETHAL BARREL DISCHARGE,27,36,0.073788204
4/1/2016,MISCELLANEOUS,1891,0,-0.061946882
5/1/2016,DOMESTIC ABUSE,8671,3,0.273091639
5/1/2016,GUN CRIME,220,31,0
5/1/2016,HATE CRIME,4927,119,0
5/1/2016,KNIFE CRIME,1720,150,0.111406282
5/1/2016,LETHAL BARREL DISCHARGE,37,43,-0.058397084
5/1/2016,MISCELLANEOUS,2185,0,0.064425259
6/1/2016,DOMESTIC ABUSE,8406,5,0
6/1/2016,GUN CRIME,253,35,-0.03066516
6/1/2016,HATE CRIME,5362,106,0.000592616
6/1/2016,KNIFE CRIME,1687,88,-0.038466505
6/1/2016,LETHAL BARREL DISCHARGE,21,95,0.15703626
6/1/2016,MISCELLANEOUS,2404,0,0.069685539
7/1/2016,DOMESTIC ABUSE,9014,7,0
7/1/2016,GUN CRIME,323,17,0.013263743
7/1/2016,HATE CRIME,7414,72,0
7/1/2016,KNIFE CRIME,1859,107,-0.114052767
7/1/2016,LETHAL BARREL DISCHARGE,43,49,0.097457147
7/1/2016,MISCELLANEOUS,2364,0,0.058659176
8/1/2016,DOMESTIC ABUSE,8871,8,-0.238820089
8/1/2016,GUN CRIME,314,45,0.022652942
8/1/2016,HATE CRIME,5608,49,0.043862154
8/1/2016,KNIFE CRIME,1845,283,-0.209619461
8/1/2016,LETHAL BARREL DISCHARGE,50,95,0
8/1/2016,MISCELLANEOUS,2290,0,0.063129289
9/1/2016,DOMESTIC ABUSE,7970,15,0
9/1/2016,GUN CRIME,260,22,0.019643168
9/1/2016,HATE CRIME,5107,50,0.011059647
9/1/2016,KNIFE CRIME,1750,116,0
9/1/2016,LETHAL BARREL DISCHARGE,24,62,0
9/1/2016,MISCELLANEOUS,2240,0,0.067765149
10/1/2016,DOMESTIC ABUSE,8163,4,0.249324373
10/1/2016,GUN CRIME,246,30,-0.026863833
10/1/2016,HATE CRIME,4783,58,0.007471057
10/1/2016,KNIFE CRIME,1826,155,0
10/1/2016,LETHAL BARREL DISCHARGE,30,57,-0.094044895
10/1/2016,MISCELLANEOUS,2280,1,0
11/1/2016,DOMESTIC ABUSE,7382,9,0.186144508
11/1/2016,GUN CRIME,295,12,-0.005945548
11/1/2016,HATE CRIME,4454,34,0.018035333
11/1/2016,KNIFE CRIME,1763,154,0
11/1/2016,LETHAL BARREL DISCHARGE,19,31,0.063585993
11/1/2016,MISCELLANEOUS,2675,0,0.08573812
12/1/2016,DOMESTIC ABUSE,8180,8,0
12/1/2016,GUN CRIME,238,29,-0.029619442
12/1/2016,HATE CRIME,4667,52,0.006245388
12/1/2016,KNIFE CRIME,1693,138,0.144489293
12/1/2016,LETHAL BARREL DISCHARGE,12,56,0
12/1/2016,MISCELLANEOUS,3093,0,-0.092392972
1/1/2017,DOMESTIC ABUSE,7867,6,0.230303857
1/1/2017,GUN CRIME,225,40,0.055403936
1/1/2017,HATE CRIME,3953,41,0.006747264
1/1/2017,KNIFE CRIME,1901,112,0
1/1/2017,LETHAL BARREL DISCHARGE,15,55,-0.113919829
1/1/2017,MISCELLANEOUS,2607,0,-0.083528009
2/1/2017,DOMESTIC ABUSE,7467,6,0
2/1/2017,GUN CRIME,275,21,-0.01913602
2/1/2017,HATE CRIME,4027,47,0
2/1/2017,KNIFE CRIME,1671,128,0
2/1/2017,LETHAL BARREL DISCHARGE,22,42,0
2/1/2017,MISCELLANEOUS,2699,0,0.088999228
3/1/2017,DOMESTIC ABUSE,8406,7,0.207783453
3/1/2017,GUN CRIME,235,21,0.011991154
3/1/2017,HATE CRIME,5046,67,0.006001679
3/1/2017,KNIFE CRIME,2173,165,0.108427694
3/1/2017,LETHAL BARREL DISCHARGE,21,106,-0.157877618
3/1/2017,MISCELLANEOUS,3633,0,0.099991356
4/1/2017,ARSON AND CRIMINAL DAMAGE,5136,22,-0.010366008
4/1/2017,BURGLARY,5852,15,-0.017810413
4/1/2017,DOMESTIC ABUSE,8503,13,-0.033739384
4/1/2017,DRUG OFFENCES,2891,99,0
4/1/2017,GUN CRIME,214,33,-0.00774004
4/1/2017,HATE CRIME,4887,71,0
4/1/2017,KNIFE CRIME,2042,186,-0.035426727
4/1/2017,LETHAL BARREL DISCHARGE,26,63,-0.023164809
4/1/2017,MISCELLANEOUS,3272,0,0.020028336
4/1/2017,PUBLIC ORDER OFFENCES,3761,2,-0.018966782
4/1/2017,ROBBERY,2498,45,9.63E-05
4/1/2017,SEXUAL OFFENCES,1441,89,0
4/1/2017,THEFT,17894,46,0.059113606
4/1/2017,VEHICLE OFFENCES,8594,7,-0.041021024
4/1/2017,VIOLENCE AGAINST THE PERSON,15860,624,-0.066675424
5/1/2017,ARSON AND CRIMINAL DAMAGE,5482,16,-0.013120535
5/1/2017,BURGLARY,5826,4,0.025783573
5/1/2017,DOMESTIC ABUSE,8852,3,0.044576167
5/1/2017,DRUG OFFENCES,3193,121,-0.010859679
5/1/2017,GUN CRIME,256,12,0.001351794
5/1/2017,HATE CRIME,5190,27,-0.006686268
5/1/2017,KNIFE CRIME,1877,182,-0.039962238
5/1/2017,LETHAL BARREL DISCHARGE,37,53,0
5/1/2017,MISCELLANEOUS,3386,1,-0.016884457
5/1/2017,PUBLIC ORDER OFFENCES,4352,5,0.016660667
5/1/2017,ROBBERY,2482,56,0.001404237
5/1/2017,SEXUAL OFFENCES,1706,95,-0.013388274
5/1/2017,THEFT,19622,47,0.059097061
5/1/2017,VEHICLE OFFENCES,9221,9,0.038079259
5/1/2017,VIOLENCE AGAINST THE PERSON,17534,634,0.075327301
6/1/2017,ARSON AND CRIMINAL DAMAGE,5328,182,-0.001306483
6/1/2017,BURGLARY,5731,8,0.024150581
6/1/2017,DOMESTIC ABUSE,9151,2,-0.049319635
6/1/2017,DRUG OFFENCES,2875,82,0.000111144
6/1/2017,GUN CRIME,287,20,-0.001012995
6/1/2017,HATE CRIME,6854,73,0.006856695
6/1/2017,KNIFE CRIME,2209,220,-0.017899528
6/1/2017,LETHAL BARREL DISCHARGE,40,85,-0.017557904
6/1/2017,MISCELLANEOUS,3217,0,-0.01803173
6/1/2017,PUBLIC ORDER OFFENCES,4970,18,-0.014641352
6/1/2017,ROBBERY,2508,51,0.000196504
6/1/2017,SEXUAL OFFENCES,1813,50,-3.78E-05
6/1/2017,THEFT,18943,33,0
6/1/2017,VEHICLE OFFENCES,8407,2,0
6/1/2017,VIOLENCE AGAINST THE PERSON,18037,1432,0.145722386
7/1/2017,ARSON AND CRIMINAL DAMAGE,5471,60,0.000355257
7/1/2017,BURGLARY,6216,10,-0.015928738
7/1/2017,DOMESTIC ABUSE,9351,5,-0.038307412
7/1/2017,DRUG OFFENCES,3276,74,-0.008344511
7/1/2017,GUN CRIME,355,22,0.006543685
7/1/2017,HATE CRIME,6158,49,-0.000264919
7/1/2017,KNIFE CRIME,2181,117,-0.033894882
7/1/2017,LETHAL BARREL DISCHARGE,44,27,-0.014216537
7/1/2017,MISCELLANEOUS,3539,0,-0.019138886
7/1/2017,PUBLIC ORDER OFFENCES,4957,8,0.012582453
7/1/2017,ROBBERY,2941,38,0.000776484
7/1/2017,SEXUAL OFFENCES,1778,78,-0.019096416
7/1/2017,THEFT,20526,49,-0.042427194
7/1/2017,VEHICLE OFFENCES,8646,3,-0.03860401
7/1/2017,VIOLENCE AGAINST THE PERSON,18300,327,0.029610377
8/1/2017,ARSON AND CRIMINAL DAMAGE,5174,32,-0.002053583
8/1/2017,BURGLARY,6267,9,0.019236687
8/1/2017,DOMESTIC ABUSE,8838,1,-0.048086003
8/1/2017,DRUG OFFENCES,3414,134,0.028210468
8/1/2017,GUN CRIME,259,20,0.006253214
8/1/2017,HATE CRIME,5286,37,0
8/1/2017,KNIFE CRIME,2147,129,0
8/1/2017,LETHAL BARREL DISCHARGE,50,35,0.018166127
8/1/2017,MISCELLANEOUS,3289,1,0.0157846
8/1/2017,PUBLIC ORDER OFFENCES,4222,12,-0.007560829
8/1/2017,ROBBERY,2728,44,-0.00164777
8/1/2017,SEXUAL OFFENCES,1651,76,-0.017664088
8/1/2017,THEFT,20046,46,0.049368695
8/1/2017,VEHICLE OFFENCES,8633,4,-0.039528841
8/1/2017,VIOLENCE AGAINST THE PERSON,16154,306,0.024684971
9/1/2017,ARSON AND CRIMINAL DAMAGE,4961,17,-0.00948671
9/1/2017,BURGLARY,6045,18,-0.013367443
9/1/2017,DOMESTIC ABUSE,8188,2,-0.044197686
9/1/2017,DRUG OFFENCES,3110,112,-0.013987482
9/1/2017,GUN CRIME,236,16,0.00347497
9/1/2017,HATE CRIME,4707,45,-0.000600803
9/1/2017,KNIFE CRIME,2028,122,0.025759511
9/1/2017,LETHAL BARREL DISCHARGE,21,53,0.024848128
9/1/2017,MISCELLANEOUS,3074,0,0.018393839
9/1/2017,PUBLIC ORDER OFFENCES,3978,7,0.012560243
9/1/2017,ROBBERY,2765,55,-0.001786767
9/1/2017,SEXUAL OFFENCES,1672,60,-0.007208038
9/1/2017,THEFT,18603,34,-0.063374743
9/1/2017,VEHICLE OFFENCES,8910,12,0.032955539
9/1/2017,VIOLENCE AGAINST THE PERSON,16377,491,-0.063811085
10/1/2017,ARSON AND CRIMINAL DAMAGE,5420,12,0.013380058
10/1/2017,BURGLARY,6721,15,-0.016631798
10/1/2017,DOMESTIC ABUSE,8927,4,-0.040938072
10/1/2017,DRUG OFFENCES,3464,143,-0.022734035
10/1/2017,GUN CRIME,256,20,0.004875174
10/1/2017,HATE CRIME,5023,29,-0.003568719
10/1/2017,KNIFE CRIME,2264,148,-0.034607403
10/1/2017,LETHAL BARREL DISCHARGE,23,34,0.015330141
10/1/2017,MISCELLANEOUS,3442,0,-0.019164616
10/1/2017,PUBLIC ORDER OFFENCES,4379,6,0.014142099
10/1/2017,ROBBERY,3058,54,-0.001371869
10/1/2017,SEXUAL OFFENCES,1799,186,-0.056556636
10/1/2017,THEFT,19165,37,0.05654801
10/1/2017,VEHICLE OFFENCES,9279,6,0.039528923
10/1/2017,VIOLENCE AGAINST THE PERSON,17829,363,0.020149355
11/1/2017,ARSON AND CRIMINAL DAMAGE,5194,14,0
11/1/2017,BURGLARY,7348,15,-0.020612672
11/1/2017,DOMESTIC ABUSE,7979,14,-0.024532032
11/1/2017,DRUG OFFENCES,3200,165,0.030427093
11/1/2017,GUN CRIME,278,28,0.007405694
11/1/2017,HATE CRIME,4237,49,2.75E-05
11/1/2017,KNIFE CRIME,2136,97,0.015249368
11/1/2017,LETHAL BARREL DISCHARGE,26,46,0.020407609
11/1/2017,MISCELLANEOUS,3784,0,-0.021661986
11/1/2017,PUBLIC ORDER OFFENCES,3971,9,-0.010181495
11/1/2017,ROBBERY,3159,29,0.00047251
11/1/2017,SEXUAL OFFENCES,1840,166,0
11/1/2017,THEFT,19352,59,0
11/1/2017,VEHICLE OFFENCES,9275,11,0.034328153
11/1/2017,VIOLENCE AGAINST THE PERSON,16936,383,-0.02421186
12/1/2017,ARSON AND CRIMINAL DAMAGE,4740,39,0.00070625
12/1/2017,BURGLARY,6989,24,-0.011961179
12/1/2017,DOMESTIC ABUSE,8712,8,-0.036345756
12/1/2017,DRUG OFFENCES,2619,90,0.014603301
12/1/2017,GUN CRIME,263,24,-0.007816714
12/1/2017,HATE CRIME,3896,30,0.000858829
12/1/2017,KNIFE CRIME,1851,69,-0.012112894
12/1/2017,LETHAL BARREL DISCHARGE,27,37,0.019836057
12/1/2017,MISCELLANEOUS,3349,0,-0.02058563
12/1/2017,PUBLIC ORDER OFFENCES,3363,10,-0.006590851
12/1/2017,ROBBERY,2825,27,-9.02E-05
12/1/2017,SEXUAL OFFENCES,1509,187,-0.075516915
12/1/2017,THEFT,17573,46,-0.043508966
12/1/2017,VEHICLE OFFENCES,8522,16,-0.025330907
12/1/2017,VIOLENCE AGAINST THE PERSON,16320,285,0.014062514
1/1/2018,ARSON AND CRIMINAL DAMAGE,4929,16,-0.011320467
1/1/2018,BURGLARY,7639,23,0.019013913
1/1/2018,DOMESTIC ABUSE,8492,13,0.031385382
1/1/2018,DRUG OFFENCES,3098,84,-0.003969328
1/1/2018,GUN CRIME,235,29,0
1/1/2018,HATE CRIME,4092,74,0.000591779
1/1/2018,KNIFE CRIME,2018,181,0.039815194
1/1/2018,LETHAL BARREL DISCHARGE,34,23,-0.008354504
1/1/2018,MISCELLANEOUS,3025,0,-0.018013143
1/1/2018,PUBLIC ORDER OFFENCES,3539,1,-0.018585189
1/1/2018,ROBBERY,2885,58,-0.000902396
1/1/2018,SEXUAL OFFENCES,1663,298,0.093150404
1/1/2018,THEFT,17511,41,0
1/1/2018,VEHICLE OFFENCES,9466,7,-0.04405621
1/1/2018,VIOLENCE AGAINST THE PERSON,16437,363,0.011084686
2/1/2018,ARSON AND CRIMINAL DAMAGE,4269,19,-0.006177237
2/1/2018,BURGLARY,6600,7,0.028936101
2/1/2018,DOMESTIC ABUSE,7576,7,0.034998799
2/1/2018,DRUG OFFENCES,2845,125,0.024047861
2/1/2018,GUN CRIME,198,18,-0.00545794
2/1/2018,HATE CRIME,3783,40,0.000121642
2/1/2018,KNIFE CRIME,1634,193,-0.07264782
2/1/2018,LETHAL BARREL DISCHARGE,34,23,-0.011353733
2/1/2018,MISCELLANEOUS,2491,0,0.016469764
2/1/2018,PUBLIC ORDER OFFENCES,3354,0,-0.022268323
2/1/2018,ROBBERY,2491,32,3.77E-05
2/1/2018,SEXUAL OFFENCES,1538,155,-0.05341344
2/1/2018,THEFT,16211,23,-0.067650094
2/1/2018,VEHICLE OFFENCES,8776,6,0.04440655
2/1/2018,VIOLENCE AGAINST THE PERSON,14726,262,0
3/1/2018,ARSON AND CRIMINAL DAMAGE,4600,14,-0.012064544
3/1/2018,BURGLARY,6360,23,0.014712364
3/1/2018,DOMESTIC ABUSE,8250,6,0.039649658
3/1/2018,DRUG OFFENCES,2849,106,-0.007722021
3/1/2018,GUN CRIME,264,54,0.014423686
3/1/2018,HATE CRIME,4974,116,0.002364663
3/1/2018,KNIFE CRIME,2027,211,-0.045231968
3/1/2018,LETHAL BARREL DISCHARGE,40,82,0
3/1/2018,MISCELLANEOUS,2757,0,-0.016665258
3/1/2018,PUBLIC ORDER OFFENCES,3979,3,-0.018550651
3/1/2018,ROBBERY,2599,56,-0.000742129
3/1/2018,SEXUAL OFFENCES,1684,116,0.017985229
3/1/2018,THEFT,17207,26,0.071018822
3/1/2018,VEHICLE OFFENCES,8939,40,0
3/1/2018,VIOLENCE AGAINST THE PERSON,17187,445,0
4/1/2018,ARSON AND CRIMINAL DAMAGE,4765,24,0
4/1/2018,BURGLARY,6356,251,-0.007160921
4/1/2018,DOMESTIC ABUSE,8946,2,-0.05159091
4/1/2018,DRUG OFFENCES,3032,173,0.010337083
4/1/2018,GUN CRIME,273,56,-0.00929987
4/1/2018,HATE CRIME,4753,122,-0.000302035
4/1/2018,KNIFE CRIME,2091,458,0
4/1/2018,LETHAL BARREL DISCHARGE,24,175,0.048134484
4/1/2018,MISCELLANEOUS,2610,0,-0.015732084
4/1/2018,PUBLIC ORDER OFFENCES,3992,4,-0.01880626
4/1/2018,ROBBERY,2560,102,-0.002790303
4/1/2018,SEXUAL OFFENCES,1594,74,-0.002912732
4/1/2018,THEFT,17373,46,-0.065524817
4/1/2018,VEHICLE OFFENCES,8927,40,-0.023316864
4/1/2018,VIOLENCE AGAINST THE PERSON,16601,308,-0.001089112
5/1/2018,ARSON AND CRIMINAL DAMAGE,5001,20,-0.007610844
5/1/2018,BURGLARY,6385,53,-0.00178219
5/1/2018,DOMESTIC ABUSE,9534,3,0
5/1/2018,DRUG OFFENCES,3106,116,-0.014368785
5/1/2018,GUN CRIME,303,32,0.008507661
5/1/2018,HATE CRIME,5317,62,-3.70E-05
5/1/2018,KNIFE CRIME,2093,277,0
5/1/2018,LETHAL BARREL DISCHARGE,47,116,-0.052690117
5/1/2018,MISCELLANEOUS,2273,1,0.010474741
5/1/2018,PUBLIC ORDER OFFENCES,4404,0,-0.025182579
5/1/2018,ROBBERY,2609,32,2.81E-07
5/1/2018,SEXUAL OFFENCES,1803,83,0.012803711
5/1/2018,THEFT,18315,51,-0.044487141
5/1/2018,VEHICLE OFFENCES,8871,7,0.037291589
5/1/2018,VIOLENCE AGAINST THE PERSON,18980,247,-0.000136748
6/1/2018,ARSON AND CRIMINAL DAMAGE,4839,71,0.000139731
6/1/2018,BURGLARY,6092,35,-0.005805011
6/1/2018,DOMESTIC ABUSE,9790,5,-0.045820101
6/1/2018,DRUG OFFENCES,2745,117,-0.014816612
6/1/2018,GUN CRIME,217,25,0.006287632
6/1/2018,HATE CRIME,5600,40,0.003221451
6/1/2018,KNIFE CRIME,2206,315,-0.09817639
6/1/2018,LETHAL BARREL DISCHARGE,36,53,-0.021501628
6/1/2018,MISCELLANEOUS,2806,0,-0.015854278
6/1/2018,PUBLIC ORDER OFFENCES,4364,3,-0.018720296
6/1/2018,ROBBERY,2894,73,-0.003638718
6/1/2018,SEXUAL OFFENCES,1859,77,-0.009210448
6/1/2018,THEFT,18209,43,-0.051742667
6/1/2018,VEHICLE OFFENCES,9026,2,0.046882073
6/1/2018,VIOLENCE AGAINST THE PERSON,18827,314,-0.003267841
7/1/2018,ARSON AND CRIMINAL DAMAGE,5026,39,0
7/1/2018,BURGLARY,6301,14,-0.014157454
7/1/2018,DOMESTIC ABUSE,10811,7,-0.043710131
7/1/2018,DRUG OFFENCES,2680,117,0
7/1/2018,GUN CRIME,311,26,-0.00712711
7/1/2018,HATE CRIME,5761,40,-0.001776497
7/1/2018,KNIFE CRIME,2116,210,-0.068419347
7/1/2018,LETHAL BARREL DISCHARGE,43,62,-0.029424966
7/1/2018,MISCELLANEOUS,2631,0,0.014038237
7/1/2018,PUBLIC ORDER OFFENCES,4961,6,-0.015780525
7/1/2018,ROBBERY,2970,49,0.001336348
7/1/2018,SEXUAL OFFENCES,2037,65,-0.00825398
7/1/2018,THEFT,19713,29,0
7/1/2018,VEHICLE OFFENCES,9078,5,-0.037817853
7/1/2018,VIOLENCE AGAINST THE PERSON,20222,349,0.015096077
8/1/2018,ARSON AND CRIMINAL DAMAGE,4565,73,-3.09E-06
8/1/2018,BURGLARY,6506,27,0.01299159
8/1/2018,DOMESTIC ABUSE,9611,2,-0.053025237
8/1/2018,DRUG OFFENCES,3395,118,0.00708318
8/1/2018,GUN CRIME,244,24,0.004364796
8/1/2018,HATE CRIME,4493,71,-3.08E-07
8/1/2018,KNIFE CRIME,1951,293,0.073013658
8/1/2018,LETHAL BARREL DISCHARGE,33,66,-0.023327232
8/1/2018,MISCELLANEOUS,2427,0,0.014197271
8/1/2018,PUBLIC ORDER OFFENCES,3956,5,0.0156156
8/1/2018,ROBBERY,2556,54,-0.000561515
8/1/2018,SEXUAL OFFENCES,1650,91,0.01062911
8/1/2018,THEFT,18431,73,0.042119857
8/1/2018,VEHICLE OFFENCES,9231,25,0.026426963
8/1/2018,VIOLENCE AGAINST THE PERSON,17304,435,0.013614707
9/1/2018,ARSON AND CRIMINAL DAMAGE,4469,39,0.00258021
9/1/2018,BURGLARY,6089,24,0.012977687
9/1/2018,DOMESTIC ABUSE,9142,11,-0.038285315
9/1/2018,DRUG OFFENCES,3068,169,-0.020485026
9/1/2018,GUN CRIME,279,22,0.003452564
9/1/2018,HATE CRIME,4658,82,-0.000128299
9/1/2018,KNIFE CRIME,1709,228,0.052911966
9/1/2018,LETHAL BARREL DISCHARGE,26,100,-0.036838501
9/1/2018,MISCELLANEOUS,2211,0,0.01308398
9/1/2018,PUBLIC ORDER OFFENCES,4032,9,-0.012711957
9/1/2018,ROBBERY,2658,51,-0.000241282
9/1/2018,SEXUAL OFFENCES,1718,102,0.012947075
9/1/2018,THEFT,18073,86,-0.034855252
9/1/2018,VEHICLE OFFENCES,9799,23,-0.031171197
9/1/2018,VIOLENCE AGAINST THE PERSON,17362,402,0.008638504
10/1/2018,ARSON AND CRIMINAL DAMAGE,4813,14,0.009448887
10/1/2018,BURGLARY,7149,29,0.009759894
10/1/2018,DOMESTIC ABUSE,9171,10,-0.033309871
10/1/2018,DRUG OFFENCES,3220,129,0.019481891
10/1/2018,GUN CRIME,270,24,0.006228655
10/1/2018,HATE CRIME,4718,91,0.003276725
10/1/2018,KNIFE CRIME,1888,184,0.05400898
10/1/2018,LETHAL BARREL DISCHARGE,48,79,-0.036149058
10/1/2018,MISCELLANEOUS,2729,0,-0.01509343
10/1/2018,PUBLIC ORDER OFFENCES,4118,5,0.013956666
10/1/2018,ROBBERY,2936,33,7.27E-06
10/1/2018,SEXUAL OFFENCES,1780,138,-0.035264056
10/1/2018,THEFT,20043,40,-0.058148829
10/1/2018,VEHICLE OFFENCES,10509,13,0
10/1/2018,VIOLENCE AGAINST THE PERSON,18000,275,0.003888643
11/1/2018,ARSON AND CRIMINAL DAMAGE,4724,27,-0.005191713
11/1/2018,BURGLARY,7887,30,0.014948583
11/1/2018,DOMESTIC ABUSE,8509,12,-0.030200851
11/1/2018,DRUG OFFENCES,3391,127,0.010490313
11/1/2018,GUN CRIME,282,41,-0.009744586
11/1/2018,HATE CRIME,5032,66,8.86E-05
11/1/2018,KNIFE CRIME,1823,419,0
11/1/2018,LETHAL BARREL DISCHARGE,42,79,-0.028843563
11/1/2018,MISCELLANEOUS,3125,0,0.017261291
11/1/2018,PUBLIC ORDER OFFENCES,3951,4,-0.01530452
11/1/2018,ROBBERY,3040,46,-1.50E-05
11/1/2018,SEXUAL OFFENCES,1729,128,0.021924755
11/1/2018,THEFT,19924,71,0
11/1/2018,VEHICLE OFFENCES,10529,6,-0.048122057
11/1/2018,VIOLENCE AGAINST THE PERSON,17665,265,0
12/1/2018,ARSON AND CRIMINAL DAMAGE,4688,15,0
12/1/2018,BURGLARY,7159,38,-0.004837815
12/1/2018,DOMESTIC ABUSE,9642,11,0.033420866
12/1/2018,DRUG OFFENCES,3276,128,0
12/1/2018,GUN CRIME,193,24,0.008632602
12/1/2018,HATE CRIME,4789,35,0
12/1/2018,KNIFE CRIME,1916,215,0.082812368
12/1/2018,LETHAL BARREL DISCHARGE,31,70,0.037314084
12/1/2018,MISCELLANEOUS,3148,1,-0.014747286
12/1/2018,PUBLIC ORDER OFFENCES,3689,2,-0.015680477
12/1/2018,ROBBERY,3005,48,0.0014908
12/1/2018,SEXUAL OFFENCES,1484,88,0.023107306
12/1/2018,THEFT,19411,42,-0.049713363
12/1/2018,VEHICLE OFFENCES,9644,10,0.03475617
12/1/2018,VIOLENCE AGAINST THE PERSON,17923,202,0.000365888
1/1/2019,ARSON AND CRIMINAL DAMAGE,4547,20,0.007130147
1/1/2019,BURGLARY,7455,17,0.021041068
1/1/2019,DOMESTIC ABUSE,9412,15,0.032328411
1/1/2019,DRUG OFFENCES,3509,155,0.017853242
1/1/2019,GUN CRIME,197,39,0
1/1/2019,HATE CRIME,4328,40,0.00128538
1/1/2019,KNIFE CRIME,1918,400,0.131155019
1/1/2019,LETHAL BARREL DISCHARGE,21,45,0.017201165
1/1/2019,MISCELLANEOUS,2815,0,-0.015875576
1/1/2019,PUBLIC ORDER OFFENCES,3538,10,0.008426455
1/1/2019,ROBBERY,2969,36,0.000122964
1/1/2019,SEXUAL OFFENCES,1659,79,-0.009550387
1/1/2019,THEFT,19039,71,0
1/1/2019,VEHICLE OFFENCES,10859,25,-0.031126216
1/1/2019,VIOLENCE AGAINST THE PERSON,17412,307,0
2/1/2019,ARSON AND CRIMINAL DAMAGE,4370,20,0.006680632
2/1/2019,BURGLARY,6680,36,-0.008251002
2/1/2019,DOMESTIC ABUSE,8752,13,0.031603167
2/1/2019,DRUG OFFENCES,3480,156,0.018659139
2/1/2019,GUN CRIME,225,30,-0.007418703
2/1/2019,HATE CRIME,4703,95,-0.001621888
2/1/2019,KNIFE CRIME,1759,311,-0.095666248
2/1/2019,LETHAL BARREL DISCHARGE,19,69,0.027617606
2/1/2019,MISCELLANEOUS,3250,0,0.018777518
2/1/2019,PUBLIC ORDER OFFENCES,3667,3,-0.015611356
2/1/2019,ROBBERY,2996,77,-0.003175016
2/1/2019,SEXUAL OFFENCES,1574,99,0.016142442
2/1/2019,THEFT,19755,53,-0.055910024
2/1/2019,VEHICLE OFFENCES,9675,15,0.03450473
2/1/2019,VIOLENCE AGAINST THE PERSON,16813,257,0.000310499
3/1/2019,ARSON AND CRIMINAL DAMAGE,4968,13,0.01340682
3/1/2019,BURGLARY,7219,21,0.018541704
3/1/2019,DOMESTIC ABUSE,9198,12,0.033831248
3/1/2019,DRUG OFFENCES,4429,127,0.002529684
3/1/2019,GUN CRIME,194,52,0.010759733
3/1/2019,HATE CRIME,5718,101,-4.02E-07
3/1/2019,KNIFE CRIME,1950,759,0
3/1/2019,LETHAL BARREL DISCHARGE,23,102,0.029058726
3/1/2019,MISCELLANEOUS,3599,0,0.018690831
3/1/2019,PUBLIC ORDER OFFENCES,4464,9,0.013675647
3/1/2019,ROBBERY,3202,59,-8.20E-06
3/1/2019,SEXUAL OFFENCES,1704,93,-0.007202883
3/1/2019,THEFT,21397,39,0
3/1/2019,VEHICLE OFFENCES,10794,8,-0.045795736
3/1/2019,VIOLENCE AGAINST THE PERSON,18723,339,-1.52E-05
4/1/2019,ARSON AND CRIMINAL DAMAGE,4727,28,0.004034741
4/1/2019,BURGLARY,6316,12,0.018111026
4/1/2019,DOMESTIC ABUSE,9070,4,-0.041381166
4/1/2019,DRUG OFFENCES,3714,124,0.010609737
4/1/2019,GUN CRIME,217,33,-0.008828139
4/1/2019,HATE CRIME,5334,42,-0.002192735
4/1/2019,KNIFE CRIME,2090,366,0.117609173
4/1/2019,LETHAL BARREL DISCHARGE,25,107,-0.043665926
4/1/2019,MISCELLANEOUS,3586,0,0.019416192
4/1/2019,PUBLIC ORDER OFFENCES,4135,18,-0.005771912
4/1/2019,ROBBERY,3441,37,-0.000252165
4/1/2019,SEXUAL OFFENCES,1596,128,-0.026443687
4/1/2019,THEFT,21576,58,0.054646535
4/1/2019,VEHICLE OFFENCES,10297,8,0.04220358
4/1/2019,VIOLENCE AGAINST THE PERSON,17522,267,-0.000982008
5/1/2019,ARSON AND CRIMINAL DAMAGE,4895,21,-0.006479555
5/1/2019,BURGLARY,6408,33,-0.00650132
5/1/2019,DOMESTIC ABUSE,9484,8,0.036536468
5/1/2019,DRUG OFFENCES,3932,163,-0.020600636
5/1/2019,GUN CRIME,186,47,-0.014957245
5/1/2019,HATE CRIME,5442,66,0
5/1/2019,KNIFE CRIME,2072,221,-0.057330705
5/1/2019,LETHAL BARREL DISCHARGE,17,42,0.016802225
5/1/2019,MISCELLANEOUS,3237,0,-0.017069916
5/1/2019,PUBLIC ORDER OFFENCES,4576,7,-0.013857199
5/1/2019,ROBBERY,3331,53,-0.000385007
5/1/2019,SEXUAL OFFENCES,1697,246,0.072704933
5/1/2019,THEFT,21758,45,-0.062120687
5/1/2019,VEHICLE OFFENCES,10070,6,0.042292627
5/1/2019,VIOLENCE AGAINST THE PERSON,18884,256,0
6/1/2019,ARSON AND CRIMINAL DAMAGE,4711,59,0.000232873
6/1/2019,BURGLARY,6368,20,0
6/1/2019,DOMESTIC ABUSE,9685,11,0.035917562
6/1/2019,DRUG OFFENCES,4109,195,0.020721198
6/1/2019,GUN CRIME,222,32,0.006983768
6/1/2019,HATE CRIME,5625,84,-1.38E-06
6/1/2019,KNIFE CRIME,2024,322,0.081056926
6/1/2019,LETHAL BARREL DISCHARGE,24,78,-0.027109395
6/1/2019,MISCELLANEOUS,3096,0,-0.016360999
6/1/2019,PUBLIC ORDER OFFENCES,4640,14,-0.010290196
6/1/2019,ROBBERY,3174,52,-7.01E-05
6/1/2019,SEXUAL OFFENCES,1824,109,0.014181064
6/1/2019,THEFT,21152,53,0
6/1/2019,VEHICLE OFFENCES,10049,7,-0.042306894
6/1/2019,VIOLENCE AGAINST THE PERSON,19034,378,-0.004749042
7/1/2019,ARSON AND CRIMINAL DAMAGE,4924,30,0.002884063
7/1/2019,BURGLARY,6304,9,-0.018137785
7/1/2019,DOMESTIC ABUSE,10228,6,0.039912547
7/1/2019,DRUG OFFENCES,4586,170,0.020348154
7/1/2019,GUN CRIME,251,23,-0.005252403
7/1/2019,HATE CRIME,6218,123,-0.004002391
7/1/2019,KNIFE CRIME,1983,274,-0.082458215
7/1/2019,LETHAL BARREL DISCHARGE,25,101,0.041845543
7/1/2019,MISCELLANEOUS,3392,0,-0.016817914
7/1/2019,PUBLIC ORDER OFFENCES,5289,10,-0.013054652
7/1/2019,ROBBERY,3428,48,0
7/1/2019,SEXUAL OFFENCES,1850,102,0.017479102
7/1/2019,THEFT,22775,51,-0.055772507
7/1/2019,VEHICLE OFFENCES,10519,10,-0.036166862
7/1/2019,VIOLENCE AGAINST THE PERSON,20302,256,-0.000163441
8/1/2019,ARSON AND CRIMINAL DAMAGE,4597,22,0
8/1/2019,BURGLARY,6163,15,0.012524019
8/1/2019,DOMESTIC ABUSE,10037,4,0.043966396
8/1/2019,DRUG OFFENCES,4865,128,0
8/1/2019,GUN CRIME,226,17,-0.004412672
8/1/2019,HATE CRIME,5653,48,-0.000500822
8/1/2019,KNIFE CRIME,1952,311,0
8/1/2019,LETHAL BARREL DISCHARGE,32,38,-0.01766971
8/1/2019,MISCELLANEOUS,3198,0,-0.016849113
8/1/2019,PUBLIC ORDER OFFENCES,4676,5,0.015319451
8/1/2019,ROBBERY,3083,29,-8.25E-05
8/1/2019,SEXUAL OFFENCES,1555,93,0
8/1/2019,THEFT,20914,51,-0.046739529
8/1/2019,VEHICLE OFFENCES,10480,4,0.046338515
8/1/2019,VIOLENCE AGAINST THE PERSON,18629,255,0.003289818
9/1/2019,ARSON AND CRIMINAL DAMAGE,4578,30,0.002455201
9/1/2019,BURGLARY,6526,7,-0.022976562
9/1/2019,DOMESTIC ABUSE,9170,15,0.027316555
9/1/2019,DRUG OFFENCES,4012,168,-0.024636532
9/1/2019,GUN CRIME,212,44,0.014504469
9/1/2019,HATE CRIME,5349,66,8.57E-06
9/1/2019,KNIFE CRIME,1813,292,-0.100086474
9/1/2019,LETHAL BARREL DISCHARGE,20,69,-0.030223242
9/1/2019,MISCELLANEOUS,3340,0,-0.017915895
9/1/2019,PUBLIC ORDER OFFENCES,4472,4,0.016549712
9/1/2019,ROBBERY,3352,35,0.000119408
9/1/2019,SEXUAL OFFENCES,1611,81,-0.013531229
9/1/2019,THEFT,19883,40,0.056294216
9/1/2019,VEHICLE OFFENCES,11616,3,0.05636159
9/1/2019,VIOLENCE AGAINST THE PERSON,18470,279,0
10/1/2019,ARSON AND CRIMINAL DAMAGE,4880,11,0.009292252
10/1/2019,BURGLARY,7293,23,0.009948962
10/1/2019,DOMESTIC ABUSE,9410,12,-0.026669774
10/1/2019,DRUG OFFENCES,4005,197,-0.046581859
10/1/2019,GUN CRIME,257,22,-0.00647797
10/1/2019,HATE CRIME,5703,41,-0.000891672
10/1/2019,KNIFE CRIME,2021,249,-0.094494494
10/1/2019,LETHAL BARREL DISCHARGE,17,30,-0.014529321
10/1/2019,MISCELLANEOUS,4347,0,0.021748132
10/1/2019,PUBLIC ORDER OFFENCES,4680,1,0.020428953
10/1/2019,ROBBERY,3750,54,0.001230366
10/1/2019,SEXUAL OFFENCES,1672,110,0
10/1/2019,THEFT,22266,42,0
10/1/2019,VEHICLE OFFENCES,12309,6,-0.048719959
10/1/2019,VIOLENCE AGAINST THE PERSON,18907,200,0.000231777
11/1/2019,ARSON AND CRIMINAL DAMAGE,4574,12,0.009567478
11/1/2019,BURGLARY,7096,20,0.014207032
11/1/2019,DOMESTIC ABUSE,9211,10,-0.031642565
11/1/2019,DRUG OFFENCES,4056,145,-0.015310999
11/1/2019,GUN CRIME,220,7,-0.000574923
11/1/2019,HATE CRIME,5602,100,0.001753599
11/1/2019,KNIFE CRIME,2145,241,0
11/1/2019,LETHAL BARREL DISCHARGE,14,68,-0.027728331
11/1/2019,MISCELLANEOUS,4180,0,0.021518149
11/1/2019,PUBLIC ORDER OFFENCES,4389,10,0.010177696
11/1/2019,ROBBERY,3839,41,0.000150416
11/1/2019,SEXUAL OFFENCES,1755,163,-0.038640344
11/1/2019,THEFT,21261,63,0.044663436
11/1/2019,VEHICLE OFFENCES,11391,4,0.050987444
11/1/2019,VIOLENCE AGAINST THE PERSON,18911,339,0
12/1/2019,ARSON AND CRIMINAL DAMAGE,4547,20,0.005609991
12/1/2019,BURGLARY,6836,13,0
12/1/2019,DOMESTIC ABUSE,9570,15,-0.029522909
12/1/2019,DRUG OFFENCES,3510,99,0
12/1/2019,GUN CRIME,175,11,0.002079741
12/1/2019,HATE CRIME,5375,76,0.000267611
12/1/2019,KNIFE CRIME,1858,208,-0.059428006
12/1/2019,LETHAL BARREL DISCHARGE,33,84,0.036282421
12/1/2019,MISCELLANEOUS,3685,2,-0.015516269
12/1/2019,PUBLIC ORDER OFFENCES,4128,8,0
12/1/2019,ROBBERY,3366,68,-0.002245273
12/1/2019,SEXUAL OFFENCES,1529,128,-0.030670394
12/1/2019,THEFT,20203,61,-0.043042654
12/1/2019,VEHICLE OFFENCES,10972,11,0.040830675
12/1/2019,VIOLENCE AGAINST THE PERSON,18244,340,0.010422553
1/1/2020,ARSON AND CRIMINAL DAMAGE,4422,19,0.005600584
1/1/2020,BURGLARY,6992,28,-0.009917784
1/1/2020,DOMESTIC ABUSE,9362,6,0.038826415
1/1/2020,DRUG OFFENCES,4733,107,-0.005081551
1/1/2020,GUN CRIME,229,74,0.026566369
1/1/2020,HATE CRIME,4990,63,-1.41E-05
1/1/2020,KNIFE CRIME,1954,216,0.061216363
1/1/2020,LETHAL BARREL DISCHARGE,29,66,0
1/1/2020,MISCELLANEOUS,3597,0,0.019274117
1/1/2020,PUBLIC ORDER OFFENCES,4240,1,0.020093216
1/1/2020,ROBBERY,3365,60,0.001186962
1/1/2020,SEXUAL OFFENCES,1707,163,0
1/1/2020,THEFT,18840,54,0.041317914
1/1/2020,VEHICLE OFFENCES,12090,9,-0.049017962
1/1/2020,VIOLENCE AGAINST THE PERSON,18066,285,-0.003390637
2/1/2020,ARSON AND CRIMINAL DAMAGE,4341,11,0.010224707
2/1/2020,BURGLARY,6301,47,-0.002858168
2/1/2020,DOMESTIC ABUSE,8896,8,-0.035203343
2/1/2020,DRUG OFFENCES,4236,95,0
2/1/2020,GUN CRIME,164,20,0.005226117
2/1/2020,HATE CRIME,5433,70,1.71E-06
2/1/2020,KNIFE CRIME,1732,281,0.091065587
2/1/2020,LETHAL BARREL DISCHARGE,25,81,0.034386871
2/1/2020,MISCELLANEOUS,3883,1,0.018852331
2/1/2020,PUBLIC ORDER OFFENCES,4051,4,-0.015198044
2/1/2020,ROBBERY,3215,63,-0.001525931
2/1/2020,SEXUAL OFFENCES,1804,99,-0.016568014
2/1/2020,THEFT,19725,59,0.045129078
2/1/2020,VEHICLE OFFENCES,10762,8,-0.04525053
2/1/2020,VIOLENCE AGAINST THE PERSON,17279,322,0.007758901
3/1/2020,ARSON AND CRIMINAL DAMAGE,4386,11,0.007087561
3/1/2020,BURGLARY,5362,17,0
3/1/2020,DOMESTIC ABUSE,9364,12,0.028448927
3/1/2020,DRUG OFFENCES,4015,95,0
3/1/2020,GUN CRIME,166,12,0.005577846
3/1/2020,HATE CRIME,5347,40,1.59E-05
3/1/2020,KNIFE CRIME,1583,115,0
3/1/2020,LETHAL BARREL DISCHARGE,22,39,-0.029576352
3/1/2020,MISCELLANEOUS,3071,1,0.014670478
3/1/2020,PUBLIC ORDER OFFENCES,4090,4,0.013920444
3/1/2020,ROBBERY,2719,43,0.004455219
3/1/2020,SEXUAL OFFENCES,1544,48,-0.013437358
3/1/2020,THEFT,14874,42,-0.022361126
3/1/2020,VEHICLE OFFENCES,9588,11,-0.031112712
3/1/2020,VIOLENCE AGAINST THE PERSON,17657,160,0.001284606
4/1/2020,ARSON AND CRIMINAL DAMAGE,3486,8,-0.008247069
4/1/2020,BURGLARY,3666,3,0.017994705
4/1/2020,DOMESTIC ABUSE,9437,27,-0.017837717
4/1/2020,DRUG OFFENCES,5422,107,-0.026272793
4/1/2020,GUN CRIME,90,18,0
4/1/2020,HATE CRIME,4412,17,0.004472323
4/1/2020,KNIFE CRIME,964,124,-0.105994545
4/1/2020,LETHAL BARREL DISCHARGE,4,15,0.015438645
4/1/2020,MISCELLANEOUS,686,0,-0.005474755
4/1/2020,PUBLIC ORDER OFFENCES,3538,1,-0.02324454
4/1/2020,ROBBERY,1105,20,0.003704686
4/1/2020,SEXUAL OFFENCES,996,28,0.009596147
4/1/2020,THEFT,7276,33,0.004857898
4/1/2020,VEHICLE OFFENCES,6343,4,0.035029124
4/1/2020,VIOLENCE AGAINST THE PERSON,15474,77,0.008349335
5/1/2020,ARSON AND CRIMINAL DAMAGE,3903,33,0.000310646
5/1/2020,BURGLARY,3894,14,0.003294893
5/1/2020,DOMESTIC ABUSE,10586,15,-0.032736455
5/1/2020,DRUG OFFENCES,6898,97,-0.012485787
5/1/2020,GUN CRIME,160,15,0.009735787
5/1/2020,HATE CRIME,5692,28,0
5/1/2020,KNIFE CRIME,1183,84,0.052757328
5/1/2020,LETHAL BARREL DISCHARGE,21,58,0.055712063
5/1/2020,MISCELLANEOUS,810,0,0.005481016
5/1/2020,PUBLIC ORDER OFFENCES,4345,5,-0.014701433
5/1/2020,ROBBERY,1316,19,0.00231206
5/1/2020,SEXUAL OFFENCES,1277,41,-0.015604898
5/1/2020,THEFT,8969,24,-0.014003618
5/1/2020,VEHICLE OFFENCES,7275,3,-0.037644057
5/1/2020,VIOLENCE AGAINST THE PERSON,17855,94,0.004387852
6/1/2020,ARSON AND CRIMINAL DAMAGE,4341,7,0.015649249
6/1/2020,BURGLARY,4311,6,-0.016541023
6/1/2020,DOMESTIC ABUSE,10243,8,-0.048727284
6/1/2020,DRUG OFFENCES,5073,92,0.001044319
6/1/2020,GUN CRIME,177,19,-0.004677805
6/1/2020,HATE CRIME,8281,297,0
6/1/2020,KNIFE CRIME,1478,194,0.056611894
6/1/2020,LETHAL BARREL DISCHARGE,39,88,0.038208419
6/1/2020,MISCELLANEOUS,1076,0,-0.006587551
6/1/2020,PUBLIC ORDER OFFENCES,5070,19,-0.010247409
6/1/2020,ROBBERY,1716,22,-1.90E-05
6/1/2020,SEXUAL OFFENCES,1539,48,-0.003507887
6/1/2020,THEFT,11495,28,0
6/1/2020,VEHICLE OFFENCES,8107,1,0.04800951
6/1/2020,VIOLENCE AGAINST THE PERSON,19112,301,0.001078674
7/1/2020,ARSON AND CRIMINAL DAMAGE,4702,11,0
7/1/2020,BURGLARY,4959,10,-0.012030664
7/1/2020,DOMESTIC ABUSE,10915,20,0.029333748
7/1/2020,DRUG OFFENCES,5015,135,-0.01556011
7/1/2020,GUN CRIME,209,23,0
7/1/2020,HATE CRIME,8091,97,0.000342383
7/1/2020,KNIFE CRIME,1592,227,0.091052089
7/1/2020,LETHAL BARREL DISCHARGE,45,76,0
7/1/2020,MISCELLANEOUS,1838,0,0.010090118
7/1/2020,PUBLIC ORDER OFFENCES,5765,3,-0.024577576
7/1/2020,ROBBERY,2197,32,-0.0005697
7/1/2020,SEXUAL OFFENCES,1803,64,-0.010150632
7/1/2020,THEFT,15221,31,0.039156637
7/1/2020,VEHICLE OFFENCES,9026,8,0
7/1/2020,VIOLENCE AGAINST THE PERSON,20366,224,-0.000126499
8/1/2020,ARSON AND CRIMINAL DAMAGE,4681,13,0.006436706
8/1/2020,BURGLARY,4994,4,-0.017208363
8/1/2020,DOMESTIC ABUSE,11269,6,0.045789563
8/1/2020,DRUG OFFENCES,3824,98,-0.018568644
8/1/2020,GUN CRIME,205,14,0.005284971
8/1/2020,HATE CRIME,7488,82,-0.001542196
8/1/2020,KNIFE CRIME,1753,142,0.062876635
8/1/2020,LETHAL BARREL DISCHARGE,33,48,-0.030861265
8/1/2020,MISCELLANEOUS,2433,0,0.013248425
8/1/2020,MISCELLANEOUS CRIMES AGAINST SOCIETY,889,1,0.002570261
8/1/2020,POSSESSION OF WEAPONS,543,42,-0.017057284
8/1/2020,PUBLIC ORDER OFFENCES,5337,2,-0.022870652
8/1/2020,ROBBERY,2495,20,2.79E-06
8/1/2020,SEXUAL OFFENCES,1602,99,0.037742974
8/1/2020,THEFT,16048,43,0.025158643
8/1/2020,VEHICLE OFFENCES,8879,9,0
8/1/2020,VIOLENCE AGAINST THE PERSON,20230,138,-0.001536333
9/1/2020,ARSON AND CRIMINAL DAMAGE,4286,7,0.010782135
9/1/2020,BURGLARY,5180,4,0.018991015
9/1/2020,DOMESTIC ABUSE,9827,7,0.037944531
9/1/2020,DRUG OFFENCES,3789,97,0.015481653
9/1/2020,FRAUD AND FORGERY,0,26,-0.016258538
9/1/2020,GUN CRIME,201,34,0.016084182
9/1/2020,HATE CRIME,6626,49,0.000432406
9/1/2020,KNIFE CRIME,1586,111,-0.040853998
9/1/2020,LETHAL BARREL DISCHARGE,31,173,0.114492652
9/1/2020,MISCELLANEOUS,2653,0,0.014724786
9/1/2020,MISCELLANEOUS CRIMES AGAINST SOCIETY,1069,1,-0.003564407
9/1/2020,POSSESSION OF WEAPONS,586,48,0.018207674
9/1/2020,PUBLIC ORDER OFFENCES,5096,2,0.022367831
9/1/2020,ROBBERY,2582,32,0.000692156
9/1/2020,SEXUAL OFFENCES,1583,50,0
9/1/2020,THEFT,16496,32,0
9/1/2020,VEHICLE OFFENCES,10097,1,-0.053460187
9/1/2020,VIOLENCE AGAINST THE PERSON,19359,135,-0.0024604
10/1/2020,ARSON AND CRIMINAL DAMAGE,4304,2,0.016649772
10/1/2020,BURGLARY,5628,7,0.013561387
10/1/2020,DOMESTIC ABUSE,9231,4,0.037409052
10/1/2020,DRUG OFFENCES,4398,72,-0.014581937
10/1/2020,GUN CRIME,166,11,-0.006239928
10/1/2020,HATE CRIME,5777,69,0.00747999
10/1/2020,KNIFE CRIME,1483,73,0.038599436
10/1/2020,LETHAL BARREL DISCHARGE,30,43,-0.037967281
10/1/2020,MISCELLANEOUS,3413,0,0.019160932
10/1/2020,MISCELLANEOUS CRIMES AGAINST SOCIETY,925,4,0.000205938
10/1/2020,POSSESSION OF WEAPONS,589,32,-0.01704497
10/1/2020,PUBLIC ORDER OFFENCES,4549,3,-0.015542788
10/1/2020,ROBBERY,2443,36,0.005838521
10/1/2020,SEXUAL OFFENCES,1632,41,-0.013357706
10/1/2020,THEFT,16778,27,-0.035135183
10/1/2020,VEHICLE OFFENCES,10553,4,0
10/1/2020,VIOLENCE AGAINST THE PERSON,18400,134,0.001259484
11/1/2020,ARSON AND CRIMINAL DAMAGE,4167,4,0.012614857
11/1/2020,BURGLARY,5198,16,0.003711543
11/1/2020,DOMESTIC ABUSE,9124,6,-0.034589029
11/1/2020,DRUG OFFENCES,4714,63,-0.011218413
11/1/2020,GUN CRIME,163,5,0.002212386
11/1/2020,HATE CRIME,5443,23,0.001231887
11/1/2020,KNIFE CRIME,1284,60,0.036236367
11/1/2020,LETHAL BARREL DISCHARGE,21,46,-0.047557419
11/1/2020,MISCELLANEOUS,2636,0,0.016189664
11/1/2020,MISCELLANEOUS CRIMES AGAINST SOCIETY,1060,3,-0.000887996
11/1/2020,POSSESSION OF WEAPONS,595,24,-0.01291557
11/1/2020,PUBLIC ORDER OFFENCES,4166,3,0.014704733
11/1/2020,ROBBERY,2308,32,0.005822496
11/1/2020,SEXUAL OFFENCES,1518,43,0
11/1/2020,THEFT,12894,46,0.00648226
11/1/2020,VEHICLE OFFENCES,9121,7,-0.032224009
11/1/2020,VIOLENCE AGAINST THE PERSON,17953,108,-8.79E-06
12/1/2020,ARSON AND CRIMINAL DAMAGE,4038,7,0.007734298
12/1/2020,BURGLARY,4740,6,-0.012378317
12/1/2020,DOMESTIC ABUSE,9464,3,0.047835835
12/1/2020,DRUG OFFENCES,3912,79,0.029451563
12/1/2020,GUN CRIME,112,13,0.011063807
12/1/2020,HATE CRIME,4829,21,0
12/1/2020,KNIFE CRIME,1282,75,0.055735866
12/1/2020,LETHAL BARREL DISCHARGE,9,27,-0.029981277
12/1/2020,MISCELLANEOUS,3050,0,0.019879334
12/1/2020,MISCELLANEOUS CRIMES AGAINST SOCIETY,860,1,0.002333115
12/1/2020,POSSESSION OF WEAPONS,470,39,0.031287743
12/1/2020,PUBLIC ORDER OFFENCES,3794,1,0.019316914
12/1/2020,ROBBERY,1998,21,0.002271871
12/1/2020,SEXUAL OFFENCES,1250,35,0.016522399
12/1/2020,THEFT,13269,39,0.011619398
12/1/2020,VEHICLE OFFENCES,7683,5,0
12/1/2020,VIOLENCE AGAINST THE PERSON,17059,80,-0.00202693
1/1/2021,ARSON AND CRIMINAL DAMAGE,3621,5,0.012351983
1/1/2021,BURGLARY,4263,18,-0.003084835
1/1/2021,DOMESTIC ABUSE,8865,3,-0.053764425
1/1/2021,DRUG OFFENCES,4007,96,-0.027967809
1/1/2021,FRAUD AND FORGERY,0,36,0.035581119
1/1/2021,GUN CRIME,139,11,0.006696643
1/1/2021,HATE CRIME,4416,24,0.001199188
1/1/2021,KNIFE CRIME,1036,69,-0.041404065
1/1/2021,LETHAL BARREL DISCHARGE,12,19,-0.017830364
1/1/2021,MISCELLANEOUS,1744,0,-0.012931601
1/1/2021,MISCELLANEOUS CRIMES AGAINST SOCIETY,850,1,0.003138277
1/1/2021,POSSESSION OF WEAPONS,444,29,0.016576772
1/1/2021,PUBLIC ORDER OFFENCES,3348,5,-0.010782891
1/1/2021,ROBBERY,1449,39,0
1/1/2021,SEXUAL OFFENCES,1206,31,-0.009010084
1/1/2021,THEFT,9512,31,-0.013193616
1/1/2021,VEHICLE OFFENCES,7631,1,0.052295303
1/1/2021,VIOLENCE AGAINST THE PERSON,15520,101,0
2/1/2021,ARSON AND CRIMINAL DAMAGE,3530,4,0.013502079
2/1/2021,BURGLARY,4025,4,-0.01660522
2/1/2021,DOMESTIC ABUSE,8359,1,0.058644865
2/1/2021,DRUG OFFENCES,4357,65,0.00922379
2/1/2021,GUN CRIME,107,5,-0.002510373
2/1/2021,HATE CRIME,4520,32,1.86E-05
2/1/2021,KNIFE CRIME,1191,152,0
2/1/2021,LETHAL BARREL DISCHARGE,10,20,-0.019907228
2/1/2021,MISCELLANEOUS,1522,0,0.011424659
2/1/2021,MISCELLANEOUS CRIMES AGAINST SOCIETY,841,2,0.001652292
2/1/2021,POSSESSION OF WEAPONS,458,19,0.008984056
2/1/2021,PUBLIC ORDER OFFENCES,3291,1,-0.01977826
2/1/2021,ROBBERY,1326,14,-0.000570963
2/1/2021,SEXUAL OFFENCES,1305,47,0.020758804
2/1/2021,THEFT,9394,26,0.016312556
2/1/2021,VEHICLE OFFENCES,7566,2,-0.047926268
2/1/2021,VIOLENCE AGAINST THE PERSON,15359,100,0
3/1/2021,ARSON AND CRIMINAL DAMAGE,4138,8,0.010095169
3/1/2021,BURGLARY,4607,9,0.011178168
3/1/2021,DOMESTIC ABUSE,9066,7,0.038318148
3/1/2021,DRUG OFFENCES,4437,89,0.012494828
3/1/2021,GUN CRIME,147,11,-0.00477138
3/1/2021,HATE CRIME,6172,70,0.00147577
3/1/2021,KNIFE CRIME,1372,88,0.037644732
3/1/2021,LETHAL BARREL DISCHARGE,19,22,-0.015493884
3/1/2021,MISCELLANEOUS,2007,0,0.012671004
3/1/2021,MISCELLANEOUS CRIMES AGAINST SOCIETY,997,3,0.001455522
3/1/2021,POSSESSION OF WEAPONS,501,29,0.011219416
3/1/2021,PUBLIC ORDER OFFENCES,4749,2,-0.023216366
3/1/2021,ROBBERY,1636,24,-0.001488542
3/1/2021,SEXUAL OFFENCES,1933,96,0.035822092
3/1/2021,THEFT,11327,39,-0.01470336
3/1/2021,VEHICLE OFFENCES,8233,1,-0.048622376
3/1/2021,VIOLENCE AGAINST THE PERSON,18582,181,0
4/1/2021,ARSON AND CRIMINAL DAMAGE,4226,11,0
4/1/2021,BURGLARY,4125,13,-0.005857587
4/1/2021,DOMESTIC ABUSE,9182,5,-0.043458263
4/1/2021,DRUG OFFENCES,4053,70,0.006928626
4/1/2021,GUN CRIME,135,31,0.018633893
4/1/2021,HATE CRIME,6296,42,-0.000842425
4/1/2021,KNIFE CRIME,1315,137,-0.073320025
4/1/2021,LETHAL BARREL DISCHARGE,17,42,-0.030527221
4/1/2021,MISCELLANEOUS,2463,0,0.015614542
4/1/2021,MISCELLANEOUS CRIMES AGAINST SOCIETY,979,0,0.006164421
4/1/2021,POSSESSION OF WEAPONS,484,66,-0.036282623
4/1/2021,PUBLIC ORDER OFFENCES,4845,5,-0.017804468
4/1/2021,ROBBERY,1686,26,-0.001823791
4/1/2021,SEXUAL OFFENCES,1640,47,0.010355328
4/1/2021,THEFT,12993,31,0.028157981
4/1/2021,VEHICLE OFFENCES,7027,4,-0.032444437
4/1/2021,VIOLENCE AGAINST THE PERSON,18295,153,-2.96E-05
5/1/2021,ARSON AND CRIMINAL DAMAGE,4645,29,-0.00077781
5/1/2021,BURGLARY,4159,8,0
5/1/2021,DOMESTIC ABUSE,10290,2,-0.05273837
5/1/2021,DRUG OFFENCES,3708,83,-0.012640345
5/1/2021,FRAUD AND FORGERY,0,41,-0.028001774
5/1/2021,GUN CRIME,122,15,-0.007100852
5/1/2021,HATE CRIME,7788,71,0.000106616
5/1/2021,KNIFE CRIME,1311,101,-0.042951285
5/1/2021,LETHAL BARREL DISCHARGE,19,109,-0.076034961
5/1/2021,MISCELLANEOUS,2921,0,0.016709465
5/1/2021,MISCELLANEOUS CRIMES AGAINST SOCIETY,1035,1,-0.003426332
5/1/2021,POSSESSION OF WEAPONS,502,38,0.015359971
5/1/2021,PUBLIC ORDER OFFENCES,5296,1,0.026593471
5/1/2021,ROBBERY,1748,20,0.00039189
5/1/2021,SEXUAL OFFENCES,1922,47,-0.007866015
5/1/2021,THEFT,14712,33,-0.030238419
5/1/2021,VEHICLE OFFENCES,7708,1,0.04061897
5/1/2021,VIOLENCE AGAINST THE PERSON,20578,147,-0.001374192
6/1/2021,ARSON AND CRIMINAL DAMAGE,4842,11,0.007601087
6/1/2021,BURGLARY,4234,5,-0.011676986
6/1/2021,DOMESTIC ABUSE,10043,1,-0.053078014
6/1/2021,DRUG OFFENCES,3505,68,0.011928361
6/1/2021,GUN CRIME,156,19,-0.010736175
6/1/2021,HATE CRIME,7351,38,-0.00154439
6/1/2021,KNIFE CRIME,1573,132,0.072709354
6/1/2021,LETHAL BARREL DISCHARGE,28,96,-0.076248892
6/1/2021,MISCELLANEOUS,2578,0,0.014484868
6/1/2021,MISCELLANEOUS CRIMES AGAINST SOCIETY,879,1,-0.002430865
6/1/2021,POSSESSION OF WEAPONS,511,29,-0.012544967
6/1/2021,PUBLIC ORDER OFFENCES,5586,9,0.012448553
6/1/2021,ROBBERY,1891,15,-3.16E-05
6/1/2021,SEXUAL OFFENCES,2034,59,-0.016559143
6/1/2021,THEFT,15972,27,0
6/1/2021,VEHICLE OFFENCES,8011,3,-0.034968451
6/1/2021,VIOLENCE AGAINST THE PERSON,20729,140,0.000271115
7/1/2021,ARSON AND CRIMINAL DAMAGE,4682,15,0.003805027
7/1/2021,BURGLARY,4238,7,-0.008514001
7/1/2021,DOMESTIC ABUSE,10586,3,0.047541781
7/1/2021,DRUG OFFENCES,3556,60,0.009220647
7/1/2021,FRAUD AND FORGERY,0,37,-0.02952702
7/1/2021,GUN CRIME,127,5,0.001807144
7/1/2021,HATE CRIME,8159,39,0.001937118
7/1/2021,KNIFE CRIME,1546,161,0.100559104
7/1/2021,LETHAL BARREL DISCHARGE,19,7,-0.0048545
7/1/2021,MISCELLANEOUS,2773,0,-0.01513256
7/1/2021,MISCELLANEOUS CRIMES AGAINST SOCIETY,956,5,-0.000126692
7/1/2021,POSSESSION OF WEAPONS,529,31,-0.014251933
7/1/2021,PUBLIC ORDER OFFENCES,5849,5,0.018304085
7/1/2021,ROBBERY,1863,29,0.00371131
7/1/2021,SEXUAL OFFENCES,1987,35,0.005620147
7/1/2021,THEFT,16734,43,0.022105792
7/1/2021,VEHICLE OFFENCES,7836,13,0.016051744
7/1/2021,VIOLENCE AGAINST THE PERSON,21188,145,-4.88E-06
8/1/2021,ARSON AND CRIMINAL DAMAGE,4463,6,0.011815603
8/1/2021,BURGLARY,4316,5,-0.012581562
8/1/2021,DOMESTIC ABUSE,9671,2,-0.0497395
8/1/2021,DRUG OFFENCES,3433,78,-0.018677222
8/1/2021,FRAUD AND FORGERY,0,22,-0.018181071
8/1/2021,GUN CRIME,162,11,0.005458319
8/1/2021,HATE CRIME,6295,32,-0.001406251
8/1/2021,KNIFE CRIME,1416,121,0
8/1/2021,LETHAL BARREL DISCHARGE,29,35,-0.027816856
8/1/2021,MISCELLANEOUS,2803,0,0.016581217
8/1/2021,MISCELLANEOUS CRIMES AGAINST SOCIETY,837,0,-0.004909857
8/1/2021,POSSESSION OF WEAPONS,495,38,0.020215936
8/1/2021,PUBLIC ORDER OFFENCES,4695,2,-0.020504583
8/1/2021,ROBBERY,1912,18,0.000353004
8/1/2021,SEXUAL OFFENCES,1700,44,-0.011766038
8/1/2021,THEFT,16053,16,-0.054940612
8/1/2021,VEHICLE OFFENCES,8591,4,0.037435648
8/1/2021,VIOLENCE AGAINST THE PERSON,18668,179,-0.005177897
9/1/2021,ARSON AND CRIMINAL DAMAGE,4421,3,-0.014645471
9/1/2021,BURGLARY,4278,14,-0.002079871
9/1/2021,DOMESTIC ABUSE,9547,2,0.045710121
9/1/2021,DRUG OFFENCES,3185,52,0.013283602
9/1/2021,GUN CRIME,124,8,0.005219087
9/1/2021,HATE CRIME,6174,20,-0.003152498
9/1/2021,KNIFE CRIME,1600,63,-0.034996812
9/1/2021,LETHAL BARREL DISCHARGE,18,21,-0.020492542
9/1/2021,MISCELLANEOUS,3120,0,0.017905706
9/1/2021,MISCELLANEOUS CRIMES AGAINST SOCIETY,925,1,0.002291552
9/1/2021,POSSESSION OF WEAPONS,475,31,-0.020754337
9/1/2021,PUBLIC ORDER OFFENCES,4979,1,0.023472481
9/1/2021,ROBBERY,2182,24,-0.00283614
9/1/2021,SEXUAL OFFENCES,1983,68,0.035098934
9/1/2021,THEFT,16649,24,-0.036287171
9/1/2021,VEHICLE OFFENCES,8901,1,0
9/1/2021,VIOLENCE AGAINST THE PERSON,19693,167,-0.011084603
10/1/2021,ARSON AND CRIMINAL DAMAGE,4666,11,0.005540684
10/1/2021,BURGLARY,4717,34,-0.000132106
10/1/2021,DOMESTIC ABUSE,10043,5,0.037282257
10/1/2021,DRUG OFFENCES,3885,73,-0.015659434
10/1/2021,FRAUD AND FORGERY,0,28,-0.023185117
10/1/2021,GUN CRIME,133,11,-0.006096648
10/1/2021,HATE CRIME,6653,36,0.000362005
10/1/2021,KNIFE CRIME,1447,113,0
10/1/2021,LETHAL BARREL DISCHARGE,23,40,-0.032333069
10/1/2021,MISCELLANEOUS,4110,0,0.021839264
10/1/2021,MISCELLANEOUS CRIMES AGAINST SOCIETY,1025,3,0.000812939
10/1/2021,POSSESSION OF WEAPONS,560,29,-0.013563759
10/1/2021,PUBLIC ORDER OFFENCES,5098,1,-0.022685299
10/1/2021,ROBBERY,2223,21,-0.000778947
10/1/2021,SEXUAL OFFENCES,2197,92,-0.040716544
10/1/2021,THEFT,19015,22,-0.050471644
10/1/2021,VEHICLE OFFENCES,9355,1,0
10/1/2021,VIOLENCE AGAINST THE PERSON,20438,94,-0.004455307
11/1/2021,ARSON AND CRIMINAL DAMAGE,4429,10,-0.004675214
11/1/2021,BURGLARY,4817,26,-1.40E-05
11/1/2021,DOMESTIC ABUSE,9357,8,0.026761307
11/1/2021,DRUG OFFENCES,3855,56,-0.011795513
11/1/2021,FRAUD AND FORGERY,0,22,0.02148364
11/1/2021,GUN CRIME,102,12,-0.008949975
11/1/2021,HATE CRIME,6282,27,0.000803473
11/1/2021,KNIFE CRIME,1350,95,-0.066818629
11/1/2021,LETHAL BARREL DISCHARGE,11,38,0.036959215
11/1/2021,MISCELLANEOUS,4236,0,-0.023221071
11/1/2021,MISCELLANEOUS CRIMES AGAINST SOCIETY,963,3,-0.000485878
11/1/2021,POSSESSION OF WEAPONS,535,40,0.027206465
11/1/2021,PUBLIC ORDER OFFENCES,4766,0,0.026182084
11/1/2021,ROBBERY,2202,20,0.001308656
11/1/2021,SEXUAL OFFENCES,2097,43,-0.01382927
11/1/2021,THEFT,18595,21,0.047136429
11/1/2021,VEHICLE OFFENCES,9457,2,0.042819876
11/1/2021,VIOLENCE AGAINST THE PERSON,19694,97,-0.000752278
12/1/2021,ARSON AND CRIMINAL DAMAGE,4134,13,-0.001937862
12/1/2021,BURGLARY,4559,16,0.001424717
12/1/2021,DOMESTIC ABUSE,9651,2,-0.047355521
12/1/2021,DRUG OFFENCES,3427,68,-0.026508528
12/1/2021,FRAUD AND FORGERY,1,17,0.018824994
12/1/2021,GUN CRIME,164,10,0.007184779
12/1/2021,HATE CRIME,5733,35,0.000256534
12/1/2021,KNIFE CRIME,1403,49,0.028593898
12/1/2021,LETHAL BARREL DISCHARGE,17,30,0.032821251
12/1/2021,MISCELLANEOUS,3784,0,-0.022477348
12/1/2021,MISCELLANEOUS CRIMES AGAINST SOCIETY,862,1,0.00199089
12/1/2021,POSSESSION OF WEAPONS,496,16,-0.008560808
12/1/2021,PUBLIC ORDER OFFENCES,4145,0,-0.024660379
12/1/2021,ROBBERY,1904,21,-0.003159102
12/1/2021,SEXUAL OFFENCES,1649,62,0.038274312
12/1/2021,THEFT,16650,27,-0.031250936
12/1/2021,VEHICLE OFFENCES,8499,2,-0.040478954
12/1/2021,VIOLENCE AGAINST THE PERSON,18469,87,0.000701908
1/1/2022,ARSON AND CRIMINAL DAMAGE,4240,4,-0.012225509
1/1/2022,BURGLARY,4716,7,0.009632898
1/1/2022,DOMESTIC ABUSE,9671,0,-0.058409194
1/1/2022,DRUG OFFENCES,4325,62,0
1/1/2022,FRAUD AND FORGERY,0,21,0.021195808
1/1/2022,GUN CRIME,87,7,0.004831305
1/1/2022,HATE CRIME,5435,41,-0.000928984
1/1/2022,KNIFE CRIME,1466,96,0.067597209
1/1/2022,LETHAL BARREL DISCHARGE,7,24,0.02388507
1/1/2022,MISCELLANEOUS,3639,0,0.021402948
1/1/2022,MISCELLANEOUS CRIMES AGAINST SOCIETY,933,2,-0.001191345
1/1/2022,POSSESSION OF WEAPONS,560,26,-0.014795122
1/1/2022,PUBLIC ORDER OFFENCES,3967,0,0.023365021
1/1/2022,ROBBERY,1979,19,-0.001364852
1/1/2022,SEXUAL OFFENCES,1808,69,0.037108621
1/1/2022,THEFT,16081,28,0
1/1/2022,VEHICLE OFFENCES,8897,1,0.047357199
1/1/2022,VIOLENCE AGAINST THE PERSON,18521,96,0.000625875
2/1/2022,ARSON AND CRIMINAL DAMAGE,3818,9,0.00539892
2/1/2022,BURGLARY,4174,6,0.010151389
2/1/2022,DOMESTIC ABUSE,8874,3,-0.042471525
2/1/2022,DRUG OFFENCES,3854,45,0.003971164
2/1/2022,FRAUD AND FORGERY,0,31,0.029150249
2/1/2022,GUN CRIME,119,12,0.007941266
2/1/2022,HATE CRIME,5360,57,0.003780419
2/1/2022,KNIFE CRIME,1294,83,0.050396099
2/1/2022,LETHAL BARREL DISCHARGE,13,22,-0.019893271
2/1/2022,MISCELLANEOUS,3689,0,0.022664148
2/1/2022,MISCELLANEOUS CRIMES AGAINST SOCIETY,926,1,0.002704006
2/1/2022,POSSESSION OF WEAPONS,527,45,0.029168957
2/1/2022,PUBLIC ORDER OFFENCES,4018,2,-0.016892668
2/1/2022,ROBBERY,1902,23,0.002170986
2/1/2022,SEXUAL OFFENCES,1786,67,-0.030494837
2/1/2022,THEFT,16396,19,-0.050922691
2/1/2022,VEHICLE OFFENCES,7915,3,0.036683815
2/1/2022,VIOLENCE AGAINST THE PERSON,18058,115,-4.53E-05
3/1/2022,ARSON AND CRIMINAL DAMAGE,4317,7,-0.006304476
3/1/2022,BURGLARY,4428,18,-0.000366404
3/1/2022,DOMESTIC ABUSE,9637,10,0.022631196
3/1/2022,DRUG OFFENCES,4099,61,0
3/1/2022,FRAUD AND FORGERY,0,14,-0.015186716
3/1/2022,GUN CRIME,109,9,-0.007056479
3/1/2022,HATE CRIME,6430,33,0
3/1/2022,KNIFE CRIME,1363,52,-0.032175769
3/1/2022,LETHAL BARREL DISCHARGE,12,18,-0.019024794
3/1/2022,MISCELLANEOUS,4311,1,-0.018352023
3/1/2022,MISCELLANEOUS CRIMES AGAINST SOCIETY,1122,1,-0.002788737
3/1/2022,POSSESSION OF WEAPONS,569,40,0.030923183
3/1/2022,PUBLIC ORDER OFFENCES,4773,4,0.012611357
3/1/2022,ROBBERY,1976,19,-0.002304979
3/1/2022,SEXUAL OFFENCES,2046,47,0.020912863
3/1/2022,THEFT,18696,25,0.037538766
3/1/2022,VEHICLE OFFENCES,8889,4,0.032298848
3/1/2022,VIOLENCE AGAINST THE PERSON,19892,103,4.30E-05
4/1/2022,ARSON AND CRIMINAL DAMAGE,4454,8,0.00811342
4/1/2022,BURGLARY,3894,6,-0.008230934
4/1/2022,DOMESTIC ABUSE,9289,1,-0.049956499
4/1/2022,DRUG OFFENCES,3274,54,-0.010779113
4/1/2022,FRAUD AND FORGERY,0,43,-0.040313833
4/1/2022,GUN CRIME,121,14,0.009594248
4/1/2022,HATE CRIME,5889,20,-0.003680136
4/1/2022,KNIFE CRIME,1319,77,-0.044855786
4/1/2022,LETHAL BARREL DISCHARGE,10,26,-0.023565148
4/1/2022,MISCELLANEOUS,3844,0,0.022546293
4/1/2022,MISCELLANEOUS CRIMES AGAINST SOCIETY,896,1,-0.002389589
4/1/2022,POSSESSION OF WEAPONS,537,37,0.022158419
4/1/2022,PUBLIC ORDER OFFENCES,4383,1,-0.020940063
4/1/2022,ROBBERY,1852,30,0.00564092
4/1/2022,SEXUAL OFFENCES,1767,72,-0.034986772
4/1/2022,THEFT,18000,37,0.031203242
4/1/2022,VEHICLE OFFENCES,8450,0,0.050567906
4/1/2022,VIOLENCE AGAINST THE PERSON,18663,122,4.91E-05
5/1/2022,ARSON AND CRIMINAL DAMAGE,4546,6,-0.009653
5/1/2022,BURGLARY,4405,6,0
5/1/2022,DOMESTIC ABUSE,9873,4,0.038505565
5/1/2022,DRUG OFFENCES,3903,79,-0.021607505
5/1/2022,GUN CRIME,153,25,0.01785487
5/1/2022,HATE CRIME,6430,32,0.000453693
5/1/2022,KNIFE CRIME,1527,72,0.03684028
5/1/2022,LETHAL BARREL DISCHARGE,19,26,-0.022155764
5/1/2022,MISCELLANEOUS,4042,0,0
5/1/2022,MISCELLANEOUS CRIMES AGAINST SOCIETY,1067,4,0.000369814
5/1/2022,POSSESSION OF WEAPONS,541,39,0.023027714
5/1/2022,PUBLIC ORDER OFFENCES,5097,1,-0.022629337
5/1/2022,ROBBERY,2379,11,0.000293537
5/1/2022,SEXUAL OFFENCES,2107,101,-0.053549727
5/1/2022,THEFT,19202,22,0
5/1/2022,VEHICLE OFFENCES,8605,5,0.029662324
5/1/2022,VIOLENCE AGAINST THE PERSON,21068,142,0
6/1/2022,ARSON AND CRIMINAL DAMAGE,4434,13,-0.003366969
6/1/2022,BURGLARY,4095,10,0.004405178
6/1/2022,DOMESTIC ABUSE,9635,4,0.038610355
6/1/2022,DRUG OFFENCES,3572,59,0.012210971
6/1/2022,FRAUD AND FORGERY,0,30,-0.027169113
6/1/2022,GUN CRIME,130,23,0.016955856
6/1/2022,HATE CRIME,6306,26,0.001670072
6/1/2022,KNIFE CRIME,1519,54,0.023594494
6/1/2022,LETHAL BARREL DISCHARGE,23,41,0.036319986
6/1/2022,MISCELLANEOUS,3726,0,0.020534489
6/1/2022,MISCELLANEOUS CRIMES AGAINST SOCIETY,1009,1,-0.002671219
6/1/2022,POSSESSION OF WEAPONS,557,28,-0.014433553
6/1/2022,PUBLIC ORDER OFFENCES,5072,3,-0.017664714
6/1/2022,ROBBERY,2320,33,-0.005152411
6/1/2022,SEXUAL OFFENCES,1967,77,0.036508972
6/1/2022,THEFT,18951,26,0
6/1/2022,VEHICLE OFFENCES,8775,6,0.029399622
6/1/2022,VIOLENCE AGAINST THE PERSON,19986,129,0.00015165
7/1/2022,ARSON AND CRIMINAL DAMAGE,4641,27,-0.000165876
7/1/2022,BURGLARY,3691,6,0.005305883
7/1/2022,DOMESTIC ABUSE,10315,3,0
7/1/2022,DRUG OFFENCES,3757,49,-0.010701315
7/1/2022,GUN CRIME,175,8,-0.004871658
7/1/2022,HATE CRIME,6672,21,-0.002467096
7/1/2022,KNIFE CRIME,1615,70,0
7/1/2022,LETHAL BARREL DISCHARGE,28,42,0
7/1/2022,MISCELLANEOUS,3881,0,0
7/1/2022,MISCELLANEOUS CRIMES AGAINST SOCIETY,1069,5,1.54E-05
7/1/2022,POSSESSION OF WEAPONS,520,24,0.014915734
7/1/2022,PUBLIC ORDER OFFENCES,5243,2,0.019288708
7/1/2022,ROBBERY,2342,19,0.001231136
7/1/2022,SEXUAL OFFENCES,2164,65,-0.033775063
7/1/2022,THEFT,19749,34,0
7/1/2022,VEHICLE OFFENCES,8694,4,0
7/1/2022,VIOLENCE AGAINST THE PERSON,20731,108,1.86E-05
8/1/2022,ARSON AND CRIMINAL DAMAGE,4560,22,-0.000534635
8/1/2022,BURGLARY,4116,4,-0.011335597
8/1/2022,DOMESTIC ABUSE,10108,6,-0.036330761
8/1/2022,DRUG OFFENCES,3719,47,0
8/1/2022,FRAUD AND FORGERY,0,32,0.028451195
8/1/2022,GUN CRIME,189,17,0.010494315
8/1/2022,HATE CRIME,6157,15,-0.006951772
8/1/2022,KNIFE CRIME,1625,165,0.119505365
8/1/2022,LETHAL BARREL DISCHARGE,39,44,-0.037736497
8/1/2022,MISCELLANEOUS,3147,0,0.017283521
8/1/2022,MISCELLANEOUS CRIMES AGAINST SOCIETY,1062,5,-0.000142661
8/1/2022,POSSESSION OF WEAPONS,565,34,0.018535216
8/1/2022,PUBLIC ORDER OFFENCES,5036,1,0.023099571
8/1/2022,ROBBERY,2244,7,-0.00151199
8/1/2022,SEXUAL OFFENCES,1919,29,-0.004764829
8/1/2022,THEFT,18817,29,0
8/1/2022,VEHICLE OFFENCES,8966,6,-0.030545535
8/1/2022,VIOLENCE AGAINST THE PERSON,19912,111,0.000567535
9/1/2022,ARSON AND CRIMINAL DAMAGE,4122,4,0.011632266
9/1/2022,BURGLARY,4395,5,0
9/1/2022,DOMESTIC ABUSE,9285,2,0.045428029
9/1/2022,DRUG OFFENCES,3108,39,0.006077086
9/1/2022,FRAUD AND FORGERY,3,17,-0.017066063
9/1/2022,GUN CRIME,131,35,0.031403912
9/1/2022,HATE CRIME,5270,27,0.000162715
9/1/2022,KNIFE CRIME,1568,73,-0.044219301
9/1/2022,LETHAL BARREL DISCHARGE,22,83,-0.087350743
9/1/2022,MISCELLANEOUS,2909,0,-0.017073441
9/1/2022,MISCELLANEOUS CRIMES AGAINST SOCIETY,918,0,-0.005342589
9/1/2022,POSSESSION OF WEAPONS,521,50,-0.038084679
9/1/2022,PUBLIC ORDER OFFENCES,4415,3,-0.015110163
9/1/2022,ROBBERY,2081,12,-5.01E-08
9/1/2022,SEXUAL OFFENCES,1884,32,0.008173628
9/1/2022,THEFT,17557,24,-0.042266731
9/1/2022,VEHICLE OFFENCES,9144,3,-0.041025982
9/1/2022,VIOLENCE AGAINST THE PERSON,18912,90,0.001710785
10/1/2022,ARSON AND CRIMINAL DAMAGE,4522,4,-0.011964527
10/1/2022,BURGLARY,4584,8,0.0068785
10/1/2022,DOMESTIC ABUSE,9812,1,-0.047005532
10/1/2022,DRUG OFFENCES,3488,45,0.006851113
10/1/2022,FRAUD AND FORGERY,0,9,-0.008185591
10/1/2022,GUN CRIME,207,11,0.006004696
10/1/2022,HATE CRIME,5795,28,-0.000301919
10/1/2022,KNIFE CRIME,1940,104,0
10/1/2022,LETHAL BARREL DISCHARGE,26,63,0.0582002
10/1/2022,MISCELLANEOUS,4818,3,-0.015212944
10/1/2022,MISCELLANEOUS CRIMES AGAINST SOCIETY,1016,3,0.000601531
10/1/2022,POSSESSION OF WEAPONS,541,28,-0.015343784
10/1/2022,PUBLIC ORDER OFFENCES,4696,0,-0.024739343
10/1/2022,ROBBERY,2634,20,-0.000467019
10/1/2022,SEXUAL OFFENCES,1938,69,0
10/1/2022,THEFT,21127,36,0
10/1/2022,VEHICLE OFFENCES,9718,4,-0.036435223
10/1/2022,VIOLENCE AGAINST THE PERSON,19753,117,5.55E-05
11/1/2022,ARSON AND CRIMINAL DAMAGE,4325,6,-0.008288078
11/1/2022,BURGLARY,4728,7,-0.008534677
11/1/2022,DOMESTIC ABUSE,9177,3,0
11/1/2022,DRUG OFFENCES,3489,57,0.013702745
11/1/2022,FRAUD AND FORGERY,0,18,0.01703007
11/1/2022,GUN CRIME,112,9,0.005900143
11/1/2022,HATE CRIME,5591,53,0.004012416
11/1/2022,KNIFE CRIME,1616,106,0.071234438
11/1/2022,LETHAL BARREL DISCHARGE,11,25,0
11/1/2022,MISCELLANEOUS,4821,0,-0.025926163
11/1/2022,MISCELLANEOUS CRIMES AGAINST SOCIETY,968,0,-0.005128348
11/1/2022,POSSESSION OF WEAPONS,493,25,-0.014090132
11/1/2022,PUBLIC ORDER OFFENCES,4488,7,0
11/1/2022,ROBBERY,2424,10,-0.000397892
11/1/2022,SEXUAL OFFENCES,1911,59,-0.026266018
11/1/2022,THEFT,21659,21,0.060921859
11/1/2022,VEHICLE OFFENCES,9535,2,-0.042359715
11/1/2022,VIOLENCE AGAINST THE PERSON,19379,127,0.001128243
12/1/2022,ARSON AND CRIMINAL DAMAGE,3997,2,0.013473951
12/1/2022,BURGLARY,4458,5,0.008793074
12/1/2022,DOMESTIC ABUSE,9565,4,-0.035829312
12/1/2022,DRUG OFFENCES,2892,42,-0.016914746
12/1/2022,FRAUD AND FORGERY,3,18,0.023720918
12/1/2022,GUN CRIME,118,7,0.006334623
12/1/2022,HATE CRIME,4751,37,-0.004779967
12/1/2022,KNIFE CRIME,1453,61,0.052444446
12/1/2022,LETHAL BARREL DISCHARGE,19,16,-0.020338506
12/1/2022,MISCELLANEOUS,5061,1,0.02283987
12/1/2022,MISCELLANEOUS CRIMES AGAINST SOCIETY,817,4,-2.53E-05
12/1/2022,POSSESSION OF WEAPONS,377,15,0.011862456
12/1/2022,PUBLIC ORDER OFFENCES,3827,2,0.012635684
12/1/2022,ROBBERY,2255,13,-0.000436402
12/1/2022,SEXUAL OFFENCES,1596,46,-0.032400499
12/1/2022,THEFT,21066,27,-0.04106662
12/1/2022,VEHICLE OFFENCES,8004,0,-0.046985017
12/1/2022,VIOLENCE AGAINST THE PERSON,17842,83,0
1/1/2023,ARSON AND CRIMINAL DAMAGE,4228,13,-0.005055407
1/1/2023,BURGLARY,4995,10,0.009931628
1/1/2023,DOMESTIC ABUSE,9667,6,0.037211463
1/1/2023,DRUG OFFENCES,3782,70,-0.007570781
1/1/2023,FRAUD AND FORGERY,0,24,0
1/1/2023,GUN CRIME,176,18,-0.007857069
1/1/2023,HATE CRIME,5156,43,-5.13E-07
1/1/2023,KNIFE CRIME,1623,74,-0.022780636
1/1/2023,LETHAL BARREL DISCHARGE,25,101,0
1/1/2023,MISCELLANEOUS,4968,0,-0.027210727
1/1/2023,MISCELLANEOUS CRIMES AGAINST SOCIETY,1008,1,0.003104011
1/1/2023,POSSESSION OF WEAPONS,580,39,-0.014600045
1/1/2023,PUBLIC ORDER OFFENCES,4054,2,0.016176722
1/1/2023,ROBBERY,2545,45,-0.004326306
1/1/2023,SEXUAL OFFENCES,1833,136,0.056847628
1/1/2023,THEFT,20643,26,0.063155342
1/1/2023,VEHICLE OFFENCES,9070,7,-0.032354147
1/1/2023,VIOLENCE AGAINST THE PERSON,18740,156,1.19E-06
2/1/2023,ARSON AND CRIMINAL DAMAGE,4050,5,0.009323668
2/1/2023,BURGLARY,4439,8,0.007038692
2/1/2023,DOMESTIC ABUSE,8690,2,0
2/1/2023,DRUG OFFENCES,3121,46,-0.009650784
2/1/2023,FRAUD AND FORGERY,1,16,0.015862483
2/1/2023,GUN CRIME,139,14,0.01027706
2/1/2023,HATE CRIME,5184,22,0.000875109
2/1/2023,KNIFE CRIME,1691,61,0.031403241
2/1/2023,LETHAL BARREL DISCHARGE,17,33,-0.032412515
2/1/2023,MISCELLANEOUS,5241,1,0.024938368
2/1/2023,MISCELLANEOUS CRIMES AGAINST SOCIETY,934,1,0.002346674
2/1/2023,POSSESSION OF WEAPONS,474,30,0.019433276
2/1/2023,PUBLIC ORDER OFFENCES,4027,5,-0.009226806
2/1/2023,ROBBERY,2604,25,-0.001886702
2/1/2023,SEXUAL OFFENCES,1696,111,-0.078916651
2/1/2023,THEFT,20042,26,0
2/1/2023,VEHICLE OFFENCES,8145,7,0.024563012
2/1/2023,VIOLENCE AGAINST THE PERSON,17972,95,-0.000299296
3/1/2023,ARSON AND CRIMINAL DAMAGE,4421,15,0.002877449
3/1/2023,BURGLARY,4660,4,0.013865787
3/1/2023,DOMESTIC ABUSE,9320,11,-0.023776808
3/1/2023,DRUG OFFENCES,3292,72,-0.016867717
3/1/2023,FRAUD AND FORGERY,0,16,-0.01261414
3/1/2023,GUN CRIME,129,29,0
3/1/2023,HATE CRIME,5724,38,1.70E-06
3/1/2023,KNIFE CRIME,1607,58,0.021085233
3/1/2023,LETHAL BARREL DISCHARGE,14,44,-0.034569639
3/1/2023,MISCELLANEOUS,4906,0,0.026248056
3/1/2023,MISCELLANEOUS CRIMES AGAINST SOCIETY,1031,1,0.002823183
3/1/2023,POSSESSION OF WEAPONS,563,43,0.022441142
3/1/2023,PUBLIC ORDER OFFENCES,4659,3,0.015697826
3/1/2023,ROBBERY,2528,62,-0.016312259
3/1/2023,SEXUAL OFFENCES,1941,79,0.031640678
3/1/2023,THEFT,22038,43,0.040179214
3/1/2023,VEHICLE OFFENCES,8765,0,-0.047618566
3/1/2023,VIOLENCE AGAINST THE PERSON,19639,122,-0.000275527
4/1/2023,ARSON AND CRIMINAL DAMAGE,4410,25,0.00063627
4/1/2023,BURGLARY,4387,21,-0.001467137
4/1/2023,DOMESTIC ABUSE,9976,5,0
4/1/2023,DRUG OFFENCES,3061,74,-0.015504482
4/1/2023,GUN CRIME,141,17,0.008841268
4/1/2023,HATE CRIME,5790,49,-0.000167436
4/1/2023,KNIFE CRIME,1617,94,0.039551688
4/1/2023,LETHAL BARREL DISCHARGE,17,77,-0.056500571
4/1/2023,MISCELLANEOUS,5147,1,-0.024226377
4/1/2023,MISCELLANEOUS CRIMES AGAINST SOCIETY,875,1,0.002396571
4/1/2023,POSSESSION OF WEAPONS,534,41,-0.018726136
4/1/2023,PUBLIC ORDER OFFENCES,4416,2,0.017713036
4/1/2023,ROBBERY,2493,29,0.001167279
4/1/2023,SEXUAL OFFENCES,1731,101,-0.042807227
4/1/2023,THEFT,20855,41,-0.043445046
4/1/2023,VEHICLE OFFENCES,7901,2,0
4/1/2023,VIOLENCE AGAINST THE PERSON,19259,119,0.001675111
5/1/2023,ARSON AND CRIMINAL DAMAGE,4985,7,-0.012558885
5/1/2023,BURGLARY,4533,7,0
5/1/2023,DOMESTIC ABUSE,10202,4,-0.04125826
5/1/2023,DRUG OFFENCES,3183,95,-0.015871858
5/1/2023,FRAUD AND FORGERY,0,48,0
5/1/2023,GUN CRIME,140,32,0.014216579
5/1/2023,HATE CRIME,6738,31,0.004082664
5/1/2023,KNIFE CRIME,1731,181,0
5/1/2023,LETHAL BARREL DISCHARGE,24,87,-0.048389584
5/1/2023,MISCELLANEOUS,5104,1,-0.022409661
5/1/2023,MISCELLANEOUS CRIMES AGAINST SOCIETY,869,3,-0.000888743
5/1/2023,POSSESSION OF WEAPONS,522,69,-0.027537192
5/1/2023,PUBLIC ORDER OFFENCES,5241,2,-0.020849311
5/1/2023,ROBBERY,2824,12,0.001994844
5/1/2023,SEXUAL OFFENCES,2098,106,-0.028286647
5/1/2023,THEFT,22974,38,0
5/1/2023,VEHICLE OFFENCES,8634,9,0
5/1/2023,VIOLENCE AGAINST THE PERSON,21303,179,-0.000224756
6/1/2023,ARSON AND CRIMINAL DAMAGE,4963,7,-0.011534896
6/1/2023,BURGLARY,4391,24,0.001078188
6/1/2023,DOMESTIC ABUSE,10706,1,0
6/1/2023,DRUG OFFENCES,3436,79,0.011333069
6/1/2023,FRAUD AND FORGERY,0,29,-0.017313642
6/1/2023,GUN CRIME,149,25,0.011398308
6/1/2023,HATE CRIME,6946,37,0.001943139
6/1/2023,KNIFE CRIME,1786,167,-0.07027318
6/1/2023,LETHAL BARREL DISCHARGE,14,61,0
6/1/2023,MISCELLANEOUS,4695,0,-0.023128835
6/1/2023,MISCELLANEOUS CRIMES AGAINST SOCIETY,858,6,3.63E-05
6/1/2023,POSSESSION OF WEAPONS,614,50,0.018635144
6/1/2023,PUBLIC ORDER OFFENCES,5608,8,0.012983017
6/1/2023,ROBBERY,2779,21,-3.35E-05
6/1/2023,SEXUAL OFFENCES,1992,107,0.033884141
6/1/2023,THEFT,23608,35,0.059064389
6/1/2023,VEHICLE OFFENCES,8160,6,0.026404373
6/1/2023,VIOLENCE AGAINST THE PERSON,22496,185,-3.35E-08
7/1/2023,ARSON AND CRIMINAL DAMAGE,5039,13,-0.006568163
7/1/2023,BURGLARY,4954,14,0.005706098
7/1/2023,DOMESTIC ABUSE,10466,4,-0.040790661
7/1/2023,DRUG OFFENCES,3490,102,0.021684852
7/1/2023,FRAUD AND FORGERY,0,18,0.011131895
7/1/2023,GUN CRIME,141,30,-0.01505899
7/1/2023,HATE CRIME,6770,37,0.001444722
7/1/2023,KNIFE CRIME,1851,147,-0.060925042
7/1/2023,LETHAL BARREL DISCHARGE,13,38,0.023144927
7/1/2023,MISCELLANEOUS,4537,0,-0.02242723
7/1/2023,MISCELLANEOUS CRIMES AGAINST SOCIETY,817,0,0.003985327
7/1/2023,POSSESSION OF WEAPONS,638,53,0.021063849
7/1/2023,PUBLIC ORDER OFFENCES,5385,4,0
7/1/2023,ROBBERY,2753,34,-0.001225869
7/1/2023,SEXUAL OFFENCES,2024,97,0.030394951
7/1/2023,THEFT,23610,44,-0.048743717
7/1/2023,VEHICLE OFFENCES,8379,4,0
7/1/2023,VIOLENCE AGAINST THE PERSON,21929,176,7.37E-06
8/1/2023,ARSON AND CRIMINAL DAMAGE,4890,21,-0.002868049
8/1/2023,BURGLARY,5486,16,0.006707387
8/1/2023,DOMESTIC ABUSE,10053,4,-0.040781429
8/1/2023,DRUG OFFENCES,3673,83,0.01201357
8/1/2023,FRAUD AND FORGERY,2,29,0.017865373
8/1/2023,GUN CRIME,148,7,0.001987631
8/1/2023,HATE CRIME,6469,69,0.000938976
8/1/2023,KNIFE CRIME,1888,188,0.085160651
8/1/2023,LETHAL BARREL DISCHARGE,18,43,0.026040207
8/1/2023,MISCELLANEOUS,4424,1,0
8/1/2023,MISCELLANEOUS CRIMES AGAINST SOCIETY,836,0,-0.004243822
8/1/2023,POSSESSION OF WEAPONS,595,23,-0.005698654
8/1/2023,PUBLIC ORDER OFFENCES,4892,10,-0.008956308
8/1/2023,ROBBERY,2540,20,1.11E-05
8/1/2023,SEXUAL OFFENCES,1862,76,0.020394191
8/1/2023,THEFT,22202,79,-0.022437944
8/1/2023,VEHICLE OFFENCES,8350,1,0.039549174
8/1/2023,VIOLENCE AGAINST THE PERSON,20470,147,0
9/1/2023,ARSON AND CRIMINAL DAMAGE,5013,12,-0.00882038
9/1/2023,BURGLARY,6016,27,-0.004325439
9/1/2023,DOMESTIC ABUSE,10016,8,-0.034244794
9/1/2023,DRUG OFFENCES,3211,84,0.010473363
9/1/2023,FRAUD AND FORGERY,1,25,0.013169492
9/1/2023,GUN CRIME,174,46,0.019955421
9/1/2023,HATE CRIME,6681,30,-0.004822256
9/1/2023,KNIFE CRIME,1831,202,-0.076750301
9/1/2023,LETHAL BARREL DISCHARGE,12,54,-0.028337903
9/1/2023,MISCELLANEOUS,4627,0,-0.023362018
9/1/2023,MISCELLANEOUS CRIMES AGAINST SOCIETY,844,2,-0.001462837
9/1/2023,POSSESSION OF WEAPONS,507,93,0.038399188
9/1/2023,PUBLIC ORDER OFFENCES,5302,4,0.018061295
9/1/2023,ROBBERY,2760,20,-0.000317992
9/1/2023,SEXUAL OFFENCES,2058,105,0.025947008
9/1/2023,THEFT,21757,55,0
9/1/2023,VEHICLE OFFENCES,8843,4,0.035027152
9/1/2023,VIOLENCE AGAINST THE PERSON,21055,183,-0.000334748
10/1/2023,ARSON AND CRIMINAL DAMAGE,4610,18,0
10/1/2023,BURGLARY,5796,18,-0.008307453
10/1/2023,DOMESTIC ABUSE,8974,8,-0.030199905
10/1/2023,DRUG OFFENCES,2794,75,0.008410848
10/1/2023,FRAUD AND FORGERY,1,33,-0.01658838
10/1/2023,GUN CRIME,111,29,0.011726966
10/1/2023,HATE CRIME,8610,120,0.002206561
10/1/2023,KNIFE CRIME,1521,128,0.038929369
10/1/2023,LETHAL BARREL DISCHARGE,25,41,0.019767535
10/1/2023,MISCELLANEOUS,5448,0,-0.027791731
10/1/2023,MISCELLANEOUS CRIMES AGAINST SOCIETY,785,0,-0.003936354
10/1/2023,POSSESSION OF WEAPONS,454,63,0.022314809
10/1/2023,PUBLIC ORDER OFFENCES,4861,5,0.015187586
10/1/2023,ROBBERY,2622,31,-0.000142863
10/1/2023,SEXUAL OFFENCES,1752,83,-0.017432362
10/1/2023,THEFT,23130,55,-0.048790002
10/1/2023,VEHICLE OFFENCES,8786,4,0.035418982
10/1/2023,VIOLENCE AGAINST THE PERSON,19715,292,0.008670993
11/1/2023,ARSON AND CRIMINAL DAMAGE,4592,12,-0.005010043
11/1/2023,BURGLARY,6680,15,-0.009006675
11/1/2023,DOMESTIC ABUSE,8919,6,0
11/1/2023,DRUG OFFENCES,2884,71,0.014001264
11/1/2023,FRAUD AND FORGERY,1,29,-0.018736978
11/1/2023,GUN CRIME,156,27,-0.013797897
11/1/2023,HATE CRIME,8618,157,-0.0222668
11/1/2023,KNIFE CRIME,1951,60,0.014654729
11/1/2023,LETHAL BARREL DISCHARGE,12,35,-0.022237853
11/1/2023,MISCELLANEOUS,7689,0,0
11/1/2023,MISCELLANEOUS CRIMES AGAINST SOCIETY,776,9,-0.00035801
11/1/2023,POSSESSION OF WEAPONS,424,35,-0.014769149
11/1/2023,PUBLIC ORDER OFFENCES,4883,14,0.004629086
11/1/2023,ROBBERY,3087,25,-6.23E-05
11/1/2023,SEXUAL OFFENCES,1747,53,0.01271954
11/1/2023,THEFT,26061,53,-0.044365978
11/1/2023,VEHICLE OFFENCES,8903,10,-0.021674528
11/1/2023,VIOLENCE AGAINST THE PERSON,19880,171,-0.001244017
12/1/2023,ARSON AND CRIMINAL DAMAGE,4706,36,5.72E-05
12/1/2023,BURGLARY,7295,13,0
12/1/2023,DOMESTIC ABUSE,9947,5,-0.034372411
12/1/2023,DRUG OFFENCES,2608,86,0.024762881
12/1/2023,FRAUD AND FORGERY,2,23,0.015611293
12/1/2023,GUN CRIME,146,16,-0.007790548
12/1/2023,HATE CRIME,6927,59,0.000498386
12/1/2023,KNIFE CRIME,1914,134,0.060958728
12/1/2023,LETHAL BARREL DISCHARGE,15,68,0.046838852
12/1/2023,MISCELLANEOUS,7485,1,0.032440185
12/1/2023,MISCELLANEOUS CRIMES AGAINST SOCIETY,656,0,0.00313566
12/1/2023,POSSESSION OF WEAPONS,452,43,0.020436717
12/1/2023,PUBLIC ORDER OFFENCES,4506,4,0.012234556
12/1/2023,ROBBERY,3139,35,0.001475301
12/1/2023,SEXUAL OFFENCES,1711,33,0.005068775
12/1/2023,THEFT,24672,49,0
12/1/2023,VEHICLE OFFENCES,8361,5,-0.027152416
12/1/2023,VIOLENCE AGAINST THE PERSON,20298,130,0
1/1/2024,ARSON AND CRIMINAL DAMAGE,4793,22,0.001538545
1/1/2024,BURGLARY,6886,10,-0.015144019
1/1/2024,DOMESTIC ABUSE,9287,1,0.043709572
1/1/2024,DRUG OFFENCES,2956,63,0.01113842
1/1/2024,FRAUD AND FORGERY,0,21,-0.014595598
1/1/2024,GUN CRIME,144,8,-0.003016673
1/1/2024,HATE CRIME,6276,49,-5.75E-05
1/1/2024,KNIFE CRIME,1749,186,-0.101583995
1/1/2024,LETHAL BARREL DISCHARGE,22,49,-0.033582239
1/1/2024,MISCELLANEOUS,6539,0,-0.033619764
1/1/2024,MISCELLANEOUS CRIMES AGAINST SOCIETY,786,1,0.001832861
1/1/2024,POSSESSION OF WEAPONS,484,72,-0.039481586
1/1/2024,PUBLIC ORDER OFFENCES,4146,1,0.017401625
1/1/2024,ROBBERY,2908,29,0.00062181
1/1/2024,SEXUAL OFFENCES,1723,54,-0.01439193
1/1/2024,THEFT,22694,43,0
1/1/2024,VEHICLE OFFENCES,8806,2,-0.038054584
1/1/2024,VIOLENCE AGAINST THE PERSON,19431,116,0.001557803
2/1/2024,ARSON AND CRIMINAL DAMAGE,4503,18,-0.004001617
2/1/2024,BURGLARY,6220,10,0
2/1/2024,DOMESTIC ABUSE,8662,0,-0.045216226
2/1/2024,DRUG OFFENCES,2786,69,-0.008261192
2/1/2024,FRAUD AND FORGERY,2,28,-0.015191615
2/1/2024,GUN CRIME,171,14,0.004444022
2/1/2024,HATE CRIME,6050,79,0
2/1/2024,KNIFE CRIME,1729,103,0.029222616
2/1/2024,LETHAL BARREL DISCHARGE,5,27,0.014506983
2/1/2024,MISCELLANEOUS,7061,0,-0.036632893
2/1/2024,MISCELLANEOUS CRIMES AGAINST SOCIETY,703,1,0.001794841
2/1/2024,POSSESSION OF WEAPONS,446,32,0.009636631
2/1/2024,PUBLIC ORDER OFFENCES,4395,8,0.009752017
2/1/2024,ROBBERY,2676,29,0.000118114
2/1/2024,SEXUAL OFFENCES,1820,67,-0.012952794
2/1/2024,THEFT,24437,49,0
2/1/2024,VEHICLE OFFENCES,8032,8,-0.025375281
2/1/2024,VIOLENCE AGAINST THE PERSON,19250,383,0.041750951
3/1/2024,ARSON AND CRIMINAL DAMAGE,4521,20,0.001969506
3/1/2024,BURGLARY,7246,19,-0.009248601
3/1/2024,DOMESTIC ABUSE,8072,3,-0.031766094
3/1/2024,DRUG OFFENCES,2712,77,-0.016787626
3/1/2024,FRAUD AND FORGERY,27,22,-0.013303974
3/1/2024,GUN CRIME,183,23,0.010810957
3/1/2024,HATE CRIME,5231,71,0.00423981
3/1/2024,KNIFE CRIME,1974,120,-0.046272798
3/1/2024,LETHAL BARREL DISCHARGE,8,80,0.052923069
3/1/2024,MISCELLANEOUS,7330,0,0.037330308
3/1/2024,MISCELLANEOUS CRIMES AGAINST SOCIETY,723,0,-0.003593869
3/1/2024,POSSESSION OF WEAPONS,431,49,0.022753666
3/1/2024,PUBLIC ORDER OFFENCES,4370,4,-0.012687859
3/1/2024,ROBBERY,2841,24,4.39E-05
3/1/2024,SEXUAL OFFENCES,1834,73,0.02121363
3/1/2024,THEFT,25929,62,0.042372298
3/1/2024,VEHICLE OFFENCES,8682,3,0.034777112
3/1/2024,VIOLENCE AGAINST THE PERSON,18735,129,0
4/1/2024,ARSON AND CRIMINAL DAMAGE,4533,15,-0.004775645
4/1/2024,BURGLARY,6258,16,-0.009498252
4/1/2024,DOMESTIC ABUSE,8124,0,-0.042810757
4/1/2024,DRUG OFFENCES,2633,85,0.018052815
4/1/2024,FRAUD AND FORGERY,23,45,0
4/1/2024,GUN CRIME,143,11,0
4/1/2024,HATE CRIME,5101,56,-0.00075652
4/1/2024,KNIFE CRIME,1783,171,0
4/1/2024,LETHAL BARREL DISCHARGE,15,32,0
4/1/2024,MISCELLANEOUS,6703,2,-0.028687001
4/1/2024,MISCELLANEOUS CRIMES AGAINST SOCIETY,740,1,-0.001859752
4/1/2024,POSSESSION OF WEAPONS,358,45,-0.019571216
4/1/2024,PUBLIC ORDER OFFENCES,4265,4,0.013164072
4/1/2024,ROBBERY,2664,26,-0.000106726
4/1/2024,SEXUAL OFFENCES,1916,69,-0.016030758
4/1/2024,THEFT,25913,51,0
4/1/2024,VEHICLE OFFENCES,8858,3,0.037445395
4/1/2024,VIOLENCE AGAINST THE PERSON,17818,198,0
5/1/2024,ARSON AND CRIMINAL DAMAGE,4703,9,0.00925699
5/1/2024,BURGLARY,5997,17,0
5/1/2024,DOMESTIC ABUSE,8847,4,0
5/1/2024,DRUG OFFENCES,2965,57,-0.004873549
5/1/2024,FRAUD AND FORGERY,22,37,0.019841595
5/1/2024,GUN CRIME,203,12,0.003389661
5/1/2024,HATE CRIME,5662,46,6.91E-05
5/1/2024,KNIFE CRIME,2180,178,0.064796779
5/1/2024,LETHAL BARREL DISCHARGE,19,75,0
5/1/2024,MISCELLANEOUS,5769,1,-0.025253749
5/1/2024,MISCELLANEOUS CRIMES AGAINST SOCIETY,784,0,0.003825065
5/1/2024,POSSESSION OF WEAPONS,461,56,0.021890098
5/1/2024,PUBLIC ORDER OFFENCES,4965,4,0.015781649
5/1/2024,ROBBERY,3132,49,-0.002502593
5/1/2024,SEXUAL OFFENCES,2126,51,0.00639131
5/1/2024,THEFT,25683,52,-0.054883995
5/1/2024,VEHICLE OFFENCES,8947,3,-0.03627684
5/1/2024,VIOLENCE AGAINST THE PERSON,20300,256,-0.007126221
6/1/2024,ARSON AND CRIMINAL DAMAGE,4758,12,0.003962265
6/1/2024,BURGLARY,5831,15,0
6/1/2024,DOMESTIC ABUSE,8845,0,-0.044742317
6/1/2024,DRUG OFFENCES,2897,57,0.015035111
6/1/2024,FRAUD AND FORGERY,17,12,0.00961176
6/1/2024,GUN CRIME,182,17,0.010505343
6/1/2024,HATE CRIME,5613,23,-0.001045942
6/1/2024,KNIFE CRIME,1953,68,-0.029224828
6/1/2024,LETHAL BARREL DISCHARGE,19,38,-0.032088793
6/1/2024,MISCELLANEOUS,5755,2,-0.021024667
6/1/2024,MISCELLANEOUS CRIMES AGAINST SOCIETY,844,0,0.004146636
6/1/2024,POSSESSION OF WEAPONS,410,57,0.03968797
6/1/2024,PUBLIC ORDER OFFENCES,4941,3,-0.014984419
6/1/2024,ROBBERY,2894,32,0.003083169
6/1/2024,SEXUAL OFFENCES,2233,51,0
6/1/2024,THEFT,26401,56,0
6/1/2024,VEHICLE OFFENCES,8496,5,0.026548442
6/1/2024,VIOLENCE AGAINST THE PERSON,19985,143,-0.002252144
7/1/2024,ARSON AND CRIMINAL DAMAGE,5341,8,0.009523333
7/1/2024,BURGLARY,6456,26,-0.001866399
7/1/2024,DOMESTIC ABUSE,9212,2,-0.0370948
7/1/2024,DRUG OFFENCES,3066,79,0.02271962
7/1/2024,FRAUD AND FORGERY,11,8,0.005677556
7/1/2024,GUN CRIME,180,18,0.009864768
7/1/2024,HATE CRIME,6116,18,-0.004334544
7/1/2024,KNIFE CRIME,1955,119,0
7/1/2024,LETHAL BARREL DISCHARGE,12,59,0
7/1/2024,MISCELLANEOUS,5472,0,-0.026505527
7/1/2024,MISCELLANEOUS CRIMES AGAINST SOCIETY,854,0,-0.004070402
7/1/2024,POSSESSION OF WEAPONS,454,56,-0.033153809
7/1/2024,PUBLIC ORDER OFFENCES,5214,8,0.009090202
7/1/2024,ROBBERY,2752,28,0.001423981
7/1/2024,SEXUAL OFFENCES,2319,70,0
7/1/2024,THEFT,26860,41,0
7/1/2024,VEHICLE OFFENCES,8294,7,0.022158669
7/1/2024,VIOLENCE AGAINST THE PERSON,20644,116,-0.000539074
8/1/2024,ARSON AND CRIMINAL DAMAGE,5125,44,-3.32E-05
8/1/2024,BURGLARY,6178,10,0.012850436
8/1/2024,DOMESTIC ABUSE,9317,7,0.029565451
8/1/2024,DRUG OFFENCES,3740,52,0.002602628
8/1/2024,FRAUD AND FORGERY,7,27,0
8/1/2024,GUN CRIME,193,7,0.001601134
8/1/2024,HATE CRIME,6883,54,-1.23E-05
8/1/2024,KNIFE CRIME,2003,230,-0.108220112
8/1/2024,LETHAL BARREL DISCHARGE,17,31,-0.017915544
8/1/2024,MISCELLANEOUS,5429,0,0.026506879
8/1/2024,MISCELLANEOUS CRIMES AGAINST SOCIETY,919,1,-0.002382638
8/1/2024,POSSESSION OF WEAPONS,499,36,0.012778137
8/1/2024,PUBLIC ORDER OFFENCES,5152,59,0.00135399
8/1/2024,ROBBERY,2839,19,-0.000165633
8/1/2024,SEXUAL OFFENCES,2022,43,0.005470995
8/1/2024,THEFT,26350,33,0.072566048
8/1/2024,VEHICLE OFFENCES,8258,2,-0.034124241
8/1/2024,VIOLENCE AGAINST THE PERSON,19449,190,0
9/1/2024,ARSON AND CRIMINAL DAMAGE,4618,13,-0.004743054
9/1/2024,BURGLARY,6483,18,-0.006896589
9/1/2024,DOMESTIC ABUSE,8729,7,-0.026847932
9/1/2024,DRUG OFFENCES,3966,59,0
9/1/2024,FRAUD AND FORGERY,9,13,0.008709911
9/1/2024,GUN CRIME,206,16,-0.007116786
9/1/2024,HATE CRIME,5343,25,0.001511155
9/1/2024,KNIFE CRIME,1905,128,-0.058213233
9/1/2024,LETHAL BARREL DISCHARGE,18,57,0.039867523
9/1/2024,MISCELLANEOUS,5337,0,0.027190073
9/1/2024,MISCELLANEOUS CRIMES AGAINST SOCIETY,993,0,0.004978774
9/1/2024,POSSESSION OF WEAPONS,515,51,0.025175231
9/1/2024,PUBLIC ORDER OFFENCES,4708,4,0
9/1/2024,ROBBERY,2803,21,8.14E-06
9/1/2024,SEXUAL OFFENCES,2092,100,0.037825284
9/1/2024,THEFT,25214,59,0.039059594
9/1/2024,VEHICLE OFFENCES,7953,0,-0.040918642
9/1/2024,VIOLENCE AGAINST THE PERSON,19190,150,0
10/1/2024,ARSON AND CRIMINAL DAMAGE,4589,12,0.005319958
10/1/2024,BURGLARY,7246,10,0.015794546
10/1/2024,DOMESTIC ABUSE,8550,3,-0.031881981
10/1/2024,DRUG OFFENCES,4250,92,-0.0141357
10/1/2024,FRAUD AND FORGERY,8,30,0.01821097
10/1/2024,GUN CRIME,205,29,-0.013430797
10/1/2024,HATE CRIME,5351,36,0.000138859
10/1/2024,KNIFE CRIME,2038,97,0
10/1/2024,LETHAL BARREL DISCHARGE,14,123,0
10/1/2024,MISCELLANEOUS,7140,2,0.0276117
10/1/2024,MISCELLANEOUS CRIMES AGAINST SOCIETY,1053,0,-0.00491938
10/1/2024,POSSESSION OF WEAPONS,512,49,-0.020591965
10/1/2024,PUBLIC ORDER OFFENCES,4864,0,-0.023021498
10/1/2024,ROBBERY,3130,37,0.001305897
10/1/2024,SEXUAL OFFENCES,2256,85,0.022916754
10/1/2024,THEFT,28309,63,0
10/1/2024,VEHICLE OFFENCES,8447,4,0.02936814
10/1/2024,VIOLENCE AGAINST THE PERSON,19444,147,-2.92E-06
11/1/2024,ARSON AND CRIMINAL DAMAGE,4567,7,0.007542878
11/1/2024,BURGLARY,7323,16,-0.008147746
11/1/2024,DOMESTIC ABUSE,8551,20,0.00866372
11/1/2024,DRUG OFFENCES,4432,71,0.011892845
11/1/2024,FRAUD AND FORGERY,1,16,-0.01213652
11/1/2024,GUN CRIME,194,23,-0.013300319
11/1/2024,HATE CRIME,5218,25,0.000491059
11/1/2024,KNIFE CRIME,1998,91,-0.039769691
11/1/2024,LETHAL BARREL DISCHARGE,20,65,0
11/1/2024,MISCELLANEOUS,8554,2,-0.032889041
11/1/2024,MISCELLANEOUS CRIMES AGAINST SOCIETY,1002,1,-0.002255527
11/1/2024,POSSESSION OF WEAPONS,455,46,0.025996043
11/1/2024,PUBLIC ORDER OFFENCES,4479,3,-0.012586096
11/1/2024,ROBBERY,2922,47,-0.007720607
11/1/2024,SEXUAL OFFENCES,2233,55,-0.015234179
11/1/2024,THEFT,28895,53,-0.046238042
11/1/2024,VEHICLE OFFENCES,8104,3,0.028198484
11/1/2024,VIOLENCE AGAINST THE PERSON,18988,118,6.71E-06
12/1/2024,ARSON AND CRIMINAL DAMAGE,4183,10,-0.003598516
12/1/2024,BURGLARY,7289,12,-0.010947779
12/1/2024,DOMESTIC ABUSE,9273,4,-0.032017092
12/1/2024,DRUG OFFENCES,4145,63,-0.012939646
12/1/2024,FRAUD AND FORGERY,5,30,0.026427894
12/1/2024,GUN CRIME,193,11,-0.006012953
12/1/2024,HATE CRIME,4383,15,0.00151966
12/1/2024,KNIFE CRIME,1842,73,0
12/1/2024,LETHAL BARREL DISCHARGE,13,55,-0.04909869
12/1/2024,MISCELLANEOUS,7912,2,0
12/1/2024,MISCELLANEOUS CRIMES AGAINST SOCIETY,938,5,-4.04E-06
12/1/2024,POSSESSION OF WEAPONS,418,29,0.017267432
12/1/2024,PUBLIC ORDER OFFENCES,3974,0,0
12/1/2024,ROBBERY,2751,27,-0.002094699
12/1/2024,SEXUAL OFFENCES,1997,68,0.03040165
12/1/2024,THEFT,26525,39,0.050896992
12/1/2024,VEHICLE OFFENCES,7358,4,-0.02323622
12/1/2024,VIOLENCE AGAINST THE PERSON,19074,126,0
1/1/2025,ARSON AND CRIMINAL DAMAGE,4254,4,-0.012349829
1/1/2025,BURGLARY,7384,16,0.011692873
1/1/2025,DOMESTIC ABUSE,8900,7,0.028684244
1/1/2025,DRUG OFFENCES,4415,67,0.006493244
1/1/2025,FRAUD AND FORGERY,4,17,0
1/1/2025,GUN CRIME,175,6,0.001655316
1/1/2025,HATE CRIME,4542,22,-0.001262815
1/1/2025,KNIFE CRIME,1676,172,-0.092594016
1/1/2025,LETHAL BARREL DISCHARGE,12,25,-0.017028116
1/1/2025,MISCELLANEOUS,6348,2,-0.026294817
1/1/2025,MISCELLANEOUS CRIMES AGAINST SOCIETY,1028,0,0.005289661
1/1/2025,POSSESSION OF WEAPONS,424,45,0.022412659
1/1/2025,PUBLIC ORDER OFFENCES,4073,3,0.013151567
1/1/2025,ROBBERY,2541,36,-0.002860346
1/1/2025,SEXUAL OFFENCES,2127,70,0.019665427
1/1/2025,THEFT,23808,60,0.03537937
1/1/2025,VEHICLE OFFENCES,7567,8,0.021054514
1/1/2025,VIOLENCE AGAINST THE PERSON,18264,161,0.001438818
2/1/2025,ARSON AND CRIMINAL DAMAGE,4092,6,0.00930635
2/1/2025,BURGLARY,6351,20,0
2/1/2025,DOMESTIC ABUSE,7944,2,0.03623981
2/1/2025,DRUG OFFENCES,3895,49,0.003512235
2/1/2025,FRAUD AND FORGERY,5,23,0.017490682
2/1/2025,GUN CRIME,169,17,0.009114696
2/1/2025,HATE CRIME,4346,23,-0.000660388
2/1/2025,KNIFE CRIME,1563,77,-0.032415011
2/1/2025,LETHAL BARREL DISCHARGE,13,85,-0.067295774
2/1/2025,MISCELLANEOUS,6656,7,0.019129135
2/1/2025,MISCELLANEOUS CRIMES AGAINST SOCIETY,888,0,0.004823241
2/1/2025,POSSESSION OF WEAPONS,412,50,-0.028866014
2/1/2025,PUBLIC ORDER OFFENCES,3753,6,0.00794244
2/1/2025,ROBBERY,2474,56,0.012259926
2/1/2025,SEXUAL OFFENCES,2005,68,-0.022301687
2/1/2025,THEFT,23224,65,-0.029772194
2/1/2025,VEHICLE OFFENCES,7310,3,0.030102998
2/1/2025,VIOLENCE AGAINST THE PERSON,17275,99,0.001675943
3/1/2025,ARSON AND CRIMINAL DAMAGE,4569,18,-0.002180881
3/1/2025,BURGLARY,6563,29,-0.002190271
3/1/2025,DOMESTIC ABUSE,9070,8,-0.026305054
3/1/2025,DRUG OFFENCES,4237,82,-0.01357864
3/1/2025,FRAUD AND FORGERY,5,25,-0.017386547
3/1/2025,GUN CRIME,140,17,-0.008758927
3/1/2025,HATE CRIME,5160,18,0.003383613
3/1/2025,KNIFE CRIME,1691,68,0
3/1/2025,LETHAL BARREL DISCHARGE,8,67,-0.047881353
3/1/2025,MISCELLANEOUS,6885,0,-0.034904421
3/1/2025,MISCELLANEOUS CRIMES AGAINST SOCIETY,1083,1,0.002949805
3/1/2025,POSSESSION OF WEAPONS,542,40,-0.017908972
3/1/2025,PUBLIC ORDER OFFENCES,4562,0,0.02292968
3/1/2025,ROBBERY,2621,35,0.002656328
3/1/2025,SEXUAL OFFENCES,2125,93,-0.03367507
3/1/2025,THEFT,24393,69,0.02783557
3/1/2025,VEHICLE OFFENCES,7304,5,0.023384552
3/1/2025,VIOLENCE AGAINST THE PERSON,20176,143,0
4/1/2025,ARSON AND CRIMINAL DAMAGE,4677,7,0.008645662
4/1/2025,BURGLARY,5520,9,0.009445463
4/1/2025,DOMESTIC ABUSE,8967,4,-0.032608201
4/1/2025,DRUG OFFENCES,4781,73,-0.012534009
4/1/2025,FRAUD AND FORGERY,5,12,0.009759375
4/1/2025,GUN CRIME,180,10,0.004931967
4/1/2025,HATE CRIME,5231,19,-0.002095876
4/1/2025,KNIFE CRIME,1831,83,0.039616946
4/1/2025,LETHAL BARREL DISCHARGE,7,35,-0.029187261
4/1/2025,MISCELLANEOUS,6304,0,0
4/1/2025,MISCELLANEOUS CRIMES AGAINST SOCIETY,1056,1,0.002680838
4/1/2025,POSSESSION OF WEAPONS,582,30,-0.014546606
4/1/2025,PUBLIC ORDER OFFENCES,4493,2,0.016004494
4/1/2025,ROBBERY,2658,35,0.00434973
4/1/2025,SEXUAL OFFENCES,2102,112,0.059199501
4/1/2025,THEFT,24013,47,-0.038187737
4/1/2025,VEHICLE OFFENCES,6941,2,-0.027899518
4/1/2025,VIOLENCE AGAINST THE PERSON,19426,124,0
5/1/2025,ARSON AND CRIMINAL DAMAGE,4867,98,0.013825272
5/1/2025,BURGLARY,6116,16,-0.007499561
5/1/2025,DOMESTIC ABUSE,9484,2,0.040112071
5/1/2025,DRUG OFFENCES,5101,100,0.013548804
5/1/2025,FRAUD AND FORGERY,2,25,0.015736697
5/1/2025,GUN CRIME,158,3,0.000353564
5/1/2025,HATE CRIME,5612,8,0.012363054
5/1/2025,KNIFE CRIME,1724,82,0.026367175
5/1/2025,LETHAL BARREL DISCHARGE,15,14,-0.008294204
5/1/2025,MISCELLANEOUS,5849,1,0.025018911
5/1/2025,MISCELLANEOUS CRIMES AGAINST SOCIETY,1082,0,0.005233213
5/1/2025,POSSESSION OF WEAPONS,551,28,0.009022908
5/1/2025,PUBLIC ORDER OFFENCES,4990,3,-0.01656031
5/1/2025,ROBBERY,2841,41,0.002788487
5/1/2025,SEXUAL OFFENCES,2336,89,0.024789284
5/1/2025,THEFT,24918,45,-0.051367279
5/1/2025,VEHICLE OFFENCES,7337,1,0.032324259
5/1/2025,VIOLENCE AGAINST THE PERSON,20786,242,0.01020107
6/1/2025,ARSON AND CRIMINAL DAMAGE,4837,13,1.21E-05
6/1/2025,BURGLARY,5810,5,-0.007304995
6/1/2025,DOMESTIC ABUSE,9674,0,0.048040071
6/1/2025,DRUG OFFENCES,4519,60,0
6/1/2025,FRAUD AND FORGERY,3,11,-0.020518492
6/1/2025,GUN CRIME,209,5,0.005573845
6/1/2025,HATE CRIME,6136,9,-0.002708562
6/1/2025,KNIFE CRIME,1836,27,0.024278356
6/1/2025,LETHAL BARREL DISCHARGE,22,3,0.004925445
6/1/2025,MISCELLANEOUS,5736,1,0.019889917
6/1/2025,MISCELLANEOUS CRIMES AGAINST SOCIETY,1108,1,0.001268166
6/1/2025,POSSESSION OF WEAPONS,611,13,-0.013955514
6/1/2025,PUBLIC ORDER OFFENCES,5199,2,0.013067845
6/1/2025,ROBBERY,2825,20,-0.008593049
6/1/2025,SEXUAL OFFENCES,2534,10,0.00098883
6/1/2025,THEFT,24475,20,0
6/1/2025,VEHICLE OFFENCES,7008,2,0.020581028
6/1/2025,VIOLENCE AGAINST THE PERSON,21681,68,0.001958607
7/1/2025,ARSON AND CRIMINAL DAMAGE,5227,22,-0.001104382
7/1/2025,BURGLARY,6074,16,0
7/1/2025,DOMESTIC ABUSE,10525,4,0
7/1/2025,DRUG OFFENCES,4736,71,-0.01026481
7/1/2025,FRAUD AND FORGERY,1,23,0.017167769
7/1/2025,GUN CRIME,175,20,-0.011179982
7/1/2025,HATE CRIME,6383,34,0.000233959
7/1/2025,KNIFE CRIME,1911,110,-0.052864594
7/1/2025,LETHAL BARREL DISCHARGE,12,31,0.022812565
7/1/2025,MISCELLANEOUS,5404,2,0.018418187
7/1/2025,MISCELLANEOUS CRIMES AGAINST SOCIETY,1168,2,0.001690509
7/1/2025,POSSESSION OF WEAPONS,615,49,-0.025300475
7/1/2025,PUBLIC ORDER OFFENCES,5605,3,0
7/1/2025,ROBBERY,2897,18,6.23E-08
7/1/2025,SEXUAL OFFENCES,2633,98,0.03745242
7/1/2025,THEFT,25683,40,0.047205004
7/1/2025,VEHICLE OFFENCES,7265,3,0.024235629
7/1/2025,VIOLENCE AGAINST THE PERSON,22872,130,0.000331245
8/1/2025,ARSON AND CRIMINAL DAMAGE,4856,20,0.002272034
8/1/2025,BURGLARY,6404,16,0.008044714
8/1/2025,DOMESTIC ABUSE,9847,2,-0.042185471
8/1/2025,DRUG OFFENCES,4810,90,-0.012559153
8/1/2025,FRAUD AND FORGERY,1,15,-0.009883635
8/1/2025,GUN CRIME,132,20,-0.010165195
8/1/2025,HATE CRIME,6262,29,0.002015382
8/1/2025,KNIFE CRIME,1585,72,0.024082036
8/1/2025,LETHAL BARREL DISCHARGE,11,47,-0.031115144
8/1/2025,MISCELLANEOUS,5006,3,0.016613443
8/1/2025,MISCELLANEOUS CRIMES AGAINST SOCIETY,1098,0,-0.005369488
8/1/2025,POSSESSION OF WEAPONS,616,38,-0.014602883
8/1/2025,PUBLIC ORDER OFFENCES,5005,10,-0.008092637
8/1/2025,ROBBERY,2745,33,0
8/1/2025,SEXUAL OFFENCES,2372,135,0.05345452
8/1/2025,THEFT,24255,44,0
8/1/2025,VEHICLE OFFENCES,7214,2,0
8/1/2025,VIOLENCE AGAINST THE PERSON,20422,184,0.001954892
9/1/2025,ARSON AND CRIMINAL DAMAGE,4507,15,0.003100474
9/1/2025,BURGLARY,3991,11,0.003981482
9/1/2025,DOMESTIC ABUSE,8899,3,0.036837329
9/1/2025,DRUG OFFENCES,4409,72,0.010880137
9/1/2025,FRAUD AND FORGERY,0,18,0.014051908
9/1/2025,GUN CRIME,162,12,-0.005973313
9/1/2025,HATE CRIME,6457,36,0.000437513
9/1/2025,KNIFE CRIME,1570,38,-0.009460504
9/1/2025,LETHAL BARREL DISCHARGE,9,56,0.044202411
9/1/2025,MISCELLANEOUS,4746,0,-0.025251088
9/1/2025,MISCELLANEOUS CRIMES AGAINST SOCIETY,969,0,-0.005081279
9/1/2025,POSSESSION OF WEAPONS,533,25,0.010230392
9/1/2025,PUBLIC ORDER OFFENCES,4793,6,-0.011432434
9/1/2025,ROBBERY,2579,23,0.000441938
9/1/2025,SEXUAL OFFENCES,2203,101,-0.043514898
9/1/2025,THEFT,22728,51,0.035450686
9/1/2025,VEHICLE OFFENCES,7254,3,-0.028379386
9/1/2025,VIOLENCE AGAINST THE PERSON,19891,177,-0.004272487
10/1/2025,ARSON AND CRIMINAL DAMAGE,4653,23,-0.003082562
10/1/2025,BURGLARY,4268,18,-0.003888392
10/1/2025,DOMESTIC ABUSE,9453,1,0.045374184
10/1/2025,DRUG OFFENCES,4588,61,-0.000770244
10/1/2025,FRAUD AND FORGERY,3,36,0.017913102
10/1/2025,GUN CRIME,163,15,0.00444539
10/1/2025,HATE CRIME,6708,68,0
10/1/2025,KNIFE CRIME,1671,121,0
10/1/2025,LETHAL BARREL DISCHARGE,7,52,0.025909998
10/1/2025,MISCELLANEOUS,5165,6,0.015355861
10/1/2025,MISCELLANEOUS CRIMES AGAINST SOCIETY,1071,5,-0.000783338
10/1/2025,POSSESSION OF WEAPONS,510,39,-0.010728282
10/1/2025,PUBLIC ORDER OFFENCES,4846,0,-0.024630459
10/1/2025,ROBBERY,2638,27,-1.20E-06
10/1/2025,SEXUAL OFFENCES,2235,182,-0.055667047
10/1/2025,THEFT,23526,65,0
10/1/2025,VEHICLE OFFENCES,7425,8,0.023063584
10/1/2025,VIOLENCE AGAINST THE PERSON,21204,282,-0.004475608
11/1/2025,ARSON AND CRIMINAL DAMAGE,4447,11,0.007553637
11/1/2025,BURGLARY,4398,9,0.008880685
11/1/2025,DOMESTIC ABUSE,9139,4,0.037075585
11/1/2025,DRUG OFFENCES,4437,52,0.00051702
11/1/2025,FRAUD AND FORGERY,8,42,0.022872766
11/1/2025,GUN CRIME,155,8,0
11/1/2025,HATE CRIME,5568,56,-7.07E-05
11/1/2025,KNIFE CRIME,1541,248,0
11/1/2025,LETHAL BARREL DISCHARGE,6,15,-0.007959533
11/1/2025,MISCELLANEOUS,6389,1,0.029625561
11/1/2025,MISCELLANEOUS CRIMES AGAINST SOCIETY,999,3,-0.001332315
11/1/2025,POSSESSION OF WEAPONS,567,59,0.021325774
11/1/2025,PUBLIC ORDER OFFENCES,4449,0,-0.022886016
11/1/2025,ROBBERY,2764,41,0.001447869
11/1/2025,SEXUAL OFFENCES,2176,146,0
11/1/2025,THEFT,24353,41,0.064169506
11/1/2025,VEHICLE OFFENCES,7227,6,0.024364537
11/1/2025,VIOLENCE AGAINST THE PERSON,20191,176,-0.000180653
12/1/2025,ARSON AND CRIMINAL DAMAGE,4184,1,-0.018235844
12/1/2025,BURGLARY,4173,10,0.005398025
12/1/2025,DOMESTIC ABUSE,9566,0,-0.05204494
12/1/2025,DRUG OFFENCES,4253,38,0.000614225
12/1/2025,GUN CRIME,170,23,0
12/1/2025,HATE CRIME,4921,61,0.004505345
12/1/2025,KNIFE CRIME,1362,95,-0.047602481
12/1/2025,LETHAL BARREL DISCHARGE,9,52,-0.039952169
12/1/2025,MISCELLANEOUS,5980,0,0.032072667
12/1/2025,MISCELLANEOUS CRIMES AGAINST SOCIETY,955,4,0.000360315
12/1/2025,POSSESSION OF WEAPONS,543,34,-0.015555684
12/1/2025,PUBLIC ORDER OFFENCES,4247,0,-0.022623994
12/1/2025,ROBBERY,2579,24,-0.000502113
12/1/2025,SEXUAL OFFENCES,2112,79,-0.028302136
12/1/2025,THEFT,23925,42,-0.050616206
12/1/2025,VEHICLE OFFENCES,6365,10,0.013180814
12/1/2025,VIOLENCE AGAINST THE PERSON,20058,189,-0.005494165
1/1/2026,ARSON AND CRIMINAL DAMAGE,4260,14,-0.002977768
1/1/2026,BURGLARY,4270,18,-0.001396948
1/1/2026,DOMESTIC ABUSE,9514,0,-0.054270069
1/1/2026,DRUG OFFENCES,4225,48,0.003487649
1/1/2026,FRAUD AND FORGERY,5,26,0.021735757
1/1/2026,GUN CRIME,129,11,0.006251932
1/1/2026,HATE CRIME,4732,24,-0.000586064
1/1/2026,KNIFE CRIME,1516,69,0.031658313
1/1/2026,LETHAL BARREL DISCHARGE,12,30,0
1/1/2026,MISCELLANEOUS,4929,5,0.013902959
1/1/2026,MISCELLANEOUS CRIMES AGAINST SOCIETY,1041,2,-0.001702866
1/1/2026,POSSESSION OF WEAPONS,529,39,0.021574023
1/1/2026,PUBLIC ORDER OFFENCES,4018,1,-0.018046512
1/1/2026,ROBBERY,2459,30,-0.002620338
1/1/2026,SEXUAL OFFENCES,2282,127,0
1/1/2026,THEFT,20937,38,0
1/1/2026,VEHICLE OFFENCES,6698,7,-0.018760262
1/1/2026,VIOLENCE AGAINST THE PERSON,19582,111,0
2/1/2026,ARSON AND CRIMINAL DAMAGE,3971,8,0.007024476
2/1/2026,BURGLARY,3977,14,0.002856434
2/1/2026,DOMESTIC ABUSE,9021,4,0.038668954
2/1/2026,DRUG OFFENCES,3498,47,0.004442736
2/1/2026,FRAUD AND FORGERY,0,22,0.01809136
2/1/2026,GUN CRIME,136,16,0.009567987
2/1/2026,HATE CRIME,4570,15,0.003860759
2/1/2026,KNIFE CRIME,1422,123,0.073241251
2/1/2026,LETHAL BARREL DISCHARGE,3,20,0.016249896
2/1/2026,MISCELLANEOUS,5100,1,-0.025097442
2/1/2026,MISCELLANEOUS CRIMES AGAINST SOCIETY,1108,2,-0.002153085
2/1/2026,POSSESSION OF WEAPONS,527,41,-0.022023126
2/1/2026,PUBLIC ORDER OFFENCES,3967,0,0.022988836
2/1/2026,ROBBERY,2287,34,-0.004008841
2/1/2026,SEXUAL OFFENCES,2010,103,0.048750766
2/1/2026,THEFT,20751,52,0
2/1/2026,VEHICLE OFFENCES,6220,4,0.023388701
2/1/2026,VIOLENCE AGAINST THE PERSON,19153,110,-0.001795419
