node,cluster
ENFIELDINDEPENDENT,1
THETOTTENHAMINDEPENDENT,1
HARWICHANDMANNINGTREESTANDARD,1
MALDONANDBURNHAMSTANDARD,1
LANCASHIRETELEGRAPH,1
WESTERNTELEGRAPH,1
CHESTERSTANDARD,1
WILTSGLOSSTANDARD,1
GREENOCKTELEGRAPH,1
YEOVILEXPRESS,1
BASILDONSTANDARD,1
BELFASTTELEGRAPH,2
EVENINGTELEGRAPH,2
DAILYRECORD,6
MIRROR,6
ELYSTANDARD,5
WISBECHSTANDARD,5
DAILYMAIL,1
INDEPENDENT,5
STANDARD,5
DISSEXPRESS,1
GRIMSBYTELEGRAPH,6
HULLDAILYMAIL,6
DERBYTELEGRAPH,6
WALESONLINE,6
MANCHESTEREVENINGNEWS,6
DAVENTRYEXPRESS,4
NORTHANTSTELEGRAPH,4
ESSEXCOUNTYSTANDARD,0
WAKEFIELDEXPRESS,4
BIRMINGHAMMAIL,6
SUSSEXEXPRESS,4
PONTEFRACTANDCASTLEFORDEXPRESS,4
HARINGEYINDEPENDENT,0
HEMSWORTHANDSOUTHELMSALLEXPRESS,4
SKEGNESSSTANDARD,4
SLEAFORDSTANDARD,4
BOSTONSTANDARD,4
SOUTHENDSTANDARD,0
DAILYSTAR,6
BROMSGROVESTANDARD,3
REDDITCHSTANDARD,3
DROITWICHSTANDARD,3
EVENINGEXPRESS,2
METRO,5
EXPRESS,6
LYTHAMSTANNESEXPRESS,4
THEGUARDIAN,5
BBC,5
GAINSBOROUGHSTANDARD,4
MYLONDON,6
MACCLESFIELD-EXPRESS,6
THETIMES,5
SHEFFIELDTELEGRAPH,4
REUTERS,1
RADIOTIMES,6
THESUN,6
