borough,quarter,date,Good_job_residual,Trust_MPS_residual,Fair_treatment_residual
Barking and Dagenham,Q1_1516,4/1/2015,-0.069985753,,-0.032288111
Barking and Dagenham,Q1_1617,4/1/2016,0.033725282,-0.026865876,-0.00494406
Barking and Dagenham,Q1_1718,4/1/2017,0.155921305,0.114135754,0.133554403
Barking and Dagenham,Q1_1819,4/1/2018,0.053047037,0.03770627,0.108117355
Barking and Dagenham,Q1_1920,4/1/2019,0.063043094,0.032686475,0.040785259
Barking and Dagenham,Q1_2021,4/1/2020,0.074495804,0.058429793,0.028729196
Barking and Dagenham,Q1_2122,4/1/2021,-0.046933641,0.017704036,-0.063428105
Barking and Dagenham,Q1_2223,4/1/2022,-0.043311724,-0.040487158,-0.021898501
Barking and Dagenham,Q1_2324,4/1/2023,0.011129413,-0.063287056,-0.047353354
Barking and Dagenham,Q1_2425,4/1/2024,-0.080117852,-0.04889212,-0.080549668
Barking and Dagenham,Q1_2526,4/1/2025,-0.058057085,-0.007874846,-0.021232987
Barking and Dagenham,Q2_1516,7/1/2015,-0.069689414,,-0.032162961
Barking and Dagenham,Q2_1617,7/1/2016,0.087742317,-0.014859746,-0.00324759
Barking and Dagenham,Q2_1718,7/1/2017,0.130893209,0.106618752,0.155654132
Barking and Dagenham,Q2_1819,7/1/2018,0.053508008,0.017936482,0.088312031
Barking and Dagenham,Q2_1920,7/1/2019,0.05816997,0.050252808,0.068727246
Barking and Dagenham,Q2_2021,7/1/2020,0.078565088,0.060450132,0.008894112
Barking and Dagenham,Q2_2122,7/1/2021,-0.07476049,-0.021210681,-0.062510343
Barking and Dagenham,Q2_2223,7/1/2022,-0.017921436,-0.022789275,-0.01384527
Barking and Dagenham,Q2_2324,7/1/2023,-0.002449916,-0.080080535,-0.074641783
Barking and Dagenham,Q2_2425,7/1/2024,-0.080667941,-0.03417278,-0.046558791
Barking and Dagenham,Q2_2526,7/1/2025,-0.038988689,-0.013334152,-0.025849611
Barking and Dagenham,Q3_1516,10/1/2015,-0.027558852,,-0.035486374
Barking and Dagenham,Q3_1617,10/1/2016,0.07214481,0.002344826,0.024388476
Barking and Dagenham,Q3_1718,10/1/2017,0.064890922,0.088627117,0.128896062
Barking and Dagenham,Q3_1819,10/1/2018,0.077788456,0.030074162,0.080119746
Barking and Dagenham,Q3_1920,10/1/2019,0.039289471,0.050811894,0.039200033
Barking and Dagenham,Q3_2021,10/1/2020,0.007633484,0.044990826,-0.035722512
Barking and Dagenham,Q3_2122,10/1/2021,-0.01769095,-0.012674169,-0.023747932
Barking and Dagenham,Q3_2223,10/1/2022,-0.036947245,-0.052314643,-0.02498747
Barking and Dagenham,Q3_2324,10/1/2023,-0.03258734,-0.080125397,-0.09159258
Barking and Dagenham,Q3_2425,10/1/2024,-0.060855839,-0.02927256,-0.032414954
Barking and Dagenham,Q3_2526,10/1/2025,-0.052413047,-0.025044296,-0.027295782
Barking and Dagenham,Q4_1415,1/1/2015,-0.115813746,,-0.054749383
Barking and Dagenham,Q4_1516,1/1/2016,-0.00275158,-0.045106401,-0.023456172
Barking and Dagenham,Q4_1617,1/1/2017,0.050959455,0.011752853,0.043887878
Barking and Dagenham,Q4_1718,1/1/2018,0.04876659,0.05556859,0.10630964
Barking and Dagenham,Q4_1819,1/1/2019,0.068160308,0.035253925,0.064499976
Barking and Dagenham,Q4_1920,1/1/2020,0.05872972,0.060532351,0.03896364
Barking and Dagenham,Q4_2021,1/1/2021,-0.040443174,0.005963239,-0.053356628
Barking and Dagenham,Q4_2122,1/1/2022,-0.059765321,-0.023710122,-0.024623978
Barking and Dagenham,Q4_2223,1/1/2023,-0.025178874,-0.076425566,-0.048463844
Barking and Dagenham,Q4_2324,1/1/2024,-0.015728964,-0.041706226,-0.064472967
Barking and Dagenham,Q4_2425,1/1/2025,-0.114003181,-0.050832476,-0.062190516
Barking and Dagenham,Q4_2526,1/1/2026,-0.10398169,-0.070774206,-0.025966961
Barnet,Q1_1516,4/1/2015,0.001636151,,-0.026333913
Barnet,Q1_1617,4/1/2016,0.013818906,0.000701417,0.015479473
Barnet,Q1_1718,4/1/2017,0.146576275,0.083332074,0.130848133
Barnet,Q1_1819,4/1/2018,0.133536667,0.047574436,0.05663068
Barnet,Q1_1920,4/1/2019,0.075183113,0.104672949,0.066306302
Barnet,Q1_2021,4/1/2020,0.021052769,0.063870491,0.06795153
Barnet,Q1_2122,4/1/2021,-0.031029342,-0.009113545,0.001145125
Barnet,Q1_2223,4/1/2022,-0.060218281,-0.054714207,-0.016488852
Barnet,Q1_2324,4/1/2023,-0.064784291,-0.071402187,-0.041974407
Barnet,Q1_2425,4/1/2024,-0.075623812,-0.101913876,-0.132671864
Barnet,Q1_2526,4/1/2025,-0.05052563,-0.038806532,-0.068436401
Barnet,Q2_1516,7/1/2015,0.001590359,,-0.036371956
Barnet,Q2_1617,7/1/2016,0.005223195,-0.008442668,0.046646127
Barnet,Q2_1718,7/1/2017,0.145233041,0.082513373,0.089732202
Barnet,Q2_1819,7/1/2018,0.148499541,0.064504306,0.062445942
Barnet,Q2_1920,7/1/2019,0.047808524,0.096273138,0.078487438
Barnet,Q2_2021,7/1/2020,0.05552099,0.078783881,0.068279213
Barnet,Q2_2122,7/1/2021,-0.059684041,-0.034388587,-0.006045016
Barnet,Q2_2223,7/1/2022,-0.05930244,-0.064156001,-0.015727991
Barnet,Q2_2324,7/1/2023,-0.074280578,-0.081095174,-0.051555934
Barnet,Q2_2425,7/1/2024,-0.09866342,-0.107671514,-0.146889316
Barnet,Q2_2526,7/1/2025,-0.068113915,-0.007336591,-0.046432799
Barnet,Q3_1516,10/1/2015,-0.01757012,,0.0043255
Barnet,Q3_1617,10/1/2016,0.001971959,0.009575702,0.033945069
Barnet,Q3_1718,10/1/2017,0.167598964,0.043955404,0.071697761
Barnet,Q3_1819,10/1/2018,0.107520576,0.10000263,0.059940427
Barnet,Q3_1920,10/1/2019,0.07144136,0.108487354,0.121505522
Barnet,Q3_2021,10/1/2020,-0.018523975,0.036318474,0.014918742
Barnet,Q3_2122,10/1/2021,-0.03078305,-0.025058433,0.01304195
Barnet,Q3_2223,10/1/2022,-0.060401449,-0.044825848,-0.006641024
Barnet,Q3_2324,10/1/2023,-0.05077399,-0.0867679,-0.102027155
Barnet,Q3_2425,10/1/2024,-0.080174557,-0.098592553,-0.058144738
Barnet,Q3_2526,10/1/2025,-0.091853599,-0.01961593,-0.099539651
Barnet,Q4_1415,1/1/2015,-0.021920365,,-0.079288592
Barnet,Q4_1516,1/1/2016,0.010476086,-0.001336033,0.022702329
Barnet,Q4_1617,1/1/2017,0.033116761,0.020273459,0.034896146
Barnet,Q4_1718,1/1/2018,0.122134446,0.040624777,0.057157954
Barnet,Q4_1819,1/1/2019,0.07638897,0.09540792,0.047308103
Barnet,Q4_1920,1/1/2020,0.081901349,0.112672713,0.113579882
Barnet,Q4_2021,1/1/2021,-0.052124215,-0.011970878,-0.016380052
Barnet,Q4_2122,1/1/2022,-0.041790475,-0.035672459,0.002205002
Barnet,Q4_2223,1/1/2023,-0.068752935,-0.063821078,-0.015271474
Barnet,Q4_2324,1/1/2024,-0.06721127,-0.112881432,-0.12399069
Barnet,Q4_2425,1/1/2025,-0.083670017,-0.060723037,-0.071048693
Barnet,Q4_2526,1/1/2026,-0.140454233,-0.049238035,-0.119916034
Bexley,Q1_1516,4/1/2015,-0.000869378,,-0.042310613
Bexley,Q1_1617,4/1/2016,0.013246915,-0.007660423,0.018904994
Bexley,Q1_1718,4/1/2017,0.0791281,0.111794025,0.096079696
Bexley,Q1_1819,4/1/2018,0.181899165,0.080869477,0.069851193
Bexley,Q1_1920,4/1/2019,0.07247232,0.052595557,0.008879928
Bexley,Q1_2021,4/1/2020,0.00754491,0.070668969,0.075612155
Bexley,Q1_2122,4/1/2021,0.001863983,0.060844475,0.039840803
Bexley,Q1_2223,4/1/2022,-0.09550568,-0.030180078,-0.086429259
Bexley,Q1_2324,4/1/2023,-0.025443629,-0.063029723,-0.043457777
Bexley,Q1_2324,4/1/2023,-0.025443629,-0.063029723,-0.043457777
Bexley,Q1_2425,4/1/2024,-0.026006541,-0.033429742,-0.043624013
Bexley,Q1_2425,4/1/2024,-0.026006541,-0.033429742,-0.043624013
Bexley,Q1_2526,4/1/2025,-0.121424568,-0.037279934,-0.045224042
Bexley,Q1_2526,4/1/2025,-0.121424568,-0.037279934,-0.045224042
Bexley,Q2_1516,7/1/2015,-0.001819292,,-0.052591138
Bexley,Q2_1617,7/1/2016,0.005463381,0.003914655,0.019559551
Bexley,Q2_1718,7/1/2017,0.076129318,0.096769273,0.078147266
Bexley,Q2_1819,7/1/2018,0.157677325,0.077869327,0.058604417
Bexley,Q2_1920,7/1/2019,0.082788958,0.042820568,0.038973437
Bexley,Q2_2021,7/1/2020,-0.002558705,0.109020379,0.067394187
Bexley,Q2_2122,7/1/2021,0.001257576,0.047519807,0.012614879
Bexley,Q2_2223,7/1/2022,-0.073359578,-0.058655002,-0.085795481
Bexley,Q2_2324,7/1/2023,-0.040799605,-0.039729558,-0.042086323
Bexley,Q2_2324,7/1/2023,-0.040799605,-0.039729558,-0.042086323
Bexley,Q2_2425,7/1/2024,-0.048504463,-0.055204831,-0.024361689
Bexley,Q2_2425,7/1/2024,-0.048504463,-0.055204831,-0.024361689
Bexley,Q2_2526,7/1/2025,-0.085294588,-0.020030071,-0.04636692
Bexley,Q2_2526,7/1/2025,-0.085294588,-0.020030071,-0.04636692
Bexley,Q3_1516,10/1/2015,0.001980363,,-0.021469039
Bexley,Q3_1617,10/1/2016,0.016835479,0.004889703,0.039964753
Bexley,Q3_1718,10/1/2017,0.088943877,0.098769372,0.08897845
Bexley,Q3_1819,10/1/2018,0.14273522,0.06856986,0.023051251
Bexley,Q3_1920,10/1/2019,0.065673882,0.06487067,0.0498254
Bexley,Q3_2021,10/1/2020,0.007528285,0.084869676,0.061513561
Bexley,Q3_2122,10/1/2021,-0.020720928,0.053220091,0.024983754
Bexley,Q3_2223,10/1/2022,-0.091732893,-0.074605298,-0.098268254
Bexley,Q3_2324,10/1/2023,-0.018125774,-0.047829464,-0.051296698
Bexley,Q3_2324,10/1/2023,-0.018125774,-0.047829464,-0.051296698
Bexley,Q3_2425,10/1/2024,-0.07392249,-0.049055022,-0.015961718
Bexley,Q3_2425,10/1/2024,-0.07392249,-0.049055022,-0.015961718
Bexley,Q3_2526,10/1/2025,-0.098073966,-0.052005169,-0.077187714
Bexley,Q3_2526,10/1/2025,-0.098073966,-0.052005169,-0.077187714
Bexley,Q4_1415,1/1/2015,-0.033121026,,-0.03297556
Bexley,Q4_1516,1/1/2016,0.032648821,-0.008085445,-0.021271633
Bexley,Q4_1617,1/1/2017,-0.008090001,0.011389529,0.068510181
Bexley,Q4_1718,1/1/2018,0.101880609,0.076643769,0.073939397
Bexley,Q4_1819,1/1/2019,0.098118066,0.04239505,-0.01535911
Bexley,Q4_1920,1/1/2020,0.054345279,0.08682027,0.086479885
Bexley,Q4_2021,1/1/2021,-0.016817657,0.057568815,0.054323819
Bexley,Q4_2122,1/1/2022,-0.065998228,-0.010530096,-0.056574716
Bexley,Q4_2223,1/1/2023,-0.060826474,-0.046854913,-0.065047416
Bexley,Q4_2324,1/1/2024,-0.013790075,-0.031854664,-0.042969456
Bexley,Q4_2324,1/1/2024,-0.013790075,-0.031854664,-0.042969456
Bexley,Q4_2425,1/1/2025,-0.085294588,-0.040030071,-0.02636692
Bexley,Q4_2425,1/1/2025,-0.085294588,-0.040030071,-0.02636692
Bexley,Q4_2526,1/1/2026,-0.182061705,-0.114582784,-0.119037462
Bexley,Q4_2526,1/1/2026,-0.182061705,-0.114582784,-0.119037462
Brent,Q1_1516,4/1/2015,-0.001042824,,0.019225215
Brent,Q1_1617,4/1/2016,0.00101304,-0.010145749,-0.040665341
Brent,Q1_1718,4/1/2017,0.100922628,0.062552371,-0.036411343
Brent,Q1_1819,4/1/2018,0.097596111,0.007788475,0.043943921
Brent,Q1_1920,4/1/2019,-0.02778573,0.03356581,0.013657417
Brent,Q1_2021,4/1/2020,0.053990815,0.067113579,0.173219641
Brent,Q1_2122,4/1/2021,-0.014491505,-0.001695629,-0.006699565
Brent,Q1_2223,4/1/2022,0.023538203,-0.035395414,-0.016272103
Brent,Q1_2324,4/1/2023,0.005152217,-0.016282905,0.004346171
Brent,Q1_2425,4/1/2024,-0.04147875,-0.043639517,-0.075474478
Brent,Q1_2526,4/1/2025,-0.122964138,0.005195028,-0.065553553
Brent,Q2_1516,7/1/2015,-0.012797304,,-0.010868185
Brent,Q2_1617,7/1/2016,0.001185259,0.019989376,-0.030656173
Brent,Q2_1718,7/1/2017,0.112634053,-0.006104822,-0.046320235
Brent,Q2_1819,7/1/2018,0.074969773,0.035727814,0.033804107
Brent,Q2_1920,7/1/2019,-0.016504852,0.084570804,0.093725605
Brent,Q2_2021,7/1/2020,0.036939527,0.01727331,0.103908967
Brent,Q2_2122,7/1/2021,0.033258347,0.034385007,0.003712999
Brent,Q2_2223,7/1/2022,0.00540032,-0.063934372,0.003827027
Brent,Q2_2324,7/1/2023,-0.013825233,-0.035480599,-0.035599394
Brent,Q2_2425,7/1/2024,-0.072070752,-0.03410401,-0.075505994
Brent,Q2_2526,7/1/2025,-0.075192758,0.001292555,-0.035139843
Brent,Q3_1516,10/1/2015,-0.03132268,,-0.020789683
Brent,Q3_1617,10/1/2016,0.010840821,0.009719126,-0.020674509
Brent,Q3_1718,10/1/2017,0.138941572,0.008844141,-0.035984454
Brent,Q3_1819,10/1/2018,0.004410061,0.025288657,0.023774311
Brent,Q3_1920,10/1/2019,0.013667367,0.09470593,0.143734773
Brent,Q3_2021,10/1/2020,0.029038983,0.011074438,0.053488381
Brent,Q3_2122,10/1/2021,0.039103565,0.01112511,-0.006508181
Brent,Q3_2223,10/1/2022,-0.007441293,-0.066163939,0.013675754
Brent,Q3_2324,10/1/2023,-0.035999497,-0.037186555,-0.065715141
Brent,Q3_2425,10/1/2024,-0.095579713,-0.036857187,-0.075692794
Brent,Q3_2526,10/1/2025,-0.075719641,-0.016966976,-0.045700243
Brent,Q4_1415,1/1/2015,-0.021839337,,0.069182812
Brent,Q4_1516,1/1/2016,0.009183213,-0.031581455,-0.030762752
Brent,Q4_1617,1/1/2017,-0.010224784,-0.001116962,-0.040731237
Brent,Q4_1718,1/1/2018,0.139437239,0.021386915,0.013509582
Brent,Q4_1819,1/1/2019,-0.018313151,0.013151989,0.02362934
Brent,Q4_1920,1/1/2020,0.027047701,0.109512053,0.173382375
Brent,Q4_2021,1/1/2021,-0.003845147,-0.03903462,-0.007197508
Brent,Q4_2122,1/1/2022,0.019501821,-0.018562413,-0.02648698
Brent,Q4_2223,1/1/2023,0.020018478,-0.018157037,0.093540524
Brent,Q4_2324,1/1/2024,-0.067818559,-0.058613815,-0.135811979
Brent,Q4_2425,1/1/2025,-0.109788313,-0.020159311,-0.065916839
Brent,Q4_2526,1/1/2026,-0.121745153,-0.083079202,-0.048150417
Bromley,Q1_1516,4/1/2015,0.032041478,,-0.055446941
Bromley,Q1_1617,4/1/2016,-0.018574535,-0.020437195,0.004118793
Bromley,Q1_1718,4/1/2017,0.08477667,0.113863176,0.121076703
Bromley,Q1_1819,4/1/2018,0.127559347,0.065990496,0.033038385
Bromley,Q1_1920,4/1/2019,0.072657382,0.089887877,0.136632306
Bromley,Q1_2021,4/1/2020,0.055467862,0.089101847,0.117464728
Bromley,Q1_2122,4/1/2021,0.032928632,0.042450375,-0.000226093
Bromley,Q1_2223,4/1/2022,-0.021888366,-0.043587288,-0.086572273
Bromley,Q1_2324,4/1/2023,-0.035813207,-0.108942909,-0.052289518
Bromley,Q1_2425,4/1/2024,-0.096344252,-0.059348886,-0.122663885
Bromley,Q1_2526,4/1/2025,-0.130778898,-0.095094246,-0.068740521
Bromley,Q2_1516,7/1/2015,0.02136174,,-0.025926131
Bromley,Q2_1617,7/1/2016,-0.014517349,0.002664471,0.046978955
Bromley,Q2_1718,7/1/2017,0.077575696,0.058358126,0.07600029
Bromley,Q2_1819,7/1/2018,0.095286473,0.084252914,0.071436095
Bromley,Q2_1920,7/1/2019,0.121281558,0.106480946,0.142712022
Bromley,Q2_2021,7/1/2020,0.0579417,0.0962828,0.113307929
Bromley,Q2_2122,7/1/2021,0.020065881,0.017906708,-0.045194604
Bromley,Q2_2223,7/1/2022,-0.02229196,-0.06389583,-0.066856792
Bromley,Q2_2324,7/1/2023,-0.049207003,-0.093892553,-0.057632395
Bromley,Q2_2425,7/1/2024,-0.093365505,-0.059426805,-0.103514361
Bromley,Q2_2526,7/1/2025,-0.117231515,-0.082382318,-0.046239751
Bromley,Q3_1516,10/1/2015,-0.009700351,,0.013325136
Bromley,Q3_1617,10/1/2016,0.00265749,0.020504672,0.034987324
Bromley,Q3_1718,10/1/2017,0.081059353,0.071021336,0.078456136
Bromley,Q3_1819,10/1/2018,0.096752158,0.085373411,0.092469348
Bromley,Q3_1920,10/1/2019,0.08786652,0.101515062,0.10735417
Bromley,Q3_2021,10/1/2020,0.083757063,0.0930837,0.100357919
Bromley,Q3_2122,10/1/2021,-0.011309943,0.004499777,-0.079114888
Bromley,Q3_2223,10/1/2022,-0.037602413,-0.077955602,-0.04060046
Bromley,Q3_2324,10/1/2023,-0.064708633,-0.108098477,-0.101510835
Bromley,Q3_2425,10/1/2024,-0.109801774,-0.074347248,-0.118051686
Bromley,Q3_2526,10/1/2025,-0.129530524,-0.081784749,-0.044910085
Bromley,Q4_1415,1/1/2015,0.018494095,,-0.067947711
Bromley,Q4_1516,1/1/2016,-0.012291852,-0.013279035,0.001498226
Bromley,Q4_1617,1/1/2017,-0.016960157,0.000796976,0.015256868
Bromley,Q4_1718,1/1/2018,0.129317524,0.069689731,0.057228213
Bromley,Q4_1819,1/1/2019,0.079025032,0.087110993,0.124071637
Bromley,Q4_1920,1/1/2020,0.068493987,0.096705016,0.123697271
Bromley,Q4_2021,1/1/2021,0.011368193,0.055967703,0.054574617
Bromley,Q4_2122,1/1/2022,-0.004118756,-0.045292392,-0.118144614
Bromley,Q4_2223,1/1/2023,-0.047156335,-0.087614581,-0.050285992
Bromley,Q4_2324,1/1/2024,-0.077300134,-0.100079645,-0.113337745
Bromley,Q4_2425,1/1/2025,-0.14749131,-0.090225797,-0.093472517
Bromley,Q4_2526,1/1/2026,-0.189751063,-0.147822557,-0.107363275
Camden,Q1_1516,4/1/2015,0.00338766,,-0.053077307
Camden,Q1_1617,4/1/2016,0.004846886,-0.002601816,0.050520193
Camden,Q1_1718,4/1/2017,0.166884885,0.142154172,0.154479452
Camden,Q1_1819,4/1/2018,0.082556621,0.135082659,0.086242025
Camden,Q1_1920,4/1/2019,0.07761944,0.065652468,0.127533708
Camden,Q1_2021,4/1/2020,-0.007201657,-0.003867787,-0.016051531
Camden,Q1_2122,4/1/2021,-0.021451186,-0.008781137,-0.049251569
Camden,Q1_2223,4/1/2022,-0.063319652,-0.072023659,-0.090666666
Camden,Q1_2324,4/1/2023,-0.035878281,-0.055750479,-0.092599138
Camden,Q1_2425,4/1/2024,-0.004369804,-0.067674806,-0.01397193
Camden,Q1_2526,4/1/2025,-0.129863975,-0.058547301,-0.065586972
Camden,Q2_1516,7/1/2015,-0.002461476,,-0.03746205
Camden,Q2_1617,7/1/2016,0.043784504,0.023669846,0.077220183
Camden,Q2_1718,7/1/2017,0.152568851,0.14315985,0.116236771
Camden,Q2_1819,7/1/2018,0.088605435,0.112310052,0.09328006
Camden,Q2_1920,7/1/2019,0.042640379,0.079175738,0.131297603
Camden,Q2_2021,7/1/2020,0.047469177,-0.012521582,0.007435488
Camden,Q2_2122,7/1/2021,-0.04728558,0.001159084,-0.048632471
Camden,Q2_2223,7/1/2022,-0.059876205,-0.096624492,-0.105581717
Camden,Q2_2324,7/1/2023,-0.016800119,-0.063414499,-0.080786578
Camden,Q2_2425,7/1/2024,-0.054438821,-0.067723235,-0.024023667
Camden,Q2_2526,7/1/2025,-0.094463446,-0.054757667,-0.041538522
Camden,Q3_1516,10/1/2015,0.016589549,,0.011826561
Camden,Q3_1617,10/1/2016,0.002197128,0.01255596,0.046030224
Camden,Q3_1718,10/1/2017,0.117478895,0.14958815,0.112421139
Camden,Q3_1819,10/1/2018,0.081021007,0.094005095,0.095090869
Camden,Q3_1920,10/1/2019,0.114631971,0.09759042,0.130286972
Camden,Q3_2021,10/1/2020,0.007686109,-0.03938651,-0.019898286
Camden,Q3_2122,10/1/2021,-0.040521978,-0.034094793,-0.053562208
Camden,Q3_2223,10/1/2022,-0.096676828,-0.067362288,-0.125686944
Camden,Q3_2324,10/1/2023,0.007072168,-0.063680104,-0.050387365
Camden,Q3_2425,10/1/2024,-0.056132233,-0.064877224,-0.010300327
Camden,Q3_2526,10/1/2025,-0.10773184,-0.054068301,-0.061485033
Camden,Q4_1415,1/1/2015,-0.01285832,,-0.04775954
Camden,Q4_1516,1/1/2016,0.016123689,-0.031705864,0.021477334
Camden,Q4_1617,1/1/2017,0.017045526,0.015958156,0.039664774
Camden,Q4_1718,1/1/2018,0.054627112,0.136535554,0.087794147
Camden,Q4_1819,1/1/2019,0.083806286,0.09297672,0.114675218
Camden,Q4_1920,1/1/2020,0.10563522,0.044260111,0.066046259
Camden,Q4_2021,1/1/2021,-0.052050055,-0.037269982,-0.049686082
Camden,Q4_2122,1/1/2022,-0.072488944,-0.065475043,-0.095036724
Camden,Q4_2223,1/1/2023,-0.063881666,-0.07540088,-0.10359158
Camden,Q4_2324,1/1/2024,0.012369173,-0.049963115,-0.036416521
Camden,Q4_2425,1/1/2025,-0.090874596,-0.072239317,-0.048848178
Camden,Q4_2526,1/1/2026,-0.216021008,-0.126022155,-0.147670076
Croydon,Q1_1516,4/1/2015,-0.008038055,,-0.051500297
Croydon,Q1_1617,4/1/2016,0.01348814,-0.020492289,0.039444877
Croydon,Q1_1718,4/1/2017,0.100588913,0.086384504,0.081965529
Croydon,Q1_1819,4/1/2018,0.08004935,0.065984203,0.041631376
Croydon,Q1_1920,4/1/2019,0.058127391,0.061977283,0.126634118
Croydon,Q1_2021,4/1/2020,0.043286733,0.05838601,0.053636292
Croydon,Q1_2122,4/1/2021,0.026344178,0.028073298,-0.008277216
Croydon,Q1_2223,4/1/2022,-0.087258136,-0.057180273,-0.064315122
Croydon,Q1_2324,4/1/2023,-0.091882969,-0.090611426,-0.057179287
Croydon,Q1_2425,4/1/2024,-0.042910793,-0.03395499,-0.071622807
Croydon,Q1_2526,4/1/2025,-0.049781323,-0.051633243,-0.039684722
Croydon,Q2_1516,7/1/2015,-0.020072981,,-0.03276053
Croydon,Q2_1617,7/1/2016,-0.007370106,-0.013710043,0.035106376
Croydon,Q2_1718,7/1/2017,0.14345631,0.108511819,0.093741311
Croydon,Q2_1819,7/1/2018,0.072284686,0.047642593,0.043015723
Croydon,Q2_1920,7/1/2019,0.093605166,0.113460208,0.146219522
Croydon,Q2_2021,7/1/2020,0.030496167,0.038572626,0.020487128
Croydon,Q2_2122,7/1/2021,0.017099568,0.01863372,-0.007809403
Croydon,Q2_2223,7/1/2022,-0.08328078,-0.054229482,-0.06185194
Croydon,Q2_2324,7/1/2023,-0.075911879,-0.068762512,-0.047288371
Croydon,Q2_2425,7/1/2024,-0.031764945,-0.035685911,-0.05472017
Croydon,Q2_2526,7/1/2025,-0.019318839,-0.051290128,-0.029398306
Croydon,Q3_1516,10/1/2015,-0.036881846,,-0.030784256
Croydon,Q3_1617,10/1/2016,0.033071905,-0.000801092,0.049187102
Croydon,Q3_1718,10/1/2017,0.118923974,0.095149289,0.06093443
Croydon,Q3_1819,10/1/2018,0.065306243,0.03988428,0.064886977
Croydon,Q3_1920,10/1/2019,0.082741864,0.112819727,0.145684878
Croydon,Q3_2021,10/1/2020,0.017757405,0.011702791,-0.013595016
Croydon,Q3_2122,10/1/2021,-0.035408203,0.024192188,-0.003169456
Croydon,Q3_2223,10/1/2022,-0.093439996,-0.111766581,-0.088143555
Croydon,Q3_2324,10/1/2023,-0.081862498,-0.073177262,-0.080973596
Croydon,Q3_2425,10/1/2024,-0.016775181,-0.029402993,-0.037823015
Croydon,Q3_2526,10/1/2025,-0.041040139,-0.087405109,-0.072850333
Croydon,Q4_1415,1/1/2015,-0.059379256,,-0.062330905
Croydon,Q4_1516,1/1/2016,0.008123334,-0.014472426,0.006122446
Croydon,Q4_1617,1/1/2017,-0.013767792,0.001543529,0.011144281
Croydon,Q4_1718,1/1/2018,0.095994913,0.072976225,0.039120459
Croydon,Q4_1819,1/1/2019,0.074042122,0.058946431,0.114104105
Croydon,Q4_1920,1/1/2020,0.052109803,0.082350802,0.095293442
Croydon,Q4_2021,1/1/2021,0.037197369,0.043868325,0.019865141
Croydon,Q4_2122,1/1/2022,-0.107109031,-0.084488629,-0.080415793
Croydon,Q4_2223,1/1/2023,-0.082165515,-0.078240023,-0.05354728
Croydon,Q4_2324,1/1/2024,-0.048964269,-0.021027073,-0.05917872
Croydon,Q4_2425,1/1/2025,-0.037597291,-0.067431891,-0.044525161
Croydon,Q4_2526,1/1/2026,-0.092113712,-0.125296475,-0.134480259
Ealing,Q1_1516,4/1/2015,-0.01795227,,0.005751548
Ealing,Q1_1617,4/1/2016,0.014868637,-0.016335205,-0.013645534
Ealing,Q1_1718,4/1/2017,0.118393786,0.078661167,0.002755755
Ealing,Q1_1819,4/1/2018,0.202836939,0.035287413,0.091568078
Ealing,Q1_1920,4/1/2019,0.064443442,0.062334121,0.094048761
Ealing,Q1_2021,4/1/2020,0.037857867,0.072264448,0.110503891
Ealing,Q1_2122,4/1/2021,-0.005012768,-0.007335725,-0.015835014
Ealing,Q1_2223,4/1/2022,-0.056797077,-0.028419041,-0.056216378
Ealing,Q1_2324,4/1/2023,-0.028402329,-0.0133223,0.035577849
Ealing,Q1_2425,4/1/2024,-0.08736573,-0.092692945,-0.144200597
Ealing,Q1_2526,4/1/2025,-0.13786641,-0.026925581,-0.082170287
Ealing,Q2_1516,7/1/2015,-0.034927442,,-0.003601949
Ealing,Q2_1617,7/1/2016,0.000221563,-0.003085259,-0.042501442
Ealing,Q2_1718,7/1/2017,0.145453925,0.046876276,0.042127412
Ealing,Q2_1819,7/1/2018,0.188002937,0.058423869,0.082672218
Ealing,Q2_1920,7/1/2019,0.043195052,0.077647525,0.125919261
Ealing,Q2_2021,7/1/2020,0.072770217,0.077389593,0.08582846
Ealing,Q2_2122,7/1/2021,-0.046151327,-0.018026984,-0.056078361
Ealing,Q2_2223,7/1/2022,-0.037391847,-0.038780146,-0.016343499
Ealing,Q2_2324,7/1/2023,-0.03314224,-0.024057375,-0.01116058
Ealing,Q2_2425,7/1/2024,-0.132403653,-0.099680297,-0.143140041
Ealing,Q2_2526,7/1/2025,-0.089582745,-0.017967627,-0.032537123
Ealing,Q3_1516,10/1/2015,-0.004281692,,-0.043463932
Ealing,Q3_1617,10/1/2016,-0.016167962,0.01303544,0.006132912
Ealing,Q3_1718,10/1/2017,0.197578102,0.048165937,0.032581417
Ealing,Q3_1819,10/1/2018,0.127968951,0.038403234,0.082664954
Ealing,Q3_1920,10/1/2019,0.032770217,0.107389593,0.14582846
Ealing,Q3_2021,10/1/2020,0.079124503,0.04910481,0.062911933
Ealing,Q3_2122,10/1/2021,-0.086882044,-0.028470627,-0.086234538
Ealing,Q3_2223,10/1/2022,-0.018615373,-0.049522991,0.003394994
Ealing,Q3_2324,10/1/2023,-0.038716081,-0.037441446,-0.042351889
Ealing,Q3_2425,10/1/2024,-0.160653331,-0.078617616,-0.152765941
Ealing,Q3_2526,10/1/2025,-0.070483397,-0.038514444,-0.022729621
Ealing,Q4_1415,1/1/2015,-0.01327121,,0.06461472
Ealing,Q4_1516,1/1/2016,-0.037816323,-0.027965337,-0.064219396
Ealing,Q4_1617,1/1/2017,0.003118315,0.022602114,0.025980366
Ealing,Q4_1718,1/1/2018,0.18240298,0.028952598,0.039338007
Ealing,Q4_1819,1/1/2019,0.116414679,0.063530927,0.094470077
Ealing,Q4_1920,1/1/2020,0.03129966,0.080425423,0.133376834
Ealing,Q4_2021,1/1/2021,0.00085658,0.008013725,-0.000992509
Ealing,Q4_2122,1/1/2022,-0.105769601,-0.053866569,-0.098134094
Ealing,Q4_2223,1/1/2023,-0.012565716,-0.025850036,0.064688
Ealing,Q4_2324,1/1/2024,-0.053950054,-0.07061917,-0.103470557
Ealing,Q4_2425,1/1/2025,-0.151910844,-0.039381096,-0.113034712
Ealing,Q4_2526,1/1/2026,-0.181498887,-0.131630393,-0.08790791
Enfield,Q1_1516,4/1/2015,0.007561661,,-0.001727911
Enfield,Q1_1617,4/1/2016,-0.030736774,-0.03421182,0.009413448
Enfield,Q1_1718,4/1/2017,0.11197464,0.062281997,0.014893761
Enfield,Q1_1819,4/1/2018,0.033117972,0.069893151,0.032368371
Enfield,Q1_1920,4/1/2019,-0.052621719,0.012803042,0.005226058
Enfield,Q1_2021,4/1/2020,-0.003585939,0.025314225,0.007871591
Enfield,Q1_2122,4/1/2021,0.032482977,0.006289667,0.018650133
Enfield,Q1_2223,4/1/2022,-0.035226947,-0.062146158,-0.039813753
Enfield,Q1_2324,4/1/2023,-0.067900835,-0.043972485,0.008392684
Enfield,Q1_2425,4/1/2024,-0.036455145,-0.072985045,-0.060637591
Enfield,Q1_2526,4/1/2025,0.060256869,0.064769184,0.017156927
Enfield,Q2_1516,7/1/2015,-0.001657922,,-0.011204431
Enfield,Q2_1617,7/1/2016,-0.009316671,-0.003241856,-0.00963399
Enfield,Q2_1718,7/1/2017,0.088277254,0.069756597,0.032413667
Enfield,Q2_1819,7/1/2018,-0.002165835,0.036284188,0.018824153
Enfield,Q2_1920,7/1/2019,-0.038220678,0.015809055,-0.011821858
Enfield,Q2_2021,7/1/2020,0.023365743,0.036892617,0.049242266
Enfield,Q2_2122,7/1/2021,0.007071232,-0.00740668,-0.014979902
Enfield,Q2_2223,7/1/2022,-0.048361409,-0.074287068,-0.041916256
Enfield,Q2_2324,7/1/2023,-0.069013889,-0.054732727,0.017646081
Enfield,Q2_2425,7/1/2024,0.006589761,-0.030905303,-0.05859516
Enfield,Q2_2526,7/1/2025,0.059054259,0.043947773,0.036350253
Enfield,Q3_1516,10/1/2015,-0.010544868,,-0.000457828
Enfield,Q3_1617,10/1/2016,-0.021491604,0.015272614,-0.001092869
Enfield,Q3_1718,10/1/2017,0.073113281,0.043059715,-0.014342473
Enfield,Q3_1819,10/1/2018,-0.005359575,0.040933022,0.043389586
Enfield,Q3_1920,10/1/2019,-0.033499795,0.019033528,0.021344768
Enfield,Q3_2021,10/1/2020,0.049322927,0.02413128,0.026530467
Enfield,Q3_2122,10/1/2021,-0.028079947,-0.014094823,-0.031727459
Enfield,Q3_2223,10/1/2022,-0.042928768,-0.04740668,-0.004979902
Enfield,Q3_2324,10/1/2023,-0.064817548,-0.081866528,-0.029539141
Enfield,Q3_2425,10/1/2024,0.031847981,0.022686183,-0.015068105
Enfield,Q3_2526,10/1/2025,0.058606479,-0.006358071,0.026049895
Enfield,Q4_1415,1/1/2015,0.016410226,,-0.012500259
Enfield,Q4_1516,1/1/2016,-0.023321106,-0.045976979,0.017679956
Enfield,Q4_1617,1/1/2017,-0.011747478,0.015097846,-0.031264502
Enfield,Q4_1718,1/1/2018,0.043087694,0.033042239,0.005640364
Enfield,Q4_1819,1/1/2019,0.006431546,0.0621564,0.044591016
Enfield,Q4_1920,1/1/2020,-0.043159055,-0.007563971,-0.025134371
Enfield,Q4_2021,1/1/2021,0.004674115,0.014125801,0.046704488
Enfield,Q4_2122,1/1/2022,-0.048988302,-0.04471525,-0.072336756
Enfield,Q4_2223,1/1/2023,-0.038694046,-0.044514266,-0.002139378
Enfield,Q4_2324,1/1/2024,-0.042417019,-0.077057144,-0.024636636
Enfield,Q4_2425,1/1/2025,0.050704649,0.045075028,-0.002542715
Enfield,Q4_2526,1/1/2026,0.046361608,-0.025212299,0.017713314
Greenwich,Q1_1516,4/1/2015,-0.032695047,,-0.087751786
Greenwich,Q1_1617,4/1/2016,-0.017571839,-0.030344007,0.025922057
Greenwich,Q1_1718,4/1/2017,0.180313825,0.146497672,0.109141558
Greenwich,Q1_1819,4/1/2018,0.13927313,0.10369537,0.105566258
Greenwich,Q1_1920,4/1/2019,0.08418848,0.055678016,0.066262026
Greenwich,Q1_2021,4/1/2020,-0.015086995,0.042158778,0.07526864
Greenwich,Q1_2122,4/1/2021,0.006768661,-0.010282894,0.000941289
Greenwich,Q1_2223,4/1/2022,-0.090783303,-0.0783162,-0.11730323
Greenwich,Q1_2324,4/1/2023,-0.059634296,-0.061325578,-0.062137319
Greenwich,Q1_2425,4/1/2024,-0.032353986,-0.061544281,-0.081258583
Greenwich,Q1_2526,4/1/2025,-0.048473372,-0.000392919,-0.011304822
Greenwich,Q2_1516,7/1/2015,-0.000852711,,-0.01643065
Greenwich,Q2_1617,7/1/2016,-0.00376098,-0.007282451,0.028654816
Greenwich,Q2_1718,7/1/2017,0.172837573,0.128525193,0.110951333
Greenwich,Q2_1819,7/1/2018,0.141897828,0.105803991,0.077448424
Greenwich,Q2_1920,7/1/2019,0.052384702,0.070296438,0.119310501
Greenwich,Q2_2021,7/1/2020,0.021462832,0.063488294,0.064307469
Greenwich,Q2_2122,7/1/2021,0.002957802,-0.02334445,-0.041791471
Greenwich,Q2_2223,7/1/2022,-0.096638398,-0.093020047,-0.101501907
Greenwich,Q2_2324,7/1/2023,-0.07150187,-0.072825943,-0.083476552
Greenwich,Q2_2425,7/1/2024,-0.025539866,-0.046069976,-0.066372191
Greenwich,Q2_2526,7/1/2025,-0.052208519,-0.003393649,0.026016711
Greenwich,Q3_1516,10/1/2015,-0.035193557,,0.000456537
Greenwich,Q3_1617,10/1/2016,0.039525851,0.027324345,0.043840816
Greenwich,Q3_1718,10/1/2017,0.12746199,0.114206574,0.077096513
Greenwich,Q3_1819,10/1/2018,0.13237734,0.07618922,0.047792281
Greenwich,Q3_1920,10/1/2019,0.018176002,0.048881498,0.13912147
Greenwich,Q3_2021,10/1/2020,-0.013396084,0.013517217,-0.003518811
Greenwich,Q3_2122,10/1/2021,-0.047496473,-0.043709404,-0.062117231
Greenwich,Q3_2223,10/1/2022,-0.065931749,-0.082452341,-0.11099517
Greenwich,Q3_2324,10/1/2023,-0.061016399,-0.070469696,-0.080299402
Greenwich,Q3_2425,10/1/2024,-0.045085592,-0.015705022,-0.036046432
Greenwich,Q3_2526,10/1/2025,-0.062146127,-0.059411061,0.031719492
Greenwich,Q4_1415,1/1/2015,0.002585545,,-0.071136064
Greenwich,Q4_1516,1/1/2016,-0.072745522,-0.044500424,-0.027787981
Greenwich,Q4_1617,1/1/2017,0.067380666,0.035600952,0.062302507
Greenwich,Q4_1718,1/1/2018,0.080906205,0.08090604,0.055224391
Greenwich,Q4_1819,1/1/2019,0.112534724,0.05828189,0.03073416
Greenwich,Q4_1920,1/1/2020,0.001317366,0.045337661,0.117032175
Greenwich,Q4_2021,1/1/2021,-0.014374387,-0.025302497,-0.01139133
Greenwich,Q4_2122,1/1/2022,-0.09991927,-0.045655824,-0.103854614
Greenwich,Q4_2223,1/1/2023,-0.050752107,-0.086324905,-0.08445184
Greenwich,Q4_2324,1/1/2024,-0.0848213,-0.111560232,-0.110198869
Greenwich,Q4_2425,1/1/2025,-0.084568925,-0.01135748,-0.030017892
Greenwich,Q4_2526,1/1/2026,-0.099801848,-0.131797865,-0.013967274
Hackney,Q1_1516,4/1/2015,-0.017434989,,-0.037785543
Hackney,Q1_1617,4/1/2016,0.006488479,0.020146307,-0.024774868
Hackney,Q1_1718,4/1/2017,0.192265815,0.115519925,0.197781446
Hackney,Q1_1819,4/1/2018,0.061540149,0.109301773,-0.018122402
Hackney,Q1_1920,4/1/2019,-0.002879724,0.049318615,-0.018493481
Hackney,Q1_2021,4/1/2020,-0.054968057,0.010733541,-0.056136989
Hackney,Q1_2122,4/1/2021,0.020517577,-0.013673252,0.008766431
Hackney,Q1_2223,4/1/2022,-0.004209713,-0.021722122,0.000485951
Hackney,Q1_2324,4/1/2023,-0.057047024,-0.113942361,-0.06169126
Hackney,Q1_2425,4/1/2024,-0.028538006,-0.029458771,-0.007488358
Hackney,Q1_2526,4/1/2025,-0.033968796,-0.003708447,0.058344323
Hackney,Q2_1516,7/1/2015,-0.000449632,,-0.06009883
Hackney,Q2_1617,7/1/2016,0.039924285,0.012834877,0.077861599
Hackney,Q2_1718,7/1/2017,0.081426403,0.097037918,0.099463819
Hackney,Q2_1819,7/1/2018,0.086682774,0.123325956,-0.004176207
Hackney,Q2_1920,7/1/2019,0.00855527,0.056091827,-0.04204533
Hackney,Q2_2021,7/1/2020,0.03565146,0.053819551,0.03572643
Hackney,Q2_2122,7/1/2021,0.024837128,-0.002467983,-0.000245456
Hackney,Q2_2223,7/1/2022,-0.00076808,-0.034679298,0.007779882
Hackney,Q2_2324,7/1/2023,-0.047825765,-0.096726584,-0.044615323
Hackney,Q2_2425,7/1/2024,-0.073259468,-0.033153387,-0.011111374
Hackney,Q2_2526,7/1/2025,0.010350756,-0.022503178,0.049332437
Hackney,Q3_1516,10/1/2015,-0.001735288,,-0.081085379
Hackney,Q3_1617,10/1/2016,0.045335822,0.019244335,0.10434064
Hackney,Q3_1718,10/1/2017,0.067350683,0.066023451,0.038662809
Hackney,Q3_1819,10/1/2018,0.069029508,0.092987465,-0.004701935
Hackney,Q3_1920,10/1/2019,0.007386274,0.059526763,-0.068289368
Hackney,Q3_2021,10/1/2020,-0.016179617,0.018911245,0.051300841
Hackney,Q3_2122,10/1/2021,0.014767714,-0.014697147,-0.022625216
Hackney,Q3_2223,10/1/2022,-0.022075903,-0.055702689,-0.003223677
Hackney,Q3_2324,10/1/2023,-0.031020653,-0.09140148,-0.029393418
Hackney,Q3_2425,10/1/2024,-0.040422158,-0.000933148,0.021065837
Hackney,Q3_2526,10/1/2025,-0.054162466,-0.109510304,0.002848702
Hackney,Q4_1415,1/1/2015,-0.05228945,,0.008489384
Hackney,Q4_1516,1/1/2016,-0.017986238,-0.031180381,-0.055882048
Hackney,Q4_1617,1/1/2017,0.043537422,0.025662213,0.120634141
Hackney,Q4_1718,1/1/2018,0.044297535,0.047984009,-0.039027033
Hackney,Q4_1819,1/1/2019,0.032667726,0.068009273,-0.029583651
Hackney,Q4_1920,1/1/2020,-0.048728763,0.016916499,-0.070655248
Hackney,Q4_2021,1/1/2021,-0.00428381,0.009094129,0.022061573
Hackney,Q4_2122,1/1/2022,-0.015932871,-0.028720827,-0.006183323
Hackney,Q4_2223,1/1/2023,-0.058238186,-0.090524771,-0.047952307
Hackney,Q4_2324,1/1/2024,-0.034744623,-0.094315543,-0.062251008
Hackney,Q4_2425,1/1/2025,-0.058551431,-0.002944736,0.039480828
Hackney,Q4_2526,1/1/2026,-0.114912068,-0.180523261,-0.036788042
Hammersmith and Fulham,Q1_1516,4/1/2015,-0.038975944,,-0.043875086
Hammersmith and Fulham,Q1_1617,4/1/2016,0.084427821,0.022029061,0.037738681
Hammersmith and Fulham,Q1_1718,4/1/2017,0.173777761,0.112739209,0.13328845
Hammersmith and Fulham,Q1_1819,4/1/2018,0.127480102,0.095311451,0.105043776
Hammersmith and Fulham,Q1_1920,4/1/2019,0.098738704,0.070081102,0.04512274
Hammersmith and Fulham,Q1_2021,4/1/2020,-0.0097546,0.022494615,0.062649222
Hammersmith and Fulham,Q1_2122,4/1/2021,-0.000641161,0.009669113,-0.008806616
Hammersmith and Fulham,Q1_2223,4/1/2022,-0.054283787,-0.052861642,-0.080533629
Hammersmith and Fulham,Q1_2324,4/1/2023,-0.077949396,-0.12456553,-0.09804817
Hammersmith and Fulham,Q1_2425,4/1/2024,-0.085774375,-0.056949633,-0.056499212
Hammersmith and Fulham,Q1_2526,4/1/2025,-0.083082609,-0.021184276,-0.045740766
Hammersmith and Fulham,Q2_1516,7/1/2015,-0.001394409,,-0.01502171
Hammersmith and Fulham,Q2_1617,7/1/2016,0.066876143,0.03373006,0.028899461
Hammersmith and Fulham,Q2_1718,7/1/2017,0.175121353,0.093672684,0.153925463
Hammersmith and Fulham,Q2_1819,7/1/2018,0.137721254,0.102426606,0.079899232
Hammersmith and Fulham,Q2_1920,7/1/2019,0.096889825,0.065744184,0.048987287
Hammersmith and Fulham,Q2_2021,7/1/2020,0.021657873,0.041266392,0.072283385
Hammersmith and Fulham,Q2_2122,7/1/2021,-0.029506573,-0.01954262,-0.028268693
Hammersmith and Fulham,Q2_2223,7/1/2022,-0.046938821,-0.057758645,-0.08705129
Hammersmith and Fulham,Q2_2324,7/1/2023,-0.098068826,-0.084648506,-0.098104793
Hammersmith and Fulham,Q2_2425,7/1/2024,-0.060457433,-0.056308017,-0.049237261
Hammersmith and Fulham,Q2_2526,7/1/2025,-0.097563538,-0.021245063,-0.022606353
Hammersmith and Fulham,Q3_1516,10/1/2015,-0.004616737,,0.028191668
Hammersmith and Fulham,Q3_1617,10/1/2016,0.04344252,0.011344512,0.007271538
Hammersmith and Fulham,Q3_1718,10/1/2017,0.20443692,0.110144778,0.158342089
Hammersmith and Fulham,Q3_1819,10/1/2018,0.106885242,0.091845777,0.049502868
Hammersmith and Fulham,Q3_1920,10/1/2019,0.068260983,0.069749199,0.094896247
Hammersmith and Fulham,Q3_2021,10/1/2020,0.013116311,0.008384436,0.013492602
Hammersmith and Fulham,Q3_2122,10/1/2021,-0.048879564,-0.009106998,-0.01797142
Hammersmith and Fulham,Q3_2223,10/1/2022,-0.11031502,-0.117051908,-0.143393111
Hammersmith and Fulham,Q3_2324,10/1/2023,-0.063202039,-0.081267251,-0.07579739
Hammersmith and Fulham,Q3_2425,10/1/2024,-0.064217197,-0.041972544,-0.046278689
Hammersmith and Fulham,Q3_2526,10/1/2025,-0.139327428,-0.049418156,-0.058183758
Hammersmith and Fulham,Q4_1415,1/1/2015,-0.049334235,,-0.054044956
Hammersmith and Fulham,Q4_1516,1/1/2016,0.029650607,0.008710038,0.045473745
Hammersmith and Fulham,Q4_1617,1/1/2017,0.022815511,0.000908891,0.026974265
Hammersmith and Fulham,Q4_1718,1/1/2018,0.14464134,0.096391578,0.12895676
Hammersmith and Fulham,Q4_1819,1/1/2019,0.100256858,0.077240633,0.04636027
Hammersmith and Fulham,Q4_1920,1/1/2020,0.0215683,0.041204161,0.092240917
Hammersmith and Fulham,Q4_2021,1/1/2021,-0.005873114,-0.034808679,-0.045510518
Hammersmith and Fulham,Q4_2122,1/1/2022,-0.106435825,-0.051304406,-0.07629506
Hammersmith and Fulham,Q4_2223,1/1/2023,-0.073059626,-0.102011143,-0.079953239
Hammersmith and Fulham,Q4_2324,1/1/2024,-0.0411143,-0.056764382,-0.05954869
Hammersmith and Fulham,Q4_2425,1/1/2025,-0.13410235,-0.045787975,-0.075706484
Hammersmith and Fulham,Q4_2526,1/1/2026,-0.212896522,-0.100531104,-0.093063771
Haringey,Q1_1516,4/1/2015,-0.01935365,,0.005230376
Haringey,Q1_1617,4/1/2016,0.009214761,0.014844796,-0.003897804
Haringey,Q1_1718,4/1/2017,0.118138571,0.127874867,0.131619274
Haringey,Q1_1819,4/1/2018,0.045722861,0.047307335,0.011242416
Haringey,Q1_1920,4/1/2019,0.024961808,0.056360824,0.060276772
Haringey,Q1_2021,4/1/2020,-0.022777274,0.031862142,-0.004919289
Haringey,Q1_2122,4/1/2021,0.046380276,0.035688101,0.069388303
Haringey,Q1_2223,4/1/2022,0.001787712,-0.040023602,-0.066438859
Haringey,Q1_2324,4/1/2023,-0.040116255,-0.089954686,-0.056166405
Haringey,Q1_2425,4/1/2024,-0.074302048,-0.135160495,-0.081477447
Haringey,Q1_2526,4/1/2025,-0.026822731,0.03414142,0.038012503
Haringey,Q2_1516,7/1/2015,-0.015587748,,-0.019991351
Haringey,Q2_1617,7/1/2016,0.019936449,0.02574235,0.037017893
Haringey,Q2_1718,7/1/2017,0.13783544,0.109934718,0.103922911
Haringey,Q2_1819,7/1/2018,0.013413458,0.034435165,0.018312186
Haringey,Q2_1920,7/1/2019,0.047861684,0.069967357,0.053956209
Haringey,Q2_2021,7/1/2020,-0.000313079,0.069800526,0.04358386
Haringey,Q2_2122,7/1/2021,0.027443126,0.017009952,0.040736875
Haringey,Q2_2223,7/1/2022,0.012207604,-0.049501389,-0.06590609
Haringey,Q2_2324,7/1/2023,-0.067741244,-0.11700092,-0.063152929
Haringey,Q2_2425,7/1/2024,-0.051454659,-0.07161924,-0.047864606
Haringey,Q2_2526,7/1/2025,-0.036520934,0.034516761,0.018395431
Haringey,Q3_1516,10/1/2015,-0.043776966,,-0.027693784
Haringey,Q3_1617,10/1/2016,0.076511709,0.041483052,0.052672494
Haringey,Q3_1718,10/1/2017,0.069634435,0.06973525,0.033517264
Haringey,Q3_1819,10/1/2018,0.027364396,0.026912037,0.020636981
Haringey,Q3_1920,10/1/2019,0.00636582,0.038106974,0.032058219
Haringey,Q3_2021,10/1/2020,0.009281485,0.076859441,0.060381175
Haringey,Q3_2122,10/1/2021,0.0129949,-0.01852224,-0.024907148
Haringey,Q3_2223,10/1/2022,-0.003907066,-0.057106113,-0.053664541
Haringey,Q3_2324,10/1/2023,-0.077544419,-0.116756133,-0.052903194
Haringey,Q3_2425,10/1/2024,-0.025601087,-0.036776091,-0.023125701
Haringey,Q3_2526,10/1/2025,-0.081059677,-0.033564857,-0.0500517
Haringey,Q4_1415,1/1/2015,0.060593864,,0.045163779
Haringey,Q4_1516,1/1/2016,-0.035364681,-0.020850587,-0.029708318
Haringey,Q4_1617,1/1/2017,0.048401221,0.043833009,0.065069956
Haringey,Q4_1718,1/1/2018,0.058612283,0.026027164,-0.010467926
Haringey,Q4_1819,1/1/2019,0.010395488,0.03068176,0.044482908
Haringey,Q4_1920,1/1/2020,-0.029380111,0.048523994,-0.017920624
Haringey,Q4_2021,1/1/2021,0.044362216,0.038304567,0.041451222
Haringey,Q4_2122,1/1/2022,-0.003355958,-0.046420709,-0.042965281
Haringey,Q4_2223,1/1/2023,-0.024958128,-0.055976453,-0.072309899
Haringey,Q4_2324,1/1/2024,-0.082450567,-0.155294687,-0.081816498
Haringey,Q4_2425,1/1/2025,-0.051545176,-0.004168666,-0.010667714
Haringey,Q4_2526,1/1/2026,-0.115488111,-0.101256691,-0.119111899
Harrow,Q1_1516,4/1/2015,0.051994604,,0.043991092
Harrow,Q1_1617,4/1/2016,-0.068422351,-0.009096577,-0.056144598
Harrow,Q1_1718,4/1/2017,0.105840748,0.061902357,0.034768572
Harrow,Q1_1819,4/1/2018,0.045006839,0.001370335,-0.005502808
Harrow,Q1_1920,4/1/2019,0.027671829,0.009450416,0.058618766
Harrow,Q1_2021,4/1/2020,0.000767802,0.05866589,0.063117681
Harrow,Q1_2122,4/1/2021,-0.042456689,0.012988568,0.015322638
Harrow,Q1_2223,4/1/2022,-0.073412209,-0.047621041,-0.064988318
Harrow,Q1_2324,4/1/2023,0.074405686,0.007366664,0.087555863
Harrow,Q1_2425,4/1/2024,-0.007175266,-0.033641961,-0.072958626
Harrow,Q1_2526,4/1/2025,-0.068506089,-0.04811115,-0.080137412
Harrow,Q2_1516,7/1/2015,-0.019082528,,0.06364056
Harrow,Q2_1617,7/1/2016,0.002950124,-0.008220957,-0.045697952
Harrow,Q2_1718,7/1/2017,0.042418247,0.03971885,0.013654786
Harrow,Q2_1819,7/1/2018,0.056900507,-0.007421532,0.00511345
Harrow,Q2_1920,7/1/2019,-0.00092095,0.050348203,0.079076718
Harrow,Q2_2021,7/1/2020,0.024944252,0.047710262,0.057731129
Harrow,Q2_2122,7/1/2021,-0.048947322,0.005227493,0.006464692
Harrow,Q2_2223,7/1/2022,-0.029242665,-0.034960931,-0.023631421
Harrow,Q2_2324,7/1/2023,0.060340381,0.004773058,0.046232889
Harrow,Q2_2425,7/1/2024,-0.028228119,-0.01793381,-0.070046952
Harrow,Q2_2526,7/1/2025,-0.067342091,-0.057368536,-0.089758612
Harrow,Q3_1516,10/1/2015,-0.038561335,,0.023810173
Harrow,Q3_1617,10/1/2016,-5.54E-05,-0.010138453,-0.036676049
Harrow,Q3_1718,10/1/2017,0.030785175,0.008676974,-0.006876665
Harrow,Q3_1819,10/1/2018,0.053311181,0.016668386,0.017199678
Harrow,Q3_1920,10/1/2019,0.010885852,0.061500917,0.099664707
Harrow,Q3_2021,10/1/2020,0.032477272,0.026136364,0.046928299
Harrow,Q3_2122,10/1/2021,-0.087088401,-0.003586542,-0.052930358
Harrow,Q3_2223,10/1/2022,0.0333633,-0.023298363,0.027216639
Harrow,Q3_2324,10/1/2023,0.053901866,0.007045234,0.017391905
Harrow,Q3_2425,10/1/2024,-0.050062762,-0.032724429,-0.077389697
Harrow,Q3_2526,10/1/2025,-0.040469249,-0.029363618,-0.070776284
Harrow,Q4_1415,1/1/2015,0.118433118,,0.042832076
Harrow,Q4_1516,1/1/2016,-0.060767719,-0.000592888,-0.016907852
Harrow,Q4_1617,1/1/2017,-0.001080435,0.019207604,-0.027009619
Harrow,Q4_1718,1/1/2018,0.050733056,-0.001356277,0.013106373
Harrow,Q4_1819,1/1/2019,0.045899773,0.02831987,0.038042085
Harrow,Q4_1920,1/1/2020,0.017237501,0.059173322,0.088477422
Harrow,Q4_2021,1/1/2021,-0.041890282,-0.003029929,0.012252659
Harrow,Q4_2122,1/1/2022,-0.08308212,-0.027410449,-0.084880897
Harrow,Q4_2223,1/1/2023,0.068811548,0.003797684,0.095735361
Harrow,Q4_2324,1/1/2024,0.006542577,-0.03127003,-0.041748727
Harrow,Q4_2425,1/1/2025,-0.063961243,-0.05159146,-0.081912685
Harrow,Q4_2526,1/1/2026,-0.094867988,-0.051309519,-0.091970682
Havering,Q1_1516,4/1/2015,-0.01684751,,-0.052723391
Havering,Q1_1617,4/1/2016,-0.002484638,-0.003704902,-0.001512495
Havering,Q1_1718,4/1/2017,0.164942361,0.098886993,0.092180661
Havering,Q1_1819,4/1/2018,0.093554174,0.057982341,0.081795375
Havering,Q1_1920,4/1/2019,0.030561212,0.012548681,0.063740147
Havering,Q1_2021,4/1/2020,0.013645552,0.005457931,0.037943462
Havering,Q1_2122,4/1/2021,-0.010922632,-0.001451892,-0.002222597
Havering,Q1_2223,4/1/2022,-0.018663814,-0.010429492,-0.083269307
Havering,Q1_2324,4/1/2023,-0.024715841,-0.041339889,-0.05939811
Havering,Q1_2425,4/1/2024,-0.080599109,-0.055173893,-0.051030984
Havering,Q1_2526,4/1/2025,-0.096085753,0.001250576,-0.012553778
Havering,Q2_1516,7/1/2015,-0.019227259,,-0.043383879
Havering,Q2_1617,7/1/2016,0.007515362,-0.003704902,0.018487505
Havering,Q2_1718,7/1/2017,0.130248967,0.075828406,0.09087803
Havering,Q2_1819,7/1/2018,0.07252956,0.047314621,0.051510998
Havering,Q2_1920,7/1/2019,0.033289757,0.017810026,0.061721988
Havering,Q2_2021,7/1/2020,0.088959936,0.024988372,0.050520266
Havering,Q2_2122,7/1/2021,0.002793976,0.007486936,0.001584386
Havering,Q2_2223,7/1/2022,-0.039787584,-0.02116183,-0.073581204
Havering,Q2_2324,7/1/2023,0.005398091,-0.04474885,-0.046591033
Havering,Q2_2425,7/1/2024,-0.11613708,-0.022266081,-0.059792568
Havering,Q2_2526,7/1/2025,-0.051921192,-0.006035466,-0.001397923
Havering,Q3_1516,10/1/2015,-0.001658336,,-0.001283159
Havering,Q3_1617,10/1/2016,-0.024236397,-0.024846487,-0.001998688
Havering,Q3_1718,10/1/2017,0.138743348,0.081364018,0.083235608
Havering,Q3_1819,10/1/2018,0.049206077,0.021665568,0.053364036
Havering,Q3_1920,10/1/2019,0.059834067,0.042074816,0.073538332
Havering,Q3_2021,10/1/2020,0.057358661,0.027428062,0.047300384
Havering,Q3_2122,10/1/2021,-0.039618825,-0.014085436,-0.049085276
Havering,Q3_2223,10/1/2022,-0.022281266,-0.049303702,-0.067048769
Havering,Q3_2324,10/1/2023,-0.042717941,-0.053521107,-0.056068147
Havering,Q3_2425,10/1/2024,-0.112233437,-0.012755742,-0.05426004
Havering,Q3_2526,10/1/2025,-0.048843851,-0.03706361,-0.01609473
Havering,Q4_1415,1/1/2015,-0.012334154,,-0.044246184
Havering,Q4_1516,1/1/2016,-0.004963543,0.004679647,-0.012200504
Havering,Q4_1617,1/1/2017,0.00348301,-0.006332702,0.047368344
Havering,Q4_1718,1/1/2018,0.12086218,0.069711233,0.05827277
Havering,Q4_1819,1/1/2019,0.012165987,0.007077688,0.06141009
Havering,Q4_1920,1/1/2020,0.051604102,0.036711519,0.071254142
Havering,Q4_2021,1/1/2021,0.022635714,0.001316633,0.020438641
Havering,Q4_2122,1/1/2022,-0.067602649,-0.042771536,-0.088525695
Havering,Q4_2223,1/1/2023,-0.009985897,-0.031291066,-0.053636245
Havering,Q4_2324,1/1/2024,-0.05580656,-0.052050688,-0.049700834
Havering,Q4_2425,1/1/2025,-0.123768609,-0.010272973,-0.027461575
Havering,Q4_2526,1/1/2026,-0.11588822,-0.097271821,-0.057478049
Hillingdon,Q1_1516,4/1/2015,0.025256504,,0.067496232
Hillingdon,Q1_1617,4/1/2016,-0.034653956,-0.003706703,-0.062541938
Hillingdon,Q1_1718,4/1/2017,0.081115847,0.042781085,-0.032053369
Hillingdon,Q1_1819,4/1/2018,0.061018846,0.032703755,0.027987982
Hillingdon,Q1_1920,4/1/2019,-0.024526545,0.016254979,0.006089005
Hillingdon,Q1_2021,4/1/2020,-0.000719721,0.031317766,0.048729124
Hillingdon,Q1_2122,4/1/2021,0.033466269,0.034654846,0.046944658
Hillingdon,Q1_2223,4/1/2022,-0.053407297,-0.012852754,0.015611875
Hillingdon,Q1_2324,4/1/2023,0.041787396,0.023316445,0.077660353
Hillingdon,Q1_2425,4/1/2024,-0.016975349,-0.02772519,-0.057130031
Hillingdon,Q1_2526,4/1/2025,-0.032595356,-0.034233451,-0.058997199
Hillingdon,Q2_1516,7/1/2015,0.015107271,,0.02755985
Hillingdon,Q2_1617,7/1/2016,-0.053266088,-0.012600291,-0.073133579
Hillingdon,Q2_1718,7/1/2017,0.129862289,0.041781745,-0.031518984
Hillingdon,Q2_1819,7/1/2018,0.030503991,0.022293312,0.028207462
Hillingdon,Q2_1920,7/1/2019,-0.012989444,0.04748036,0.035433747
Hillingdon,Q2_2021,7/1/2020,-0.010616637,0.009371966,0.034422231
Hillingdon,Q2_2122,7/1/2021,0.011697856,0.043245064,0.027698523
Hillingdon,Q2_2223,7/1/2022,0.01734633,-0.01225196,0.065290608
Hillingdon,Q2_2324,7/1/2023,0.011593393,-0.006838215,0.027743055
Hillingdon,Q2_2425,7/1/2024,0.007285257,-0.024328626,-0.058946305
Hillingdon,Q2_2526,7/1/2025,-0.098342212,-0.050842835,-0.080810293
Hillingdon,Q3_1516,10/1/2015,0.014771497,,-0.002297011
Hillingdon,Q3_1617,10/1/2016,-0.044445029,-0.013540146,-0.062631002
Hillingdon,Q3_1718,10/1/2017,0.113525962,0.054702434,-0.033080789
Hillingdon,Q3_1819,10/1/2018,0.006585241,0.007141298,0.025615056
Hillingdon,Q3_1920,10/1/2019,0.009137128,0.049175668,0.0245272
Hillingdon,Q3_2021,10/1/2020,0.012966338,0.0242563,0.067157776
Hillingdon,Q3_2122,10/1/2021,0.008428271,0.008610565,-0.005170618
Hillingdon,Q3_2223,10/1/2022,0.029592289,0.019538523,0.074333167
Hillingdon,Q3_2324,10/1/2023,0.000295065,-0.027873245,0.008296526
Hillingdon,Q3_2425,10/1/2024,0.005845158,-0.025476677,-0.048332398
Hillingdon,Q3_2526,10/1/2025,-0.164050379,-0.115393398,-0.11837693
Hillingdon,Q4_1415,1/1/2015,0.064338721,,0.097887479
Hillingdon,Q4_1516,1/1/2016,-0.016049286,-0.014819063,-0.061947116
Hillingdon,Q4_1617,1/1/2017,-0.025997054,0.015222577,0.008030618
Hillingdon,Q4_1718,1/1/2018,0.069884674,0.031799591,-0.001528526
Hillingdon,Q4_1819,1/1/2019,0.025145142,-0.004006753,0.006228963
Hillingdon,Q4_1920,1/1/2020,-0.025362251,0.035588753,0.026445262
Hillingdon,Q4_2021,1/1/2021,0.036638853,0.029212015,0.04985515
Hillingdon,Q4_2122,1/1/2022,-0.045645794,0.005362712,0.036566135
Hillingdon,Q4_2223,1/1/2023,0.066540472,0.027105607,0.085634141
Hillingdon,Q4_2324,1/1/2024,-0.034489237,-0.033715279,-0.033926899
Hillingdon,Q4_2425,1/1/2025,-0.005318861,-0.026404635,-0.037836183
Hillingdon,Q4_2526,1/1/2026,-0.230285565,-0.206308146,-0.187193006
Hounslow,Q1_1516,4/1/2015,-0.019760278,,-0.013527054
Hounslow,Q1_1617,4/1/2016,-0.017506756,-0.000824951,-0.002697093
Hounslow,Q1_1718,4/1/2017,0.218925847,0.092411629,0.032818523
Hounslow,Q1_1819,4/1/2018,0.100317283,0.043756949,0.113330982
Hounslow,Q1_1920,4/1/2019,0.036775364,0.070000993,0.075709459
Hounslow,Q1_2021,4/1/2020,0.040168871,0.063944882,0.109593375
Hounslow,Q1_2122,4/1/2021,0.010755888,0.014181018,0.003492518
Hounslow,Q1_2223,4/1/2022,-0.0273082,-0.023947231,-0.025794496
Hounslow,Q1_2324,4/1/2023,-0.050245147,-0.047118266,-0.033193211
Hounslow,Q1_2425,4/1/2024,-0.093784236,-0.04054006,-0.124496639
Hounslow,Q1_2526,4/1/2025,-0.074407163,-0.081473768,-0.091043113
Hounslow,Q2_1516,7/1/2015,-0.017567253,,-0.042719374
Hounslow,Q2_1617,7/1/2016,-0.005948952,0.010681224,0.017876638
Hounslow,Q2_1718,7/1/2017,0.207897394,0.071417261,0.042439749
Hounslow,Q2_1819,7/1/2018,0.086581579,0.060145056,0.091955141
Hounslow,Q2_1920,7/1/2019,0.015671289,0.07893351,0.115302834
Hounslow,Q2_2021,7/1/2020,0.035792284,0.039050494,0.065347395
Hounslow,Q2_2122,7/1/2021,-0.002420217,-0.008889823,-0.007677225
Hounslow,Q2_2223,7/1/2022,-0.01169425,-0.018187916,-0.027409855
Hounslow,Q2_2324,7/1/2023,-0.061460754,-0.038956436,-0.036275019
Hounslow,Q2_2425,7/1/2024,-0.06239563,-0.019528902,-0.120302276
Hounslow,Q2_2526,7/1/2025,-0.09986987,-0.087086853,-0.069372052
Hounslow,Q3_1516,10/1/2015,-0.025253234,,-0.021867133
Hounslow,Q3_1617,10/1/2016,0.014005675,0.010637354,0.007859927
Hounslow,Q3_1718,10/1/2017,0.199440073,0.062908812,0.06300791
Hounslow,Q3_1819,10/1/2018,0.076775364,0.090000993,0.115709459
Hounslow,Q3_1920,10/1/2019,0.02883227,0.061989728,0.106467006
Hounslow,Q3_2021,10/1/2020,0.002104783,0.025816632,0.030306361
Hounslow,Q3_2122,10/1/2021,-0.01225385,0.011271031,0.002384047
Hounslow,Q3_2223,10/1/2022,-0.010877537,-0.057398272,-0.037109064
Hounslow,Q3_2324,10/1/2023,-0.082274636,-0.049411918,-0.060257714
Hounslow,Q3_2425,10/1/2024,-0.065707854,-0.052731351,-0.11152215
Hounslow,Q3_2526,10/1/2025,-0.153194388,-0.109969761,-0.104279401
Hounslow,Q4_1415,1/1/2015,0.017456849,,0.005448029
Hounslow,Q4_1516,1/1/2016,-0.02808148,-0.031380627,-0.002908761
Hounslow,Q4_1617,1/1/2017,0.0429016,-0.000430128,-0.012546698
Hounslow,Q4_1718,1/1/2018,0.152649258,0.046343062,0.070506889
Hounslow,Q4_1819,1/1/2019,0.073417767,0.066754675,0.094472873
Hounslow,Q4_1920,1/1/2020,0.018865349,0.072353136,0.122796242
Hounslow,Q4_2021,1/1/2021,-0.009072083,-0.004989803,0.006189981
Hounslow,Q4_2122,1/1/2022,-0.0160803,-0.012428602,-0.009025214
Hounslow,Q4_2223,1/1/2023,-0.040544802,-0.047076565,-0.02698652
Hounslow,Q4_2324,1/1/2024,-0.111712205,-0.048536702,-0.133733521
Hounslow,Q4_2425,1/1/2025,-0.069985203,-0.066535512,-0.076780422
Hounslow,Q4_2526,1/1/2026,-0.209928507,-0.145154992,-0.101491329
Islington,Q1_1516,4/1/2015,0.007056241,,0.028423649
Islington,Q1_1617,4/1/2016,0.047563181,0.039563152,0.018881406
Islington,Q1_1718,4/1/2017,0.187185612,0.161765619,0.225255973
Islington,Q1_1819,4/1/2018,0.051582322,0.141088641,0.115047244
Islington,Q1_1920,4/1/2019,0.011662365,0.091132802,-0.014880479
Islington,Q1_2021,4/1/2020,-0.028215282,0.012580496,-0.007978685
Islington,Q1_2122,4/1/2021,0.042099771,-0.035177223,-0.061574947
Islington,Q1_2223,4/1/2022,-0.010931087,-0.095815151,-0.08625213
Islington,Q1_2324,4/1/2023,-0.0476919,-0.112993823,-0.095267579
Islington,Q1_2425,4/1/2024,-0.034831638,-0.075898668,-0.003655004
Islington,Q1_2526,4/1/2025,-0.07591478,-0.045462018,-0.006573435
Islington,Q2_1516,7/1/2015,0.034969729,,0.007509755
Islington,Q2_1617,7/1/2016,0.005668827,0.018518015,0.03717084
Islington,Q2_1718,7/1/2017,0.188119448,0.182280828,0.19609921
Islington,Q2_1819,7/1/2018,0.034143702,0.132501784,0.087360122
Islington,Q2_1920,7/1/2019,0.03332737,0.083085636,0.024682615
Islington,Q2_2021,7/1/2020,0.049954778,0.040190706,0.023577602
Islington,Q2_2122,7/1/2021,0.050376284,-0.065093859,-0.055071598
Islington,Q2_2223,7/1/2022,-0.024634361,-0.112341175,-0.100566304
Islington,Q2_2324,7/1/2023,-0.053695134,-0.096305877,-0.060688387
Islington,Q2_2425,7/1/2024,-0.04205681,-0.054367763,-0.011149386
Islington,Q2_2526,7/1/2025,-0.120375904,-0.043440388,-0.039631559
Islington,Q3_1516,10/1/2015,0.042760593,,0.02454476
Islington,Q3_1617,10/1/2016,0.006549301,0.029003783,0.047965892
Islington,Q3_1718,10/1/2017,0.131678536,0.167693071,0.152223562
Islington,Q3_1819,10/1/2018,0.002729606,0.131721611,0.06608322
Islington,Q3_1920,10/1/2019,0.035221724,0.054130773,0.016393181
Islington,Q3_2021,10/1/2020,0.046390028,0.031672646,-0.006730738
Islington,Q3_2122,10/1/2021,0.037206631,-0.071325478,-0.068903923
Islington,Q3_2223,10/1/2022,-0.034922462,-0.106983008,-0.091796641
Islington,Q3_2324,10/1/2023,-0.0704988,-0.110059538,-0.05683197
Islington,Q3_2425,10/1/2024,-0.060242499,-0.053366787,-0.009511097
Islington,Q3_2526,10/1/2025,-0.131934185,-0.075334341,-0.039098284
Islington,Q4_1415,1/1/2015,0.013134128,,0.014882054
Islington,Q4_1516,1/1/2016,0.021607918,0.050760449,0.034474103
Islington,Q4_1617,1/1/2017,-0.02297044,0.019268747,0.028399557
Islington,Q4_1718,1/1/2018,0.068962189,0.134125968,0.0836515
Islington,Q4_1819,1/1/2019,0.004725294,0.107305539,0.038855476
Islington,Q4_1920,1/1/2020,0.008300554,0.039278052,0.002083869
Islington,Q4_2021,1/1/2021,0.019837002,0.001505918,-0.049737436
Islington,Q4_2122,1/1/2022,-0.001144535,-0.125932913,-0.10644487
Islington,Q4_2223,1/1/2023,-0.034474275,-0.102252853,-0.100421749
Islington,Q4_2324,1/1/2024,-0.086075137,-0.103136068,-0.051867298
Islington,Q4_2425,1/1/2025,-0.077019483,-0.057105727,-0.025630587
Islington,Q4_2526,1/1/2026,-0.225184424,-0.126781577,-0.123301503
Kensington and Chelsea,Q1_1516,4/1/2015,0.006661503,,-0.0417597
Kensington and Chelsea,Q1_1617,4/1/2016,0.045089033,0.022816104,0.018027439
Kensington and Chelsea,Q1_1718,4/1/2017,0.116324266,0.087562425,0.104438783
Kensington and Chelsea,Q1_1819,4/1/2018,0.154020929,0.086332316,0.094126986
Kensington and Chelsea,Q1_1920,4/1/2019,0.179634893,0.084671036,0.116240614
Kensington and Chelsea,Q1_2021,4/1/2020,-0.010960575,0.012309704,0.068037939
Kensington and Chelsea,Q1_2122,4/1/2021,-0.048758159,-0.050492424,-0.057602891
Kensington and Chelsea,Q1_2223,4/1/2022,-0.09467237,-0.052969834,-0.105696129
Kensington and Chelsea,Q1_2324,4/1/2023,-0.039767125,-0.045009608,-0.053678439
Kensington and Chelsea,Q1_2425,4/1/2024,-0.065891318,-0.022939713,-0.03315378
Kensington and Chelsea,Q1_2526,4/1/2025,-0.187065134,-0.083566596,-0.063312676
Kensington and Chelsea,Q2_1516,7/1/2015,0.031223882,,-0.051142101
Kensington and Chelsea,Q2_1617,7/1/2016,0.034590297,0.027890304,0.059313604
Kensington and Chelsea,Q2_1718,7/1/2017,0.138028783,0.099153838,0.097376876
Kensington and Chelsea,Q2_1819,7/1/2018,0.164928138,0.087497922,0.106957148
Kensington and Chelsea,Q2_1920,7/1/2019,0.201460803,0.091667833,0.120548816
Kensington and Chelsea,Q2_2021,7/1/2020,0.039724321,0.014037689,0.053545363
Kensington and Chelsea,Q2_2122,7/1/2021,-0.068193817,-0.034850481,-0.106172819
Kensington and Chelsea,Q2_2223,7/1/2022,-0.093620784,-0.057067676,-0.0942001
Kensington and Chelsea,Q2_2324,7/1/2023,-0.021141106,-0.035062284,-0.031157076
Kensington and Chelsea,Q2_2425,7/1/2024,-0.085216239,-0.02723863,-0.031708718
Kensington and Chelsea,Q2_2526,7/1/2025,-0.150388092,-0.074660132,-0.081055142
Kensington and Chelsea,Q3_1516,10/1/2015,0.038056794,,-0.021570822
Kensington and Chelsea,Q3_1617,10/1/2016,0.00721519,0.02395159,0.078315252
Kensington and Chelsea,Q3_1718,10/1/2017,0.144264552,0.096462424,0.084159964
Kensington and Chelsea,Q3_1819,10/1/2018,0.183965142,0.091643075,0.135473112
Kensington and Chelsea,Q3_1920,10/1/2019,0.169412581,0.105233416,0.128917875
Kensington and Chelsea,Q3_2021,10/1/2020,-0.002656113,-0.062574147,-0.008130548
Kensington and Chelsea,Q3_2122,10/1/2021,-0.088138867,0.000519418,-0.094811703
Kensington and Chelsea,Q3_2223,10/1/2022,-0.099024766,-0.079953701,-0.114931625
Kensington and Chelsea,Q3_2324,10/1/2023,-0.012890755,-0.015996693,-0.001393922
Kensington and Chelsea,Q3_2425,10/1/2024,-0.117497428,-0.038456912,-0.072017517
Kensington and Chelsea,Q3_2526,10/1/2025,-0.168825439,-0.099847249,-0.094904643
Kensington and Chelsea,Q4_1415,1/1/2015,-0.023183464,,-0.031738713
Kensington and Chelsea,Q4_1516,1/1/2016,0.034048102,0.02226019,-0.00211347
Kensington and Chelsea,Q4_1617,1/1/2017,0.008344711,0.034554816,0.088468152
Kensington and Chelsea,Q4_1718,1/1/2018,0.149126339,0.083718334,0.083464416
Kensington and Chelsea,Q4_1819,1/1/2019,0.181728248,0.08044845,0.125170308
Kensington and Chelsea,Q4_1920,1/1/2020,0.044906828,0.046805435,0.084246908
Kensington and Chelsea,Q4_2021,1/1/2021,-0.008280732,-0.046259111,-0.001599296
Kensington and Chelsea,Q4_2122,1/1/2022,-0.118481734,-0.055004245,-0.136211794
Kensington and Chelsea,Q4_2223,1/1/2023,-0.088370997,-0.054945105,-0.066196804
Kensington and Chelsea,Q4_2324,1/1/2024,-0.046378563,-0.023199929,-0.023219737
Kensington and Chelsea,Q4_2425,1/1/2025,-0.14339931,-0.066949396,-0.07417012
Kensington and Chelsea,Q4_2526,1/1/2026,-0.289952447,-0.172492453,-0.153179271
Kingston upon Thames,Q1_1516,4/1/2015,-0.01841307,,-0.045561899
Kingston upon Thames,Q1_1617,4/1/2016,0.0352364,0.007704329,-0.006137214
Kingston upon Thames,Q1_1718,4/1/2017,0.131904051,0.090543323,0.067047325
Kingston upon Thames,Q1_1819,4/1/2018,0.120194694,0.055427425,0.055740359
Kingston upon Thames,Q1_1920,4/1/2019,0.061615495,0.028046635,0.092363509
Kingston upon Thames,Q1_2021,4/1/2020,0.03401009,0.05589291,0.078291756
Kingston upon Thames,Q1_2122,4/1/2021,0.044280514,0.027834423,0.055096256
Kingston upon Thames,Q1_2223,4/1/2022,-0.044529442,-0.05146451,-0.025091347
Kingston upon Thames,Q1_2324,4/1/2023,-0.142668666,-0.054477207,-0.136961121
Kingston upon Thames,Q1_2425,4/1/2024,-0.060717673,-0.09511006,-0.094115813
Kingston upon Thames,Q1_2526,4/1/2025,-0.104093092,-0.011207452,-0.065160135
Kingston upon Thames,Q2_1516,7/1/2015,-0.025041277,,-0.02609344
Kingston upon Thames,Q2_1617,7/1/2016,0.026466112,0.008428765,0.01366893
Kingston upon Thames,Q2_1718,7/1/2017,0.156346884,0.083160641,0.066346941
Kingston upon Thames,Q2_1819,7/1/2018,0.129870096,0.067018403,0.08263866
Kingston upon Thames,Q2_1920,7/1/2019,0.071893172,0.038210218,0.062319735
Kingston upon Thames,Q2_2021,7/1/2020,0.025942949,0.054704882,0.063257749
Kingston upon Thames,Q2_2122,7/1/2021,0.049556377,0.040942487,0.03426455
Kingston upon Thames,Q2_2223,7/1/2022,-0.053494444,-0.046745884,-0.033678073
Kingston upon Thames,Q2_2324,7/1/2023,-0.144533068,-0.095575545,-0.11666721
Kingston upon Thames,Q2_2425,7/1/2024,-0.068975901,-0.068192863,-0.115966827
Kingston upon Thames,Q2_2526,7/1/2025,-0.088539552,-0.017935805,-0.056035614
Kingston upon Thames,Q3_1516,10/1/2015,-0.005120614,,0.003919067
Kingston upon Thames,Q3_1617,10/1/2016,0.02202328,0.015811447,0.034369313
Kingston upon Thames,Q3_1718,10/1/2017,0.152773124,0.066946404,0.035333886
Kingston upon Thames,Q3_1819,10/1/2018,0.120703127,0.077509151,0.102507338
Kingston upon Thames,Q3_1920,10/1/2019,0.069830428,0.036995035,0.082644913
Kingston upon Thames,Q3_2021,10/1/2020,-0.0121421,0.028159694,0.047685174
Kingston upon Thames,Q3_2122,10/1/2021,0.042134807,0.022461466,0.053858078
Kingston upon Thames,Q3_2223,10/1/2022,-0.096155836,-0.062422635,-0.094834957
Kingston upon Thames,Q3_2324,10/1/2023,-0.108936233,-0.098169494,-0.12597308
Kingston upon Thames,Q3_2425,10/1/2024,-0.091154023,-0.055367118,-0.084047025
Kingston upon Thames,Q3_2526,10/1/2025,-0.085445436,-0.03611303,-0.046523381
Kingston upon Thames,Q4_1415,1/1/2015,-0.000753491,,0.004807053
Kingston upon Thames,Q4_1516,1/1/2016,-0.008532074,-0.004515718,-0.005543139
Kingston upon Thames,Q4_1617,1/1/2017,0.053054651,0.016419039,0.034206724
Kingston upon Thames,Q4_1718,1/1/2018,0.128012946,0.054142135,0.036084297
Kingston upon Thames,Q4_1819,1/1/2019,0.118799056,0.046387443,0.102807502
Kingston upon Thames,Q4_1920,1/1/2020,0.033126511,0.073045689,0.113701742
Kingston upon Thames,Q4_2021,1/1/2021,-0.015308299,0.014512252,0.041337174
Kingston upon Thames,Q4_2122,1/1/2022,-0.005957495,-0.032305791,0.025133776
Kingston upon Thames,Q4_2223,1/1/2023,-0.113656743,-0.040950394,-0.105228922
Kingston upon Thames,Q4_2324,1/1/2024,-0.088813602,-0.113988352,-0.124415977
Kingston upon Thames,Q4_2425,1/1/2025,-0.08564015,-0.02211884,-0.074916251
Kingston upon Thames,Q4_2526,1/1/2026,-0.159152483,-0.103643497,-0.00648038
Lambeth,Q1_1516,4/1/2015,-0.054641548,,-0.051894407
Lambeth,Q1_1617,4/1/2016,0.038756971,0.019510169,0.040344679
Lambeth,Q1_1718,4/1/2017,0.157299687,0.152772032,0.204799252
Lambeth,Q1_1819,4/1/2018,0.091520428,0.136585965,0.127580052
Lambeth,Q1_1920,4/1/2019,0.105887342,0.110531981,0.120457158
Lambeth,Q1_2021,4/1/2020,0.006955984,-0.003683216,-0.011780868
Lambeth,Q1_2122,4/1/2021,-0.028492411,-0.002461805,-0.069016825
Lambeth,Q1_2223,4/1/2022,-0.084728461,-0.149060636,-0.206536977
Lambeth,Q1_2324,4/1/2023,-0.048179819,-0.105070837,-0.059045621
Lambeth,Q1_2425,4/1/2024,-0.028263769,-0.04707436,-0.005924095
Lambeth,Q1_2526,4/1/2025,-0.029688955,0.021637819,0.003136933
Lambeth,Q2_1516,7/1/2015,0.016253761,,-0.03130454
Lambeth,Q2_1617,7/1/2016,0.0233066,0.01362129,0.063342166
Lambeth,Q2_1718,7/1/2017,0.161076477,0.165220972,0.193875977
Lambeth,Q2_1819,7/1/2018,0.072854255,0.117791233,0.108458833
Lambeth,Q2_1920,7/1/2019,0.115096231,0.108853288,0.126524359
Lambeth,Q2_2021,7/1/2020,0.03791549,0.03236465,-0.008206614
Lambeth,Q2_2122,7/1/2021,-0.015488461,-0.021675049,-0.10386086
Lambeth,Q2_2223,7/1/2022,-0.080531424,-0.186231955,-0.187183375
Lambeth,Q2_2324,7/1/2023,-0.039404016,-0.076177042,-0.039852174
Lambeth,Q2_2425,7/1/2024,-0.021119572,-0.000618743,0.018782801
Lambeth,Q2_2526,7/1/2025,-0.050164016,0.011208545,-0.007176057
Lambeth,Q3_1516,10/1/2015,-0.032997103,,-0.040810978
Lambeth,Q3_1617,10/1/2016,0.047624131,0.008486516,0.069598317
Lambeth,Q3_1718,10/1/2017,0.146568823,0.172111611,0.184317728
Lambeth,Q3_1819,10/1/2018,0.063974255,0.099767116,0.102608318
Lambeth,Q3_1920,10/1/2019,0.094370798,0.079161607,0.119457995
Lambeth,Q3_2021,10/1/2020,-0.004224263,-0.016677371,-0.069381627
Lambeth,Q3_2122,10/1/2021,-0.064765004,-0.059093657,-0.136561053
Lambeth,Q3_2223,10/1/2022,-0.072407967,-0.166963799,-0.165008139
Lambeth,Q3_2324,10/1/2023,-0.035470189,-0.081658538,-0.023848822
Lambeth,Q3_2425,10/1/2024,-0.045937843,-0.004008782,-0.000980096
Lambeth,Q3_2526,10/1/2025,-0.130299325,-0.046986058,-0.040442041
Lambeth,Q4_1415,1/1/2015,-0.007327474,,-0.023664007
Lambeth,Q4_1516,1/1/2016,0.022617712,-0.026037369,-0.003700121
Lambeth,Q4_1617,1/1/2017,-0.003892412,0.017116142,0.068599155
Lambeth,Q4_1718,1/1/2018,0.113997959,0.130752367,0.136035517
Lambeth,Q4_1819,1/1/2019,0.094230058,0.099998264,0.112776851
Lambeth,Q4_1920,1/1/2020,0.015423144,0.012040188,0.026974488
Lambeth,Q4_2021,1/1/2021,-0.019311177,-0.009346328,-0.055909935
Lambeth,Q4_2122,1/1/2022,-0.124613399,-0.137992833,-0.203049588
Lambeth,Q4_2223,1/1/2023,-0.034746732,-0.129077147,-0.096549015
Lambeth,Q4_2324,1/1/2024,-0.041523523,-0.068092264,-0.021248593
Lambeth,Q4_2425,1/1/2025,-0.07128056,-0.026908887,-0.027676937
Lambeth,Q4_2526,1/1/2026,-0.256230683,-0.144635078,-0.137057213
Lewisham,Q1_1516,4/1/2015,-0.039032949,,-0.034372595
Lewisham,Q1_1617,4/1/2016,0.011472778,-0.018221223,-0.013982144
Lewisham,Q1_1718,4/1/2017,0.136249107,0.131999856,0.130073037
Lewisham,Q1_1819,4/1/2018,0.124184054,0.109544936,0.108478696
Lewisham,Q1_1920,4/1/2019,0.140924385,0.12133364,0.159123791
Lewisham,Q1_2021,4/1/2020,0.074867543,0.022245387,-0.003273027
Lewisham,Q1_2122,4/1/2021,-0.049042657,-0.020515105,-0.048571347
Lewisham,Q1_2223,4/1/2022,-0.105165414,-0.055905868,-0.09557789
Lewisham,Q1_2324,4/1/2023,-0.066865757,-0.07226345,-0.073728905
Lewisham,Q1_2425,4/1/2024,-0.019078314,-0.034893721,-0.015437128
Lewisham,Q1_2526,4/1/2025,-0.102976629,-0.019528008,-0.038446854
Lewisham,Q2_1516,7/1/2015,-0.048063638,,-0.023624231
Lewisham,Q2_1617,7/1/2016,0.02598218,0.00713952,0.009499377
Lewisham,Q2_1718,7/1/2017,0.137724145,0.133753369,0.101211853
Lewisham,Q2_1819,7/1/2018,0.131769963,0.098563008,0.11433546
Lewisham,Q2_1920,7/1/2019,0.123167201,0.125887806,0.148575958
Lewisham,Q2_2021,7/1/2020,0.080132837,0.012280577,-0.003766748
Lewisham,Q2_2122,7/1/2021,-0.082856684,-0.025049191,-0.051515998
Lewisham,Q2_2223,7/1/2022,-0.071667467,-0.041747535,-0.06287727
Lewisham,Q2_2324,7/1/2023,-0.058488299,-0.094192315,-0.064981601
Lewisham,Q2_2425,7/1/2024,-0.063473169,-0.038230367,-0.021109629
Lewisham,Q2_2526,7/1/2025,-0.060120027,-0.038020025,-0.033961974
Lewisham,Q3_1516,10/1/2015,-0.037726487,,0.00663607
Lewisham,Q3_1617,10/1/2016,0.014085703,-0.005114998,0.008035186
Lewisham,Q3_1718,10/1/2017,0.137272447,0.13132847,0.093142533
Lewisham,Q3_1819,10/1/2018,0.158260131,0.106278469,0.149346248
Lewisham,Q3_1920,10/1/2019,0.082167632,0.112811601,0.110083649
Lewisham,Q3_2021,10/1/2020,0.021210207,-0.050214503,-0.038376122
Lewisham,Q3_2122,10/1/2021,-0.063795736,-0.014277605,-0.074520418
Lewisham,Q3_2223,10/1/2022,-0.12121307,-0.063095276,-0.080247032
Lewisham,Q3_2324,10/1/2023,-0.046736626,-0.125885788,-0.089070374
Lewisham,Q3_2425,10/1/2024,-0.104030227,-0.050780518,-0.059260293
Lewisham,Q3_2526,10/1/2025,-0.032711879,-0.0511012,-0.005963035
Lewisham,Q4_1415,1/1/2015,-0.04288912,,-0.047349784
Lewisham,Q4_1516,1/1/2016,-0.001013714,-0.041177147,0.004098139
Lewisham,Q4_1617,1/1/2017,0.002947816,-0.016467709,0.027156671
Lewisham,Q4_1718,1/1/2018,0.145460258,0.099174153,0.081743417
Lewisham,Q4_1819,1/1/2019,0.106658661,0.124374654,0.12810982
Lewisham,Q4_1920,1/1/2020,0.064446104,0.031744383,0.046401597
Lewisham,Q4_2021,1/1/2021,-0.029482469,-0.054813799,-0.034352073
Lewisham,Q4_2122,1/1/2022,-0.111381646,-0.033295677,-0.110377183
Lewisham,Q4_2223,1/1/2023,-0.079686702,-0.079392816,-0.061348004
Lewisham,Q4_2324,1/1/2024,-0.032901527,-0.091326652,-0.056109454
Lewisham,Q4_2425,1/1/2025,-0.12864229,-0.060039151,-0.06826224
Lewisham,Q4_2526,1/1/2026,-0.119940654,-0.172910183,-0.11558815
Merton,Q1_1516,4/1/2015,0.007063211,,-0.033165554
Merton,Q1_1617,4/1/2016,0.018390932,-0.000423105,-0.013068342
Merton,Q1_1718,4/1/2017,0.054571155,0.070002529,0.071045026
Merton,Q1_1819,4/1/2018,0.141051893,0.066843748,0.060787355
Merton,Q1_1920,4/1/2019,0.053915293,0.059413847,0.110997005
Merton,Q1_2021,4/1/2020,0.0681565,0.024244932,0.080575362
Merton,Q1_2122,4/1/2021,-0.007204472,-0.03159122,-0.019084981
Merton,Q1_2223,4/1/2022,-0.102213519,-0.067111494,-0.128719556
Merton,Q1_2324,4/1/2023,-0.061861592,-0.046795616,-0.018693789
Merton,Q1_2425,4/1/2024,-0.0642131,-0.058906256,-0.07886596
Merton,Q1_2526,4/1/2025,-0.052085546,0.013003371,-0.038710187
Merton,Q2_1516,7/1/2015,0.008774852,,-0.033040232
Merton,Q2_1617,7/1/2016,-0.000857225,0.000251726,0.016986706
Merton,Q2_1718,7/1/2017,0.092939497,0.068538003,0.07092556
Merton,Q2_1819,7/1/2018,0.114763115,0.070174826,0.081059081
Merton,Q2_1920,7/1/2019,0.073001388,0.077569245,0.111662265
Merton,Q2_2021,7/1/2020,0.061961606,0.016635969,0.021586135
Merton,Q2_2122,7/1/2021,-0.054149113,-0.038848824,-0.068861276
Merton,Q2_2223,7/1/2022,-0.079590069,-0.054756766,-0.058527474
Merton,Q2_2324,7/1/2023,-0.076070806,-0.061597985,-0.048269803
Merton,Q2_2425,7/1/2024,-0.025830857,-0.031382614,-0.058252235
Merton,Q2_2526,7/1/2025,-0.042293502,0.032816716,-0.018725413
Merton,Q3_1516,10/1/2015,-0.021161162,,-0.043035547
Merton,Q3_1617,10/1/2016,-0.023032769,0.008299025,0.046827418
Merton,Q3_1718,10/1/2017,0.152379615,0.07803547,0.090884567
Merton,Q3_1819,10/1/2018,0.108810267,0.053807424,0.071355402
Merton,Q3_1920,10/1/2019,0.036922662,0.062113169,0.081217197
Merton,Q3_2021,10/1/2020,0.034251222,-0.020284633,0.011021601
Merton,Q3_2122,10/1/2021,-0.088964104,-0.053170611,-0.099213816
Merton,Q3_2223,10/1/2022,-0.074756985,-0.049394431,-0.018905782
Merton,Q3_2324,10/1/2023,-0.09096578,-0.085991562,-0.0586282
Merton,Q3_2425,10/1/2024,-0.023813183,-0.008547304,-0.05883668
Merton,Q3_2526,10/1/2025,-0.066884539,-0.001304058,-0.029061556
Merton,Q4_1415,1/1/2015,0.036551318,,0.026796966
Merton,Q4_1516,1/1/2016,0.018822842,-0.010035436,-0.043036719
Merton,Q4_1617,1/1/2017,-0.042840809,-0.001528678,0.056841473
Merton,Q4_1718,1/1/2018,0.180252061,0.076125843,0.070728793
Merton,Q4_1819,1/1/2019,0.075434974,0.070777866,0.111108272
Merton,Q4_1920,1/1/2020,0.065578944,0.030907089,0.091118814
Merton,Q4_2021,1/1/2021,-0.00437097,-0.018023647,-0.009609693
Merton,Q4_2122,1/1/2022,-0.116772563,-0.081203551,-0.119053358
Merton,Q4_2223,1/1/2023,-0.068004305,-0.052309125,-0.029143542
Merton,Q4_2324,1/1/2024,-0.074277086,-0.068963688,-0.078870645
Merton,Q4_2425,1/1/2025,-0.047524405,-0.001878382,-0.059108406
Merton,Q4_2526,1/1/2026,-0.093854886,-0.035511808,-0.021036254
Newham,Q1_1516,4/1/2015,-0.039168912,,-0.027438778
Newham,Q1_1617,4/1/2016,0.001210547,-0.013422039,0.012686539
Newham,Q1_1718,4/1/2017,0.162975918,0.092376121,0.032807257
Newham,Q1_1819,4/1/2018,0.140864681,0.071310539,0.108715045
Newham,Q1_1920,4/1/2019,0.062111473,0.081933241,0.1291268
Newham,Q1_2021,4/1/2020,-0.009448278,-0.018823488,0.055401636
Newham,Q1_2122,4/1/2021,-0.062651273,0.01456009,0.014251383
Newham,Q1_2223,4/1/2022,-0.087212366,-0.112723486,-0.13395241
Newham,Q1_2324,4/1/2023,-0.042005474,-0.070134079,-0.1156278
Newham,Q1_2425,4/1/2024,-0.021117181,0.020298434,-0.048729413
Newham,Q1_2526,4/1/2025,-0.054170919,-0.021226734,-0.019737914
Newham,Q2_1516,7/1/2015,-0.055265909,,0.003850194
Newham,Q2_1617,7/1/2016,0.067245746,0.009592199,-0.005320328
Newham,Q2_1718,7/1/2017,0.174197051,0.087980438,0.086513052
Newham,Q2_1819,7/1/2018,0.087720595,0.049740247,0.087676707
Newham,Q2_1920,7/1/2019,0.058931249,0.0803449,0.128076527
Newham,Q2_2021,7/1/2020,0.013177571,-0.017534304,0.059478881
Newham,Q2_2122,7/1/2021,-0.076923255,0.007420909,-0.003856931
Newham,Q2_2223,7/1/2022,-0.078694062,-0.123463509,-0.174441742
Newham,Q2_2324,7/1/2023,-0.036313595,-0.057291309,-0.073748049
Newham,Q2_2425,7/1/2024,-0.031225598,0.010244286,-0.068765218
Newham,Q2_2526,7/1/2025,-0.055905587,-0.012093102,-0.010310791
Newham,Q3_1516,10/1/2015,-0.013477033,,-0.005559027
Newham,Q3_1617,10/1/2016,0.04744451,-0.00030853,-0.005254686
Newham,Q3_1718,10/1/2017,0.201352556,0.091554205,0.088876167
Newham,Q3_1819,10/1/2018,0.04489417,0.063323039,0.12004579
Newham,Q3_1920,10/1/2019,0.056664977,0.044207457,0.110630601
Newham,Q3_2021,10/1/2020,-0.031574696,9.22E-05,0.037909438
Newham,Q3_2122,10/1/2021,-0.053371162,-0.015810593,-0.019381334
Newham,Q3_2223,10/1/2022,-0.070002653,-0.089122645,-0.161571393
Newham,Q3_2324,10/1/2023,-0.016473331,-0.057382227,-0.067195775
Newham,Q3_2425,10/1/2024,-0.045660205,-0.006976117,-0.03692724
Newham,Q3_2526,10/1/2025,-0.004883218,0.003411943,0.003329361
Newham,Q4_1415,1/1/2015,-0.079331537,,-0.067492485
Newham,Q4_1516,1/1/2016,-0.017831772,-0.022943732,0.003002815
Newham,Q4_1617,1/1/2017,0.035800189,-0.001129774,-0.015797725
Newham,Q4_1718,1/1/2018,0.147421005,0.084596189,0.104275253
Newham,Q4_1819,1/1/2019,0.031974508,0.056870404,0.105779054
Newham,Q4_1920,1/1/2020,0.043944079,-0.002145907,0.076429507
Newham,Q4_2021,1/1/2021,-0.064786358,0.013504875,0.036941242
Newham,Q4_2122,1/1/2022,-0.105178108,-0.086713059,-0.11997808
Newham,Q4_2223,1/1/2023,-0.034050211,-0.04114417,-0.122908104
Newham,Q4_2324,1/1/2024,-0.041633605,-0.044953921,-0.062202477
Newham,Q4_2425,1/1/2025,-0.059844729,-0.004060479,-0.011611698
Newham,Q4_2526,1/1/2026,-0.089729799,-0.063958522,-0.02799385
Redbridge,Q1_1516,4/1/2015,-0.044047542,,0.006236116
Redbridge,Q1_1617,4/1/2016,0.025461581,-0.024066583,-0.024004439
Redbridge,Q1_1718,4/1/2017,0.158077969,0.122520851,0.095686151
Redbridge,Q1_1819,4/1/2018,0.099496056,0.063624749,0.046381088
Redbridge,Q1_1920,4/1/2019,0.065413842,0.068231402,0.079281114
Redbridge,Q1_2021,4/1/2020,-0.012702458,0.036344492,0.065502648
Redbridge,Q1_2122,4/1/2021,-0.019750787,0.019779879,-0.023448773
Redbridge,Q1_2223,4/1/2022,-0.043350546,-0.053022325,-0.065212844
Redbridge,Q1_2324,4/1/2023,-0.03377846,-0.09557101,-0.070522018
Redbridge,Q1_2425,4/1/2024,-0.046587363,-0.047757578,-0.051898528
Redbridge,Q1_2526,4/1/2025,-0.064623858,-0.006229104,-0.010936308
Redbridge,Q2_1516,7/1/2015,-0.004511148,,0.016008925
Redbridge,Q2_1617,7/1/2016,0.023615581,-0.007719167,-0.03000855
Redbridge,Q2_1718,7/1/2017,0.197840952,0.120120767,0.120470526
Redbridge,Q2_1819,7/1/2018,0.046523528,0.031310808,0.054924393
Redbridge,Q2_1920,7/1/2019,0.071241394,0.084983394,0.067236395
Redbridge,Q2_2021,7/1/2020,-0.02011373,0.051712928,0.06147284
Redbridge,Q2_2122,7/1/2021,-0.065641302,-0.034805546,-0.066335435
Redbridge,Q2_2223,7/1/2022,-0.003277155,-0.050749614,-0.060077405
Redbridge,Q2_2324,7/1/2023,-0.033205771,-0.115125205,-0.08024137
Redbridge,Q2_2425,7/1/2024,-0.076404887,-0.035399952,-0.026709632
Redbridge,Q2_2526,7/1/2025,-0.054596587,-0.006207875,-0.020922944
Redbridge,Q3_1516,10/1/2015,-0.002138579,,-0.002828391
Redbridge,Q3_1617,10/1/2016,0.030798257,0.002303289,-0.016289713
Redbridge,Q3_1718,10/1/2017,0.151377749,0.085089538,0.087303216
Redbridge,Q3_1819,10/1/2018,0.087131909,0.059568818,0.080123058
Redbridge,Q3_1920,10/1/2019,0.071277086,0.082795598,0.072154413
Redbridge,Q3_2021,10/1/2020,-0.037340519,0.046087292,0.057931333
Redbridge,Q3_2122,10/1/2021,-0.028387242,-0.03915868,-0.092780564
Redbridge,Q3_2223,10/1/2022,-0.044495924,-0.053913935,-0.04577414
Redbridge,Q3_2324,10/1/2023,-0.060841623,-0.131069274,-0.09398334
Redbridge,Q3_2425,10/1/2024,-0.050405289,-0.000729613,0.006230487
Redbridge,Q3_2526,10/1/2025,-0.041814955,-0.024042536,-0.029559797
Redbridge,Q4_1415,1/1/2015,-0.08941991,,-0.006396627
Redbridge,Q4_1516,1/1/2016,0.016143354,-0.023535863,-0.023670334
Redbridge,Q4_1617,1/1/2017,0.027316003,-0.002623024,-0.003095675
Redbridge,Q4_1718,1/1/2018,0.147859802,0.09235102,0.075579237
Redbridge,Q4_1819,1/1/2019,0.028268866,0.032669452,0.0657797
Redbridge,Q4_1920,1/1/2020,0.064513902,0.077530852,0.078840097
Redbridge,Q4_2021,1/1/2021,-0.071766826,0.014857248,0.000861683
Redbridge,Q4_2122,1/1/2022,-0.050386439,-0.05849936,-0.078660802
Redbridge,Q4_2223,1/1/2023,-0.031231837,-0.079157453,-0.079075092
Redbridge,Q4_2324,1/1/2024,-0.054896567,-0.096441392,-0.061069949
Redbridge,Q4_2425,1/1/2025,-0.082431757,-0.010091521,-0.039663116
Redbridge,Q4_2526,1/1/2026,-0.144208771,-0.095965767,-0.03483763
Richmond upon Thames,Q1_1516,4/1/2015,0.015719286,,0.012082917
Richmond upon Thames,Q1_1617,4/1/2016,0.039782217,0.030135942,-0.007000857
Richmond upon Thames,Q1_1718,4/1/2017,0.18049157,0.082215105,0.08698537
Richmond upon Thames,Q1_1819,4/1/2018,0.130600136,0.120062,0.072499684
Richmond upon Thames,Q1_1920,4/1/2019,0.042111774,0.107095286,0.095095656
Richmond upon Thames,Q1_2021,4/1/2020,0.038411343,0.032614991,0.099751009
Richmond upon Thames,Q1_2122,4/1/2021,0.003659295,0.055821342,0.000934466
Richmond upon Thames,Q1_2223,4/1/2022,0.017552938,-0.081799752,-0.008187484
Richmond upon Thames,Q1_2324,4/1/2023,-0.093081895,-0.122187617,-0.118330645
Richmond upon Thames,Q1_2425,4/1/2024,-0.124913711,-0.107197087,-0.12648865
Richmond upon Thames,Q1_2526,4/1/2025,-0.10661856,-0.032128984,-0.074618024
Richmond upon Thames,Q2_1516,7/1/2015,0.007581463,,0.002502854
Richmond upon Thames,Q2_1617,7/1/2016,0.040374728,0.04049795,-0.006867241
Richmond upon Thames,Q2_1718,7/1/2017,0.160195315,0.092034101,0.096918562
Richmond upon Thames,Q2_1819,7/1/2018,0.15991102,0.105750687,0.054599367
Richmond upon Thames,Q2_1920,7/1/2019,0.022970179,0.09151003,0.093034149
Richmond upon Thames,Q2_2021,7/1/2020,0.05298858,0.053740707,0.117548467
Richmond upon Thames,Q2_2122,7/1/2021,0.017734188,0.022201268,0.009598305
Richmond upon Thames,Q2_2223,7/1/2022,-0.032519746,-0.077953878,-0.060458959
Richmond upon Thames,Q2_2324,7/1/2023,-0.118099837,-0.163034002,-0.134952064
Richmond upon Thames,Q2_2425,7/1/2024,-0.091189357,-0.034921612,-0.085648777
Richmond upon Thames,Q2_2526,7/1/2025,-0.120077019,-0.040351723,-0.07765302
Richmond upon Thames,Q3_1516,10/1/2015,0.025761608,,0.012092461
Richmond upon Thames,Q3_1617,10/1/2016,-0.022884081,0.028506909,0.02239787
Richmond upon Thames,Q3_1718,10/1/2017,0.195551834,0.093087347,0.083616334
Richmond upon Thames,Q3_1819,10/1/2018,0.111138364,0.10650056,0.074876143
Richmond upon Thames,Q3_1920,10/1/2019,0.054354851,0.058465743,0.105601488
Richmond upon Thames,Q3_2021,10/1/2020,-0.01452085,0.046933222,0.071344859
Richmond upon Thames,Q3_2122,10/1/2021,0.069342431,0.00318386,0.029960977
Richmond upon Thames,Q3_2223,10/1/2022,-0.091292402,-0.107204005,-0.080182183
Richmond upon Thames,Q3_2324,10/1/2023,-0.135409616,-0.153609789,-0.148855565
Richmond upon Thames,Q3_2425,10/1/2024,-0.111781868,-0.045283619,-0.115782393
Richmond upon Thames,Q3_2526,10/1/2025,-0.134678178,-0.069272619,-0.070945704
Richmond upon Thames,Q4_1415,1/1/2015,0.073391565,,0.041557997
Richmond upon Thames,Q4_1516,1/1/2016,0.01618483,0.02793804,-0.017812098
Richmond upon Thames,Q4_1617,1/1/2017,-0.004830902,0.007317456,0.041958845
Richmond upon Thames,Q4_1718,1/1/2018,0.159384753,0.083209717,0.099970521
Richmond upon Thames,Q4_1819,1/1/2019,0.080388525,0.099932712,0.052451964
Richmond upon Thames,Q4_1920,1/1/2020,0.01933047,0.06928627,0.122213364
Richmond upon Thames,Q4_2021,1/1/2021,-0.019998814,0.021366905,0.025599364
Richmond upon Thames,Q4_2122,1/1/2022,0.038665276,-0.047229863,0.029808273
Richmond upon Thames,Q4_2223,1/1/2023,-0.096594638,-0.124333804,-0.119122798
Richmond upon Thames,Q4_2324,1/1/2024,-0.125705872,-0.123790793,-0.128922373
Richmond upon Thames,Q4_2425,1/1/2025,-0.142350457,-0.047850447,-0.100420783
Richmond upon Thames,Q4_2526,1/1/2026,-0.187030739,-0.101258557,-0.072751647
Southwark,Q1_1516,4/1/2015,-0.037398681,,-0.010712469
Southwark,Q1_1617,4/1/2016,-0.003225598,-0.006970717,0.021519807
Southwark,Q1_1718,4/1/2017,0.184715314,0.073206542,0.106005945
Southwark,Q1_1819,4/1/2018,0.175419367,0.111351257,0.141731782
Southwark,Q1_1920,4/1/2019,0.094499956,0.073478681,0.127287642
Southwark,Q1_2021,4/1/2020,0.017026571,0.074529172,0.08584539
Southwark,Q1_2122,4/1/2021,-0.028091692,0.01107069,-0.065495586
Southwark,Q1_2223,4/1/2022,-0.064063715,-0.020646419,-0.122642482
Southwark,Q1_2324,4/1/2023,-0.047958552,-0.080782997,-0.108678245
Southwark,Q1_2425,4/1/2024,-0.117977266,-0.070797236,-0.058688255
Southwark,Q1_2526,4/1/2025,-0.066524678,-0.062082961,-0.042562009
Southwark,Q2_1516,7/1/2015,-0.009026745,,-0.011583357
Southwark,Q2_1617,7/1/2016,0.021583741,-0.013311291,0.01409243
Southwark,Q2_1718,7/1/2017,0.186261469,0.091992012,0.122182242
Southwark,Q2_1819,7/1/2018,0.135973712,0.109382059,0.167377538
Southwark,Q2_1920,7/1/2019,0.123800505,0.10055547,0.132262714
Southwark,Q2_2021,7/1/2020,0.059903521,0.082372252,0.079479682
Southwark,Q2_2122,7/1/2021,-0.08004494,-0.002806535,-0.101191198
Southwark,Q2_2223,7/1/2022,-0.010781818,-0.015758224,-0.106236146
Southwark,Q2_2324,7/1/2023,-0.080746846,-0.11290461,-0.120169766
Southwark,Q2_2425,7/1/2024,-0.097834615,-0.053079692,-0.033262724
Southwark,Q2_2526,7/1/2025,-0.07880771,-0.053820121,-0.023783254
Southwark,Q3_1516,10/1/2015,0.003742835,,-0.020101846
Southwark,Q3_1617,10/1/2016,-0.02285133,-0.036685937,0.011720011
Southwark,Q3_1718,10/1/2017,0.205625214,0.111507886,0.141841895
Southwark,Q3_1819,10/1/2018,0.133391266,0.087417076,0.12599613
Southwark,Q3_1920,10/1/2019,0.113781792,0.130541231,0.172252704
Southwark,Q3_2021,10/1/2020,0.01130948,0.040615042,-0.005815913
Southwark,Q3_2122,10/1/2021,-0.070617998,-0.000851576,-0.126846964
Southwark,Q3_2223,10/1/2022,-0.064430926,-0.088534831,-0.118188136
Southwark,Q3_2324,10/1/2023,-0.105050923,-0.096179583,-0.122472113
Southwark,Q3_2425,10/1/2024,-0.085914193,-0.054009442,-0.026886222
Southwark,Q3_2526,10/1/2025,-0.096723469,-0.109843223,-0.048017571
Southwark,Q4_1415,1/1/2015,-0.019288732,,-0.0317235
Southwark,Q4_1516,1/1/2016,-0.027286401,0.009939417,-0.020652407
Southwark,Q4_1617,1/1/2017,0.029525269,-0.034877583,0.052991307
Southwark,Q4_1718,1/1/2018,0.174834651,0.085688344,0.120720556
Southwark,Q4_1819,1/1/2019,0.081194744,0.063354743,0.120170386
Southwark,Q4_1920,1/1/2020,0.069880207,0.117136509,0.138768761
Southwark,Q4_2021,1/1/2021,-0.045637785,0.000110865,-0.060230609
Southwark,Q4_2122,1/1/2022,-0.095970025,-0.034923934,-0.139709883
Southwark,Q4_2223,1/1/2023,-0.052204034,-0.096840389,-0.106996922
Southwark,Q4_2324,1/1/2024,-0.105125776,-0.076236539,-0.092512154
Southwark,Q4_2425,1/1/2025,-0.089605329,-0.06203603,-0.039559143
Southwark,Q4_2526,1/1/2026,-0.219279838,-0.190269375,-0.117528049
Sutton,Q1_1516,4/1/2015,0.002124722,,-0.009319526
Sutton,Q1_1617,4/1/2016,0.030916591,-0.003915885,-0.019311403
Sutton,Q1_1718,4/1/2017,0.054976487,0.043133939,0.009854483
Sutton,Q1_1819,4/1/2018,0.155991017,0.089726192,0.049914896
Sutton,Q1_1920,4/1/2019,0.053400476,0.020121253,0.039730609
Sutton,Q1_2021,4/1/2020,0.089200113,0.060943245,0.09989332
Sutton,Q1_2122,4/1/2021,0.016944529,0.04767283,0.019774016
Sutton,Q1_2223,4/1/2022,-0.027434944,-0.053988089,-0.020196539
Sutton,Q1_2324,4/1/2023,-0.086868632,-0.023773315,-0.020200346
Sutton,Q1_2425,4/1/2024,-0.075962535,-0.063429677,-0.100206439
Sutton,Q1_2526,4/1/2025,-0.112446575,-0.058303737,-0.040297313
Sutton,Q2_1516,7/1/2015,0.019217658,,-0.00929998
Sutton,Q2_1617,7/1/2016,-0.030971113,-0.014631798,0.010701289
Sutton,Q2_1718,7/1/2017,0.104858394,0.059296644,0.009922511
Sutton,Q2_1819,7/1/2018,0.110257227,0.081344156,0.049886213
Sutton,Q2_1920,7/1/2019,0.056340464,0.007443738,0.029778077
Sutton,Q2_2021,7/1/2020,0.065316274,0.063262804,0.079852198
Sutton,Q2_2122,7/1/2021,0.036869021,0.037644193,-0.010225476
Sutton,Q2_2223,7/1/2022,-0.024107755,-0.048933741,-0.000286144
Sutton,Q2_2324,7/1/2023,-0.081054505,-0.011568302,-0.010239438
Sutton,Q2_2425,7/1/2024,-0.107279097,-0.090136475,-0.090264821
Sutton,Q2_2526,7/1/2025,-0.075768934,-0.039563745,-0.040274975
Sutton,Q3_1516,10/1/2015,0.017934019,,-0.03929135
Sutton,Q3_1617,10/1/2016,-0.054029193,-0.015791577,0.01072185
Sutton,Q3_1718,10/1/2017,0.13342374,0.06875255,0.019932157
Sutton,Q3_1819,10/1/2018,0.103806111,0.062690073,0.039862352
Sutton,Q3_1920,10/1/2019,0.057548594,0.027901922,0.049769954
Sutton,Q3_2021,10/1/2020,0.035693814,0.033405986,0.03984966
Sutton,Q3_2122,10/1/2021,0.065854491,0.021051941,0.00971411
Sutton,Q3_2223,10/1/2022,-0.084230677,-0.026565377,-0.020150848
Sutton,Q3_2324,10/1/2023,-0.073055471,-0.06232717,-0.040225984
Sutton,Q3_2425,10/1/2024,-0.124565634,-0.082899901,-0.080215831
Sutton,Q3_2526,10/1/2025,-0.084074831,-0.042713763,-0.020219131
Sutton,Q4_1415,1/1/2015,-0.012670046,,0.000712711
Sutton,Q4_1516,1/1/2016,0.018160544,-0.024961118,-0.029292873
Sutton,Q4_1617,1/1/2017,-0.047346721,0.006742756,0.04067692
Sutton,Q4_1718,1/1/2018,0.145382121,0.085702759,0.029986225
Sutton,Q4_1819,1/1/2019,0.061243664,0.025510772,0.029812345
Sutton,Q4_1920,1/1/2020,0.07630754,0.04122376,0.079711064
Sutton,Q4_2021,1/1/2021,0.0019465,0.044399797,0.020009324
Sutton,Q4_2122,1/1/2022,0.012451794,-0.024031044,-0.000195777
Sutton,Q4_2223,1/1/2023,-0.077434944,-0.023988089,-0.030196539
Sutton,Q4_2324,1/1/2024,-0.082300389,-0.052040805,-0.070231061
Sutton,Q4_2425,1/1/2025,-0.113475596,-0.076279012,-0.060155925
Sutton,Q4_2526,1/1/2026,-0.151088317,-0.088128687,-0.009768567
Tower Hamlets,Q1_1516,4/1/2015,-0.062967769,,-0.041191954
Tower Hamlets,Q1_1617,4/1/2016,0.045473309,-0.012956797,-0.007217719
Tower Hamlets,Q1_1718,4/1/2017,0.176884019,0.110820029,0.134069575
Tower Hamlets,Q1_1819,4/1/2018,0.102152857,0.084083304,0.066550253
Tower Hamlets,Q1_1920,4/1/2019,0.065507411,0.04616096,0.048129647
Tower Hamlets,Q1_2021,4/1/2020,-0.019797299,0.038101308,0.026799252
Tower Hamlets,Q1_2122,4/1/2021,-0.047099661,-0.01545374,-0.043097817
Tower Hamlets,Q1_2223,4/1/2022,-0.029105101,-0.066695817,-0.084042019
Tower Hamlets,Q1_2324,4/1/2023,-0.048184569,-0.059932142,-0.088900407
Tower Hamlets,Q1_2425,4/1/2024,-0.029579409,-0.024602502,-0.00484892
Tower Hamlets,Q1_2526,4/1/2025,-0.066370706,-0.032615179,0.006661804
Tower Hamlets,Q2_1516,7/1/2015,-0.032986001,,-0.041200538
Tower Hamlets,Q2_1617,7/1/2016,0.067879837,-0.001466304,0.053915324
Tower Hamlets,Q2_1718,7/1/2017,0.141943345,0.097760002,0.101743404
Tower Hamlets,Q2_1819,7/1/2018,0.075416254,0.076104502,0.048086728
Tower Hamlets,Q2_1920,7/1/2019,0.067303338,0.051079736,0.094267
Tower Hamlets,Q2_2021,7/1/2020,0.014996935,0.065844795,0.007889304
Tower Hamlets,Q2_2122,7/1/2021,-0.045823472,-0.024663327,-0.052496961
Tower Hamlets,Q2_2223,7/1/2022,-0.047181554,-0.101698,-0.137844581
Tower Hamlets,Q2_2324,7/1/2023,-0.026388937,-0.02262647,-0.033346779
Tower Hamlets,Q2_2425,7/1/2024,-0.058394672,-0.051481651,-0.014874707
Tower Hamlets,Q2_2526,7/1/2025,-0.000637118,-0.012870519,0.044069503
Tower Hamlets,Q3_1516,10/1/2015,-0.010871173,,-0.010204833
Tower Hamlets,Q3_1617,10/1/2016,0.035090453,-0.00319392,0.042602024
Tower Hamlets,Q3_1718,10/1/2017,0.1105488,0.090702746,0.096378616
Tower Hamlets,Q3_1819,10/1/2018,0.074295179,0.07921662,0.062850696
Tower Hamlets,Q3_1920,10/1/2019,0.07793217,0.037662745,0.079271273
Tower Hamlets,Q3_2021,10/1/2020,-0.049788626,0.046687299,-0.029072044
Tower Hamlets,Q3_2122,10/1/2021,-0.022167955,-0.028592808,-0.045484074
Tower Hamlets,Q3_2223,10/1/2022,-0.044884414,-0.100275258,-0.12676304
Tower Hamlets,Q3_2324,10/1/2023,-0.035477668,-0.029674993,-0.043501321
Tower Hamlets,Q3_2425,10/1/2024,-0.059834647,-0.034760585,-0.004969091
Tower Hamlets,Q3_2526,10/1/2025,-0.036097236,-0.042445805,0.026790559
Tower Hamlets,Q4_1415,1/1/2015,-0.106030623,,-0.072634009
Tower Hamlets,Q4_1516,1/1/2016,0.006084204,-0.008771976,-0.021638304
Tower Hamlets,Q4_1617,1/1/2017,0.038399576,-0.017337941,0.069451821
Tower Hamlets,Q4_1718,1/1/2018,0.103219829,0.086163518,0.072927985
Tower Hamlets,Q4_1819,1/1/2019,0.026865788,0.030808737,0.024060992
Tower Hamlets,Q4_1920,1/1/2020,0.054669067,0.06325465,0.068318523
Tower Hamlets,Q4_2021,1/1/2021,-0.066379083,0.006411934,-0.016883175
Tower Hamlets,Q4_2122,1/1/2022,-0.063799506,-0.075796855,-0.090960449
Tower Hamlets,Q4_2223,1/1/2023,-0.023416944,-0.053172835,-0.091363918
Tower Hamlets,Q4_2324,1/1/2024,-0.050080622,-0.05110647,-0.049793108
Tower Hamlets,Q4_2425,1/1/2025,-0.097555443,-0.03573603,-0.013312408
Tower Hamlets,Q4_2526,1/1/2026,-0.103762158,-0.102934962,-0.009192106
Waltham Forest,Q1_1516,4/1/2015,-0.03253279,,0.010036865
Waltham Forest,Q1_1617,4/1/2016,0.024286301,-0.030151344,-0.026208635
Waltham Forest,Q1_1718,4/1/2017,0.185085164,0.157657525,0.099854407
Waltham Forest,Q1_1819,4/1/2018,0.064047476,0.027077594,0.08928307
Waltham Forest,Q1_1920,4/1/2019,0.064498475,0.072918329,0.06503725
Waltham Forest,Q1_2021,4/1/2020,0.016450119,0.052831669,0.035100066
Waltham Forest,Q1_2122,4/1/2021,0.074498475,0.072918329,0.03503725
Waltham Forest,Q1_2223,4/1/2022,-0.073846363,-0.037334026,-0.055063173
Waltham Forest,Q1_2324,4/1/2023,-0.093914209,-0.151783256,-0.149594661
Waltham Forest,Q1_2425,4/1/2024,-0.066965111,-0.101133565,-0.089250981
Waltham Forest,Q1_2526,4/1/2025,-0.036934326,0.013294954,0.025260102
Waltham Forest,Q2_1516,7/1/2015,-0.003422237,,-0.000452853
Waltham Forest,Q2_1617,7/1/2016,0.034953386,0.000221469,-0.005841346
Waltham Forest,Q2_1718,7/1/2017,0.140712051,0.125213529,0.097446629
Waltham Forest,Q2_1819,7/1/2018,0.055424982,0.023436124,0.085547372
Waltham Forest,Q2_1920,7/1/2019,0.060755387,0.070826434,0.062976356
Waltham Forest,Q2_2021,7/1/2020,0.070063792,0.081617296,0.043607306
Waltham Forest,Q2_2122,7/1/2021,0.031972101,0.045917731,0.038140396
Waltham Forest,Q2_2223,7/1/2022,-0.077546116,-0.073813015,-0.101594341
Waltham Forest,Q2_2324,7/1/2023,-0.090943111,-0.154534117,-0.112452948
Waltham Forest,Q2_2425,7/1/2024,-0.05948521,-0.072541969,-0.110638514
Waltham Forest,Q2_2526,7/1/2025,-0.049281674,0.000805722,0.062955951
Waltham Forest,Q3_1516,10/1/2015,0.021692081,,0.002363023
Waltham Forest,Q3_1617,10/1/2016,0.010432032,0.017694626,0.001669256
Waltham Forest,Q3_1718,10/1/2017,0.088896098,0.08419865,0.076446789
Waltham Forest,Q3_1819,10/1/2018,0.111502867,0.066832864,0.098893775
Waltham Forest,Q3_1920,10/1/2019,-0.012061195,0.059252335,0.041425584
Waltham Forest,Q3_2021,10/1/2020,0.072120342,0.056000579,0.018222015
Waltham Forest,Q3_2122,10/1/2021,-0.002401012,0.033473736,0.005732618
Waltham Forest,Q3_2223,10/1/2022,-0.102697494,-0.096691959,-0.134430621
Waltham Forest,Q3_2324,10/1/2023,-0.080535448,-0.154306287,-0.102228494
Waltham Forest,Q3_2425,10/1/2024,-0.043110842,-0.038979535,-0.057128872
Waltham Forest,Q3_2526,10/1/2025,-0.055581921,-0.012715288,0.049487119
Waltham Forest,Q4_1415,1/1/2015,-0.023014574,,0.019771601
Waltham Forest,Q4_1516,1/1/2016,0.007948993,-0.013693067,-0.009697872
Waltham Forest,Q4_1617,1/1/2017,-0.00245867,0.016079103,-0.009922325
Waltham Forest,Q4_1718,1/1/2018,0.089748484,0.064675022,0.076916102
Waltham Forest,Q4_1819,1/1/2019,0.036085791,0.058216744,0.070405339
Waltham Forest,Q4_1920,1/1/2020,0.019903,0.050350062,0.042507043
Waltham Forest,Q4_2021,1/1/2021,0.063516082,0.055603242,0.047978758
Waltham Forest,Q4_2122,1/1/2022,-0.022845736,0.013225194,-0.024512241
Waltham Forest,Q4_2223,1/1/2023,-0.114630904,-0.123361167,-0.131000997
Waltham Forest,Q4_2324,1/1/2024,-0.09942364,-0.153684932,-0.111616347
Waltham Forest,Q4_2425,1/1/2025,-0.06150529,-0.030436987,-0.038268343
Waltham Forest,Q4_2526,1/1/2026,-0.139455606,-0.075178345,-0.03219848
Wandsworth,Q1_1516,4/1/2015,-0.01644475,,-0.000874957
Wandsworth,Q1_1617,4/1/2016,0.024474892,0.001868186,-0.020592422
Wandsworth,Q1_1718,4/1/2017,0.14784105,0.107823561,0.107308461
Wandsworth,Q1_1819,4/1/2018,0.175293983,0.103016392,0.149598171
Wandsworth,Q1_1920,4/1/2019,0.09050418,0.049679097,0.138126635
Wandsworth,Q1_2021,4/1/2020,-0.022812579,-0.006566856,0.110963198
Wandsworth,Q1_2122,4/1/2021,-0.007714013,-0.009079429,-0.051325954
Wandsworth,Q1_2223,4/1/2022,-0.091814084,-0.061936154,-0.172585588
Wandsworth,Q1_2324,4/1/2023,-0.055528755,-0.10058935,-0.087582366
Wandsworth,Q1_2425,4/1/2024,-0.062905051,-0.055728785,-0.059848531
Wandsworth,Q1_2526,4/1/2025,-0.06983847,0.023375357,-0.055834181
Wandsworth,Q2_1516,7/1/2015,-0.036329795,,-0.00083964
Wandsworth,Q2_1617,7/1/2016,0.0271955,-0.00623623,-0.009756589
Wandsworth,Q2_1718,7/1/2017,0.159105558,0.128704607,0.137696947
Wandsworth,Q2_1819,7/1/2018,0.1829374,0.091374443,0.108874175
Wandsworth,Q2_1920,7/1/2019,0.043550495,0.041801617,0.139062532
Wandsworth,Q2_2021,7/1/2020,0.031023695,0.03397607,0.094430696
Wandsworth,Q2_2122,7/1/2021,-0.021104086,-0.024473962,-0.109295234
Wandsworth,Q2_2223,7/1/2022,-0.064496374,-0.083805039,-0.133409649
Wandsworth,Q2_2324,7/1/2023,-0.073881063,-0.099441321,-0.097076157
Wandsworth,Q2_2425,7/1/2024,-0.07591194,-0.030856334,-0.047700089
Wandsworth,Q2_2526,7/1/2025,-0.075987468,0.006058542,-0.054651066
Wandsworth,Q3_1516,10/1/2015,-0.035141923,,-0.040474699
Wandsworth,Q3_1617,10/1/2016,0.034455733,0.011854837,0.039401692
Wandsworth,Q3_1718,10/1/2017,0.183014037,0.14142784,0.13889772
Wandsworth,Q3_1819,10/1/2018,0.154833054,0.07572774,0.106384336
Wandsworth,Q3_1920,10/1/2019,0.035734645,0.043323423,0.149733552
Wandsworth,Q3_2021,10/1/2020,-0.010032278,-0.00069468,0.017961823
Wandsworth,Q3_2122,10/1/2021,-0.04051015,-0.034060137,-0.079112763
Wandsworth,Q3_2223,10/1/2022,-0.079554406,-0.087329223,-0.134963591
Wandsworth,Q3_2324,10/1/2023,-0.070336609,-0.086971722,-0.105987221
Wandsworth,Q3_2425,10/1/2024,-0.071793817,-0.004954532,-0.039507135
Wandsworth,Q3_2526,10/1/2025,-0.102177001,-0.025221516,-0.059624858
Wandsworth,Q4_1415,1/1/2015,-0.008839651,,-0.001610725
Wandsworth,Q4_1516,1/1/2016,-0.006578864,0.001133981,-0.04091616
Wandsworth,Q4_1617,1/1/2017,0.05526042,0.012415502,0.05964891
Wandsworth,Q4_1718,1/1/2018,0.155446148,0.106154913,0.146572693
Wandsworth,Q4_1819,1/1/2019,0.127534502,0.057609974,0.117214283
Wandsworth,Q4_1920,1/1/2020,-0.025703404,0.015353963,0.136219524
Wandsworth,Q4_2021,1/1/2021,-0.002255854,-0.019211457,-0.025793537
Wandsworth,Q4_2122,1/1/2022,-0.064975354,-0.064138769,-0.133556802
Wandsworth,Q4_2223,1/1/2023,-0.078864674,-0.086848652,-0.094751689
Wandsworth,Q4_2324,1/1/2024,-0.092138683,-0.085194817,-0.089613086
Wandsworth,Q4_2425,1/1/2025,-0.050013119,0.019318669,-0.042032291
Wandsworth,Q4_2526,1/1/2026,-0.214521073,-0.09865975,-0.108778371
Westminster,Q1_1516,4/1/2015,-0.014410166,,-0.034981909
Westminster,Q1_1617,4/1/2016,0.035509599,0.015491668,0.004978374
Westminster,Q1_1718,4/1/2017,0.177040283,0.053304814,0.105237063
Westminster,Q1_1819,4/1/2018,0.069126393,0.064698143,0.096269708
Westminster,Q1_1920,4/1/2019,0.101780601,0.039866304,0.15233406
Westminster,Q1_2021,4/1/2020,-0.020468141,-0.005105516,-0.023230173
Westminster,Q1_2122,4/1/2021,-0.150023023,-0.028091903,-0.033209441
Westminster,Q1_2223,4/1/2022,-0.1093212,-0.064227755,-0.14811154
Westminster,Q1_2324,4/1/2023,0.008135165,-0.069210353,-0.03957027
Westminster,Q1_2425,4/1/2024,0.016620014,0.016456745,0.004629814
Westminster,Q1_2526,4/1/2025,-0.126939698,-0.032599894,-0.082082377
Westminster,Q2_1516,7/1/2015,0.034272643,,-0.005633931
Westminster,Q2_1617,7/1/2016,0.039648387,0.008255997,0.027027115
Westminster,Q2_1718,7/1/2017,0.153278553,0.067471404,0.118325068
Westminster,Q2_1819,7/1/2018,0.058460396,0.060932398,0.080890132
Westminster,Q2_1920,7/1/2019,0.125201332,0.045471959,0.159077257
Westminster,Q2_2021,7/1/2020,-0.040160806,-0.00150485,-0.028327547
Westminster,Q2_2122,7/1/2021,-0.128245911,-0.023546798,-0.052429557
Westminster,Q2_2223,7/1/2022,-0.086192036,-0.062137761,-0.146562572
Westminster,Q2_2324,7/1/2023,0.021676249,-0.043524314,-0.012767497
Westminster,Q2_2425,7/1/2024,-0.028537711,-0.00366722,-0.042873409
Westminster,Q2_2526,7/1/2025,-0.122970694,-0.026628044,-0.04506778
Westminster,Q3_1516,10/1/2015,0.046539281,,-0.024511923
Westminster,Q3_1617,10/1/2016,0.027488728,0.006813544,0.045958063
Westminster,Q3_1718,10/1/2017,0.101259306,0.046122733,0.097325521
Westminster,Q3_1819,10/1/2018,0.10923457,0.074807633,0.091173553
Westminster,Q3_1920,10/1/2019,0.154515276,0.061692816,0.153687751
Westminster,Q3_2021,10/1/2020,-0.097805816,-0.033290092,-0.047062001
Westminster,Q3_2122,10/1/2021,-0.135075432,-0.001391973,-0.066009843
Westminster,Q3_2223,10/1/2022,-0.000348487,-0.054839414,-0.118919466
Westminster,Q3_2324,10/1/2023,0.08148737,0.013103085,0.031789696
Westminster,Q3_2425,10/1/2024,0.019468123,0.051754414,0.000790149
Westminster,Q3_2526,10/1/2025,-0.123406731,-0.043561118,-0.055383425
Westminster,Q4_1415,1/1/2015,-0.00520583,,-0.05537577
Westminster,Q4_1516,1/1/2016,0.06511511,0.015228186,0.004783098
Westminster,Q4_1617,1/1/2017,0.039026565,-0.012159322,0.016719307
Westminster,Q4_1718,1/1/2018,0.083810825,0.061147834,0.09363845
Westminster,Q4_1819,1/1/2019,0.105408606,0.065610399,0.149179859
Westminster,Q4_1920,1/1/2020,0.119582255,0.045039854,0.05134566
Westminster,Q4_2021,1/1/2021,-0.185001417,-0.048133328,-0.03547419
Westminster,Q4_2122,1/1/2022,-0.117531913,-0.039711755,-0.152175923
Westminster,Q4_2223,1/1/2023,-0.019350806,-0.057531213,-0.038325801
Westminster,Q4_2324,1/1/2024,0.052502482,0.00374385,0.007441891
Westminster,Q4_2425,1/1/2025,-0.087863831,0.000141028,-0.052639635
Westminster,Q4_2526,1/1/2026,-0.247328465,-0.166292186,-0.151875609
