date,crime_type,crime_count
1/1/2015,DOMESTIC ABUSE,7580
1/1/2015,GUN CRIME,195
1/1/2015,HATE CRIME,3289
1/1/2015,KNIFE CRIME,1441
1/1/2015,LETHAL BARREL DISCHARGE,15
1/1/2015,MISCELLANEOUS CRIMES AGAINST SOCIETY,2524
2/1/2015,DOMESTIC ABUSE,6719
2/1/2015,GUN CRIME,167
2/1/2015,HATE CRIME,3298
2/1/2015,KNIFE CRIME,1380
2/1/2015,LETHAL BARREL DISCHARGE,16
2/1/2015,MISCELLANEOUS CRIMES AGAINST SOCIETY,2277
3/1/2015,DOMESTIC ABUSE,7703
3/1/2015,GUN CRIME,211
3/1/2015,HATE CRIME,3891
3/1/2015,KNIFE CRIME,1528
3/1/2015,LETHAL BARREL DISCHARGE,19
3/1/2015,MISCELLANEOUS CRIMES AGAINST SOCIETY,2599
4/1/2015,DOMESTIC ABUSE,7374
4/1/2015,GUN CRIME,181
4/1/2015,HATE CRIME,3891
4/1/2015,KNIFE CRIME,1456
4/1/2015,LETHAL BARREL DISCHARGE,24
4/1/2015,MISCELLANEOUS CRIMES AGAINST SOCIETY,2581
5/1/2015,DOMESTIC ABUSE,8348
5/1/2015,GUN CRIME,208
5/1/2015,HATE CRIME,4149
5/1/2015,KNIFE CRIME,1586
5/1/2015,LETHAL BARREL DISCHARGE,22
5/1/2015,MISCELLANEOUS CRIMES AGAINST SOCIETY,2829
6/1/2015,DOMESTIC ABUSE,8232
6/1/2015,GUN CRIME,179
6/1/2015,HATE CRIME,4156
6/1/2015,KNIFE CRIME,1624
6/1/2015,LETHAL BARREL DISCHARGE,15
6/1/2015,MISCELLANEOUS CRIMES AGAINST SOCIETY,2139
7/1/2015,DOMESTIC ABUSE,8863
7/1/2015,GUN CRIME,200
7/1/2015,HATE CRIME,4330
7/1/2015,KNIFE CRIME,1275
7/1/2015,LETHAL BARREL DISCHARGE,22
7/1/2015,MISCELLANEOUS CRIMES AGAINST SOCIETY,2077
8/1/2015,DOMESTIC ABUSE,8539
8/1/2015,GUN CRIME,185
8/1/2015,HATE CRIME,4330
8/1/2015,KNIFE CRIME,1582
8/1/2015,LETHAL BARREL DISCHARGE,22
8/1/2015,MISCELLANEOUS CRIMES AGAINST SOCIETY,1997
9/1/2015,DOMESTIC ABUSE,7618
9/1/2015,GUN CRIME,170
9/1/2015,HATE CRIME,3937
9/1/2015,KNIFE CRIME,1375
9/1/2015,LETHAL BARREL DISCHARGE,22
9/1/2015,MISCELLANEOUS CRIMES AGAINST SOCIETY,2039
10/1/2015,DOMESTIC ABUSE,8322
10/1/2015,GUN CRIME,197
10/1/2015,HATE CRIME,4387
10/1/2015,KNIFE CRIME,1495
10/1/2015,LETHAL BARREL DISCHARGE,13
10/1/2015,MISCELLANEOUS CRIMES AGAINST SOCIETY,2149
11/1/2015,DOMESTIC ABUSE,8040
11/1/2015,GUN CRIME,209
11/1/2015,HATE CRIME,4725
11/1/2015,KNIFE CRIME,1463
11/1/2015,LETHAL BARREL DISCHARGE,13
11/1/2015,MISCELLANEOUS CRIMES AGAINST SOCIETY,2321
12/1/2015,DOMESTIC ABUSE,8564
12/1/2015,GUN CRIME,166
12/1/2015,HATE CRIME,4520
12/1/2015,KNIFE CRIME,1375
12/1/2015,LETHAL BARREL DISCHARGE,16
12/1/2015,MISCELLANEOUS CRIMES AGAINST SOCIETY,2518
1/1/2016,DOMESTIC ABUSE,8293
1/1/2016,GUN CRIME,155
1/1/2016,HATE CRIME,3651
1/1/2016,KNIFE CRIME,1432
1/1/2016,LETHAL BARREL DISCHARGE,24
1/1/2016,MISCELLANEOUS CRIMES AGAINST SOCIETY,2285
2/1/2016,DOMESTIC ABUSE,7665
2/1/2016,GUN CRIME,127
2/1/2016,HATE CRIME,3845
2/1/2016,KNIFE CRIME,1169
2/1/2016,LETHAL BARREL DISCHARGE,17
2/1/2016,MISCELLANEOUS CRIMES AGAINST SOCIETY,2046
3/1/2016,DOMESTIC ABUSE,7987
3/1/2016,GUN CRIME,158
3/1/2016,HATE CRIME,4238
3/1/2016,KNIFE CRIME,1441
3/1/2016,LETHAL BARREL DISCHARGE,30
3/1/2016,MISCELLANEOUS CRIMES AGAINST SOCIETY,2113
4/1/2016,DOMESTIC ABUSE,7925
4/1/2016,GUN CRIME,199
4/1/2016,HATE CRIME,4501
4/1/2016,KNIFE CRIME,1414
4/1/2016,LETHAL BARREL DISCHARGE,27
4/1/2016,MISCELLANEOUS CRIMES AGAINST SOCIETY,1891
5/1/2016,DOMESTIC ABUSE,8671
5/1/2016,GUN CRIME,220
5/1/2016,HATE CRIME,4927
5/1/2016,KNIFE CRIME,1720
5/1/2016,LETHAL BARREL DISCHARGE,37
5/1/2016,MISCELLANEOUS CRIMES AGAINST SOCIETY,2185
6/1/2016,DOMESTIC ABUSE,8406
6/1/2016,GUN CRIME,253
6/1/2016,HATE CRIME,5362
6/1/2016,KNIFE CRIME,1687
6/1/2016,LETHAL BARREL DISCHARGE,21
6/1/2016,MISCELLANEOUS CRIMES AGAINST SOCIETY,2404
7/1/2016,DOMESTIC ABUSE,9014
7/1/2016,GUN CRIME,323
7/1/2016,HATE CRIME,7414
7/1/2016,KNIFE CRIME,1859
7/1/2016,LETHAL BARREL DISCHARGE,43
7/1/2016,MISCELLANEOUS CRIMES AGAINST SOCIETY,2364
8/1/2016,DOMESTIC ABUSE,8871
8/1/2016,GUN CRIME,314
8/1/2016,HATE CRIME,5608
8/1/2016,KNIFE CRIME,1845
8/1/2016,LETHAL BARREL DISCHARGE,50
8/1/2016,MISCELLANEOUS CRIMES AGAINST SOCIETY,2290
9/1/2016,DOMESTIC ABUSE,7970
9/1/2016,GUN CRIME,260
9/1/2016,HATE CRIME,5107
9/1/2016,KNIFE CRIME,1750
9/1/2016,LETHAL BARREL DISCHARGE,24
9/1/2016,MISCELLANEOUS CRIMES AGAINST SOCIETY,2240
10/1/2016,DOMESTIC ABUSE,8163
10/1/2016,GUN CRIME,246
10/1/2016,HATE CRIME,4783
10/1/2016,KNIFE CRIME,1826
10/1/2016,LETHAL BARREL DISCHARGE,30
10/1/2016,MISCELLANEOUS CRIMES AGAINST SOCIETY,2280
11/1/2016,DOMESTIC ABUSE,7382
11/1/2016,GUN CRIME,295
11/1/2016,HATE CRIME,4454
11/1/2016,KNIFE CRIME,1763
11/1/2016,LETHAL BARREL DISCHARGE,19
11/1/2016,MISCELLANEOUS CRIMES AGAINST SOCIETY,2675
12/1/2016,DOMESTIC ABUSE,8180
12/1/2016,GUN CRIME,238
12/1/2016,HATE CRIME,4667
12/1/2016,KNIFE CRIME,1693
12/1/2016,LETHAL BARREL DISCHARGE,12
12/1/2016,MISCELLANEOUS CRIMES AGAINST SOCIETY,3093
1/1/2017,DOMESTIC ABUSE,7867
1/1/2017,GUN CRIME,225
1/1/2017,HATE CRIME,3953
1/1/2017,KNIFE CRIME,1901
1/1/2017,LETHAL BARREL DISCHARGE,15
1/1/2017,MISCELLANEOUS CRIMES AGAINST SOCIETY,2607
2/1/2017,DOMESTIC ABUSE,7467
2/1/2017,GUN CRIME,275
2/1/2017,HATE CRIME,4027
2/1/2017,KNIFE CRIME,1671
2/1/2017,LETHAL BARREL DISCHARGE,22
2/1/2017,MISCELLANEOUS CRIMES AGAINST SOCIETY,2699
3/1/2017,DOMESTIC ABUSE,8406
3/1/2017,GUN CRIME,235
3/1/2017,HATE CRIME,5046
3/1/2017,KNIFE CRIME,2173
3/1/2017,LETHAL BARREL DISCHARGE,21
3/1/2017,MISCELLANEOUS CRIMES AGAINST SOCIETY,3633
4/1/2017,ARSON AND CRIMINAL DAMAGE,5136
4/1/2017,BURGLARY,5852
4/1/2017,DOMESTIC ABUSE,8503
4/1/2017,DRUG OFFENCES,2891
4/1/2017,GUN CRIME,214
4/1/2017,HATE CRIME,4887
4/1/2017,KNIFE CRIME,2042
4/1/2017,LETHAL BARREL DISCHARGE,26
4/1/2017,MISCELLANEOUS CRIMES AGAINST SOCIETY,3272
4/1/2017,PUBLIC ORDER OFFENCES,3761
4/1/2017,ROBBERY,2498
4/1/2017,SEXUAL OFFENCES,1441
4/1/2017,THEFT,17894
4/1/2017,VEHICLE OFFENCES,8594
4/1/2017,VIOLENCE AGAINST THE PERSON,15860
5/1/2017,ARSON AND CRIMINAL DAMAGE,5482
5/1/2017,BURGLARY,5826
5/1/2017,DOMESTIC ABUSE,8852
5/1/2017,DRUG OFFENCES,3193
5/1/2017,GUN CRIME,256
5/1/2017,HATE CRIME,5190
5/1/2017,KNIFE CRIME,1877
5/1/2017,LETHAL BARREL DISCHARGE,37
5/1/2017,MISCELLANEOUS CRIMES AGAINST SOCIETY,3386
5/1/2017,PUBLIC ORDER OFFENCES,4352
5/1/2017,ROBBERY,2482
5/1/2017,SEXUAL OFFENCES,1706
5/1/2017,THEFT,19622
5/1/2017,VEHICLE OFFENCES,9221
5/1/2017,VIOLENCE AGAINST THE PERSON,17534
6/1/2017,ARSON AND CRIMINAL DAMAGE,5328
6/1/2017,BURGLARY,5731
6/1/2017,DOMESTIC ABUSE,9151
6/1/2017,DRUG OFFENCES,2875
6/1/2017,GUN CRIME,287
6/1/2017,HATE CRIME,6854
6/1/2017,KNIFE CRIME,2209
6/1/2017,LETHAL BARREL DISCHARGE,40
6/1/2017,MISCELLANEOUS CRIMES AGAINST SOCIETY,3217
6/1/2017,PUBLIC ORDER OFFENCES,4970
6/1/2017,ROBBERY,2508
6/1/2017,SEXUAL OFFENCES,1813
6/1/2017,THEFT,18943
6/1/2017,VEHICLE OFFENCES,8407
6/1/2017,VIOLENCE AGAINST THE PERSON,18037
7/1/2017,ARSON AND CRIMINAL DAMAGE,5471
7/1/2017,BURGLARY,6216
7/1/2017,DOMESTIC ABUSE,9351
7/1/2017,DRUG OFFENCES,3276
7/1/2017,GUN CRIME,355
7/1/2017,HATE CRIME,6158
7/1/2017,KNIFE CRIME,2181
7/1/2017,LETHAL BARREL DISCHARGE,44
7/1/2017,MISCELLANEOUS CRIMES AGAINST SOCIETY,3539
7/1/2017,PUBLIC ORDER OFFENCES,4957
7/1/2017,ROBBERY,2941
7/1/2017,SEXUAL OFFENCES,1778
7/1/2017,THEFT,20526
7/1/2017,VEHICLE OFFENCES,8646
7/1/2017,VIOLENCE AGAINST THE PERSON,18300
8/1/2017,ARSON AND CRIMINAL DAMAGE,5174
8/1/2017,BURGLARY,6267
8/1/2017,DOMESTIC ABUSE,8838
8/1/2017,DRUG OFFENCES,3414
8/1/2017,GUN CRIME,259
8/1/2017,HATE CRIME,5286
8/1/2017,KNIFE CRIME,2147
8/1/2017,LETHAL BARREL DISCHARGE,50
8/1/2017,MISCELLANEOUS CRIMES AGAINST SOCIETY,3289
8/1/2017,PUBLIC ORDER OFFENCES,4222
8/1/2017,ROBBERY,2728
8/1/2017,SEXUAL OFFENCES,1651
8/1/2017,THEFT,20046
8/1/2017,VEHICLE OFFENCES,8633
8/1/2017,VIOLENCE AGAINST THE PERSON,16154
9/1/2017,ARSON AND CRIMINAL DAMAGE,4961
9/1/2017,BURGLARY,6045
9/1/2017,DOMESTIC ABUSE,8188
9/1/2017,DRUG OFFENCES,3110
9/1/2017,GUN CRIME,236
9/1/2017,HATE CRIME,4707
9/1/2017,KNIFE CRIME,2028
9/1/2017,LETHAL BARREL DISCHARGE,21
9/1/2017,MISCELLANEOUS CRIMES AGAINST SOCIETY,3074
9/1/2017,PUBLIC ORDER OFFENCES,3978
9/1/2017,ROBBERY,2765
9/1/2017,SEXUAL OFFENCES,1672
9/1/2017,THEFT,18603
9/1/2017,VEHICLE OFFENCES,8910
9/1/2017,VIOLENCE AGAINST THE PERSON,16377
10/1/2017,ARSON AND CRIMINAL DAMAGE,5420
10/1/2017,BURGLARY,6721
10/1/2017,DOMESTIC ABUSE,8927
10/1/2017,DRUG OFFENCES,3464
10/1/2017,GUN CRIME,256
10/1/2017,HATE CRIME,5023
10/1/2017,KNIFE CRIME,2264
10/1/2017,LETHAL BARREL DISCHARGE,23
10/1/2017,MISCELLANEOUS CRIMES AGAINST SOCIETY,3442
10/1/2017,PUBLIC ORDER OFFENCES,4379
10/1/2017,ROBBERY,3058
10/1/2017,SEXUAL OFFENCES,1799
10/1/2017,THEFT,19165
10/1/2017,VEHICLE OFFENCES,9279
10/1/2017,VIOLENCE AGAINST THE PERSON,17829
11/1/2017,ARSON AND CRIMINAL DAMAGE,5194
11/1/2017,BURGLARY,7348
11/1/2017,DOMESTIC ABUSE,7979
11/1/2017,DRUG OFFENCES,3200
11/1/2017,GUN CRIME,278
11/1/2017,HATE CRIME,4237
11/1/2017,KNIFE CRIME,2136
11/1/2017,LETHAL BARREL DISCHARGE,26
11/1/2017,MISCELLANEOUS CRIMES AGAINST SOCIETY,3784
11/1/2017,PUBLIC ORDER OFFENCES,3971
11/1/2017,ROBBERY,3159
11/1/2017,SEXUAL OFFENCES,1840
11/1/2017,THEFT,19352
11/1/2017,VEHICLE OFFENCES,9275
11/1/2017,VIOLENCE AGAINST THE PERSON,16936
12/1/2017,ARSON AND CRIMINAL DAMAGE,4740
12/1/2017,BURGLARY,6989
12/1/2017,DOMESTIC ABUSE,8712
12/1/2017,DRUG OFFENCES,2619
12/1/2017,GUN CRIME,263
12/1/2017,HATE CRIME,3896
12/1/2017,KNIFE CRIME,1851
12/1/2017,LETHAL BARREL DISCHARGE,27
12/1/2017,MISCELLANEOUS CRIMES AGAINST SOCIETY,3349
12/1/2017,PUBLIC ORDER OFFENCES,3363
12/1/2017,ROBBERY,2825
12/1/2017,SEXUAL OFFENCES,1509
12/1/2017,THEFT,17573
12/1/2017,VEHICLE OFFENCES,8522
12/1/2017,VIOLENCE AGAINST THE PERSON,16320
1/1/2018,ARSON AND CRIMINAL DAMAGE,4929
1/1/2018,BURGLARY,7639
1/1/2018,DOMESTIC ABUSE,8492
1/1/2018,DRUG OFFENCES,3098
1/1/2018,GUN CRIME,235
1/1/2018,HATE CRIME,4092
1/1/2018,KNIFE CRIME,2018
1/1/2018,LETHAL BARREL DISCHARGE,34
1/1/2018,MISCELLANEOUS CRIMES AGAINST SOCIETY,3025
1/1/2018,PUBLIC ORDER OFFENCES,3539
1/1/2018,ROBBERY,2885
1/1/2018,SEXUAL OFFENCES,1663
1/1/2018,THEFT,17511
1/1/2018,VEHICLE OFFENCES,9466
1/1/2018,VIOLENCE AGAINST THE PERSON,16437
2/1/2018,ARSON AND CRIMINAL DAMAGE,4269
2/1/2018,BURGLARY,6600
2/1/2018,DOMESTIC ABUSE,7576
2/1/2018,DRUG OFFENCES,2845
2/1/2018,GUN CRIME,198
2/1/2018,HATE CRIME,3783
2/1/2018,KNIFE CRIME,1634
2/1/2018,LETHAL BARREL DISCHARGE,34
2/1/2018,MISCELLANEOUS CRIMES AGAINST SOCIETY,2491
2/1/2018,PUBLIC ORDER OFFENCES,3354
2/1/2018,ROBBERY,2491
2/1/2018,SEXUAL OFFENCES,1538
2/1/2018,THEFT,16211
2/1/2018,VEHICLE OFFENCES,8776
2/1/2018,VIOLENCE AGAINST THE PERSON,14726
3/1/2018,ARSON AND CRIMINAL DAMAGE,4600
3/1/2018,BURGLARY,6360
3/1/2018,DOMESTIC ABUSE,8250
3/1/2018,DRUG OFFENCES,2849
3/1/2018,GUN CRIME,264
3/1/2018,HATE CRIME,4974
3/1/2018,KNIFE CRIME,2027
3/1/2018,LETHAL BARREL DISCHARGE,40
3/1/2018,MISCELLANEOUS CRIMES AGAINST SOCIETY,2757
3/1/2018,PUBLIC ORDER OFFENCES,3979
3/1/2018,ROBBERY,2599
3/1/2018,SEXUAL OFFENCES,1684
3/1/2018,THEFT,17207
3/1/2018,VEHICLE OFFENCES,8939
3/1/2018,VIOLENCE AGAINST THE PERSON,17187
4/1/2018,ARSON AND CRIMINAL DAMAGE,4765
4/1/2018,BURGLARY,6356
4/1/2018,DOMESTIC ABUSE,8946
4/1/2018,DRUG OFFENCES,3032
4/1/2018,GUN CRIME,273
4/1/2018,HATE CRIME,4753
4/1/2018,KNIFE CRIME,2091
4/1/2018,LETHAL BARREL DISCHARGE,24
4/1/2018,MISCELLANEOUS CRIMES AGAINST SOCIETY,2610
4/1/2018,PUBLIC ORDER OFFENCES,3992
4/1/2018,ROBBERY,2560
4/1/2018,SEXUAL OFFENCES,1594
4/1/2018,THEFT,17373
4/1/2018,VEHICLE OFFENCES,8927
4/1/2018,VIOLENCE AGAINST THE PERSON,16601
5/1/2018,ARSON AND CRIMINAL DAMAGE,5001
5/1/2018,BURGLARY,6385
5/1/2018,DOMESTIC ABUSE,9534
5/1/2018,DRUG OFFENCES,3106
5/1/2018,GUN CRIME,303
5/1/2018,HATE CRIME,5317
5/1/2018,KNIFE CRIME,2093
5/1/2018,LETHAL BARREL DISCHARGE,47
5/1/2018,MISCELLANEOUS CRIMES AGAINST SOCIETY,2273
5/1/2018,PUBLIC ORDER OFFENCES,4404
5/1/2018,ROBBERY,2609
5/1/2018,SEXUAL OFFENCES,1803
5/1/2018,THEFT,18315
5/1/2018,VEHICLE OFFENCES,8871
5/1/2018,VIOLENCE AGAINST THE PERSON,18980
6/1/2018,ARSON AND CRIMINAL DAMAGE,4839
6/1/2018,BURGLARY,6092
6/1/2018,DOMESTIC ABUSE,9790
6/1/2018,DRUG OFFENCES,2745
6/1/2018,GUN CRIME,217
6/1/2018,HATE CRIME,5600
6/1/2018,KNIFE CRIME,2206
6/1/2018,LETHAL BARREL DISCHARGE,36
6/1/2018,MISCELLANEOUS CRIMES AGAINST SOCIETY,2806
6/1/2018,PUBLIC ORDER OFFENCES,4364
6/1/2018,ROBBERY,2894
6/1/2018,SEXUAL OFFENCES,1859
6/1/2018,THEFT,18209
6/1/2018,VEHICLE OFFENCES,9026
6/1/2018,VIOLENCE AGAINST THE PERSON,18827
7/1/2018,ARSON AND CRIMINAL DAMAGE,5026
7/1/2018,BURGLARY,6301
7/1/2018,DOMESTIC ABUSE,10811
7/1/2018,DRUG OFFENCES,2680
7/1/2018,GUN CRIME,311
7/1/2018,HATE CRIME,5761
7/1/2018,KNIFE CRIME,2116
7/1/2018,LETHAL BARREL DISCHARGE,43
7/1/2018,MISCELLANEOUS CRIMES AGAINST SOCIETY,2631
7/1/2018,PUBLIC ORDER OFFENCES,4961
7/1/2018,ROBBERY,2970
7/1/2018,SEXUAL OFFENCES,2037
7/1/2018,THEFT,19713
7/1/2018,VEHICLE OFFENCES,9078
7/1/2018,VIOLENCE AGAINST THE PERSON,20222
8/1/2018,ARSON AND CRIMINAL DAMAGE,4565
8/1/2018,BURGLARY,6506
8/1/2018,DOMESTIC ABUSE,9611
8/1/2018,DRUG OFFENCES,3395
8/1/2018,GUN CRIME,244
8/1/2018,HATE CRIME,4493
8/1/2018,KNIFE CRIME,1951
8/1/2018,LETHAL BARREL DISCHARGE,33
8/1/2018,MISCELLANEOUS CRIMES AGAINST SOCIETY,2427
8/1/2018,PUBLIC ORDER OFFENCES,3956
8/1/2018,ROBBERY,2556
8/1/2018,SEXUAL OFFENCES,1650
8/1/2018,THEFT,18431
8/1/2018,VEHICLE OFFENCES,9231
8/1/2018,VIOLENCE AGAINST THE PERSON,17304
9/1/2018,ARSON AND CRIMINAL DAMAGE,4469
9/1/2018,BURGLARY,6089
9/1/2018,DOMESTIC ABUSE,9142
9/1/2018,DRUG OFFENCES,3068
9/1/2018,GUN CRIME,279
9/1/2018,HATE CRIME,4658
9/1/2018,KNIFE CRIME,1709
9/1/2018,LETHAL BARREL DISCHARGE,26
9/1/2018,MISCELLANEOUS CRIMES AGAINST SOCIETY,2211
9/1/2018,PUBLIC ORDER OFFENCES,4032
9/1/2018,ROBBERY,2658
9/1/2018,SEXUAL OFFENCES,1718
9/1/2018,THEFT,18073
9/1/2018,VEHICLE OFFENCES,9799
9/1/2018,VIOLENCE AGAINST THE PERSON,17362
10/1/2018,ARSON AND CRIMINAL DAMAGE,4813
10/1/2018,BURGLARY,7149
10/1/2018,DOMESTIC ABUSE,9171
10/1/2018,DRUG OFFENCES,3220
10/1/2018,GUN CRIME,270
10/1/2018,HATE CRIME,4718
10/1/2018,KNIFE CRIME,1888
10/1/2018,LETHAL BARREL DISCHARGE,48
10/1/2018,MISCELLANEOUS CRIMES AGAINST SOCIETY,2729
10/1/2018,PUBLIC ORDER OFFENCES,4118
10/1/2018,ROBBERY,2936
10/1/2018,SEXUAL OFFENCES,1780
10/1/2018,THEFT,20043
10/1/2018,VEHICLE OFFENCES,10509
10/1/2018,VIOLENCE AGAINST THE PERSON,18000
11/1/2018,ARSON AND CRIMINAL DAMAGE,4724
11/1/2018,BURGLARY,7887
11/1/2018,DOMESTIC ABUSE,8509
11/1/2018,DRUG OFFENCES,3391
11/1/2018,GUN CRIME,282
11/1/2018,HATE CRIME,5032
11/1/2018,KNIFE CRIME,1823
11/1/2018,LETHAL BARREL DISCHARGE,42
11/1/2018,MISCELLANEOUS CRIMES AGAINST SOCIETY,3125
11/1/2018,PUBLIC ORDER OFFENCES,3951
11/1/2018,ROBBERY,3040
11/1/2018,SEXUAL OFFENCES,1729
11/1/2018,THEFT,19924
11/1/2018,VEHICLE OFFENCES,10529
11/1/2018,VIOLENCE AGAINST THE PERSON,17665
12/1/2018,ARSON AND CRIMINAL DAMAGE,4688
12/1/2018,BURGLARY,7159
12/1/2018,DOMESTIC ABUSE,9642
12/1/2018,DRUG OFFENCES,3276
12/1/2018,GUN CRIME,193
12/1/2018,HATE CRIME,4789
12/1/2018,KNIFE CRIME,1916
12/1/2018,LETHAL BARREL DISCHARGE,31
12/1/2018,MISCELLANEOUS CRIMES AGAINST SOCIETY,3148
12/1/2018,PUBLIC ORDER OFFENCES,3689
12/1/2018,ROBBERY,3005
12/1/2018,SEXUAL OFFENCES,1484
12/1/2018,THEFT,19411
12/1/2018,VEHICLE OFFENCES,9644
12/1/2018,VIOLENCE AGAINST THE PERSON,17923
1/1/2019,ARSON AND CRIMINAL DAMAGE,4547
1/1/2019,BURGLARY,7455
1/1/2019,DOMESTIC ABUSE,9412
1/1/2019,DRUG OFFENCES,3509
1/1/2019,GUN CRIME,197
1/1/2019,HATE CRIME,4328
1/1/2019,KNIFE CRIME,1918
1/1/2019,LETHAL BARREL DISCHARGE,21
1/1/2019,MISCELLANEOUS CRIMES AGAINST SOCIETY,2815
1/1/2019,PUBLIC ORDER OFFENCES,3538
1/1/2019,ROBBERY,2969
1/1/2019,SEXUAL OFFENCES,1659
1/1/2019,THEFT,19039
1/1/2019,VEHICLE OFFENCES,10859
1/1/2019,VIOLENCE AGAINST THE PERSON,17412
2/1/2019,ARSON AND CRIMINAL DAMAGE,4370
2/1/2019,BURGLARY,6680
2/1/2019,DOMESTIC ABUSE,8752
2/1/2019,DRUG OFFENCES,3480
2/1/2019,GUN CRIME,225
2/1/2019,HATE CRIME,4703
2/1/2019,KNIFE CRIME,1759
2/1/2019,LETHAL BARREL DISCHARGE,19
2/1/2019,MISCELLANEOUS CRIMES AGAINST SOCIETY,3250
2/1/2019,PUBLIC ORDER OFFENCES,3667
2/1/2019,ROBBERY,2996
2/1/2019,SEXUAL OFFENCES,1574
2/1/2019,THEFT,19755
2/1/2019,VEHICLE OFFENCES,9675
2/1/2019,VIOLENCE AGAINST THE PERSON,16813
3/1/2019,ARSON AND CRIMINAL DAMAGE,4968
3/1/2019,BURGLARY,7219
3/1/2019,DOMESTIC ABUSE,9198
3/1/2019,DRUG OFFENCES,4429
3/1/2019,GUN CRIME,194
3/1/2019,HATE CRIME,5718
3/1/2019,KNIFE CRIME,1950
3/1/2019,LETHAL BARREL DISCHARGE,23
3/1/2019,MISCELLANEOUS CRIMES AGAINST SOCIETY,3599
3/1/2019,PUBLIC ORDER OFFENCES,4464
3/1/2019,ROBBERY,3202
3/1/2019,SEXUAL OFFENCES,1704
3/1/2019,THEFT,21397
3/1/2019,VEHICLE OFFENCES,10794
3/1/2019,VIOLENCE AGAINST THE PERSON,18723
4/1/2019,ARSON AND CRIMINAL DAMAGE,4727
4/1/2019,BURGLARY,6316
4/1/2019,DOMESTIC ABUSE,9070
4/1/2019,DRUG OFFENCES,3714
4/1/2019,GUN CRIME,217
4/1/2019,HATE CRIME,5334
4/1/2019,KNIFE CRIME,2090
4/1/2019,LETHAL BARREL DISCHARGE,25
4/1/2019,MISCELLANEOUS CRIMES AGAINST SOCIETY,3586
4/1/2019,PUBLIC ORDER OFFENCES,4135
4/1/2019,ROBBERY,3441
4/1/2019,SEXUAL OFFENCES,1596
4/1/2019,THEFT,21576
4/1/2019,VEHICLE OFFENCES,10297
4/1/2019,VIOLENCE AGAINST THE PERSON,17522
5/1/2019,ARSON AND CRIMINAL DAMAGE,4895
5/1/2019,BURGLARY,6408
5/1/2019,DOMESTIC ABUSE,9484
5/1/2019,DRUG OFFENCES,3932
5/1/2019,GUN CRIME,186
5/1/2019,HATE CRIME,5442
5/1/2019,KNIFE CRIME,2072
5/1/2019,LETHAL BARREL DISCHARGE,17
5/1/2019,MISCELLANEOUS CRIMES AGAINST SOCIETY,3237
5/1/2019,PUBLIC ORDER OFFENCES,4576
5/1/2019,ROBBERY,3331
5/1/2019,SEXUAL OFFENCES,1697
5/1/2019,THEFT,21758
5/1/2019,VEHICLE OFFENCES,10070
5/1/2019,VIOLENCE AGAINST THE PERSON,18884
6/1/2019,ARSON AND CRIMINAL DAMAGE,4711
6/1/2019,BURGLARY,6368
6/1/2019,DOMESTIC ABUSE,9685
6/1/2019,DRUG OFFENCES,4109
6/1/2019,GUN CRIME,222
6/1/2019,HATE CRIME,5625
6/1/2019,KNIFE CRIME,2024
6/1/2019,LETHAL BARREL DISCHARGE,24
6/1/2019,MISCELLANEOUS CRIMES AGAINST SOCIETY,3096
6/1/2019,PUBLIC ORDER OFFENCES,4640
6/1/2019,ROBBERY,3174
6/1/2019,SEXUAL OFFENCES,1824
6/1/2019,THEFT,21152
6/1/2019,VEHICLE OFFENCES,10049
6/1/2019,VIOLENCE AGAINST THE PERSON,19034
7/1/2019,ARSON AND CRIMINAL DAMAGE,4924
7/1/2019,BURGLARY,6304
7/1/2019,DOMESTIC ABUSE,10228
7/1/2019,DRUG OFFENCES,4586
7/1/2019,GUN CRIME,251
7/1/2019,HATE CRIME,6218
7/1/2019,KNIFE CRIME,1983
7/1/2019,LETHAL BARREL DISCHARGE,25
7/1/2019,MISCELLANEOUS CRIMES AGAINST SOCIETY,3392
7/1/2019,PUBLIC ORDER OFFENCES,5289
7/1/2019,ROBBERY,3428
7/1/2019,SEXUAL OFFENCES,1850
7/1/2019,THEFT,22775
7/1/2019,VEHICLE OFFENCES,10519
7/1/2019,VIOLENCE AGAINST THE PERSON,20302
8/1/2019,ARSON AND CRIMINAL DAMAGE,4597
8/1/2019,BURGLARY,6163
8/1/2019,DOMESTIC ABUSE,10037
8/1/2019,DRUG OFFENCES,4865
8/1/2019,GUN CRIME,226
8/1/2019,HATE CRIME,5653
8/1/2019,KNIFE CRIME,1952
8/1/2019,LETHAL BARREL DISCHARGE,32
8/1/2019,MISCELLANEOUS CRIMES AGAINST SOCIETY,3198
8/1/2019,PUBLIC ORDER OFFENCES,4676
8/1/2019,ROBBERY,3083
8/1/2019,SEXUAL OFFENCES,1555
8/1/2019,THEFT,20914
8/1/2019,VEHICLE OFFENCES,10480
8/1/2019,VIOLENCE AGAINST THE PERSON,18629
9/1/2019,ARSON AND CRIMINAL DAMAGE,4578
9/1/2019,BURGLARY,6526
9/1/2019,DOMESTIC ABUSE,9170
9/1/2019,DRUG OFFENCES,4012
9/1/2019,GUN CRIME,212
9/1/2019,HATE CRIME,5349
9/1/2019,KNIFE CRIME,1813
9/1/2019,LETHAL BARREL DISCHARGE,20
9/1/2019,MISCELLANEOUS CRIMES AGAINST SOCIETY,3340
9/1/2019,PUBLIC ORDER OFFENCES,4472
9/1/2019,ROBBERY,3352
9/1/2019,SEXUAL OFFENCES,1611
9/1/2019,THEFT,19883
9/1/2019,VEHICLE OFFENCES,11616
9/1/2019,VIOLENCE AGAINST THE PERSON,18470
10/1/2019,ARSON AND CRIMINAL DAMAGE,4880
10/1/2019,BURGLARY,7293
10/1/2019,DOMESTIC ABUSE,9410
10/1/2019,DRUG OFFENCES,4005
10/1/2019,GUN CRIME,257
10/1/2019,HATE CRIME,5703
10/1/2019,KNIFE CRIME,2021
10/1/2019,LETHAL BARREL DISCHARGE,17
10/1/2019,MISCELLANEOUS CRIMES AGAINST SOCIETY,4347
10/1/2019,PUBLIC ORDER OFFENCES,4680
10/1/2019,ROBBERY,3750
10/1/2019,SEXUAL OFFENCES,1672
10/1/2019,THEFT,22266
10/1/2019,VEHICLE OFFENCES,12309
10/1/2019,VIOLENCE AGAINST THE PERSON,18907
11/1/2019,ARSON AND CRIMINAL DAMAGE,4574
11/1/2019,BURGLARY,7096
11/1/2019,DOMESTIC ABUSE,9211
11/1/2019,DRUG OFFENCES,4056
11/1/2019,GUN CRIME,220
11/1/2019,HATE CRIME,5602
11/1/2019,KNIFE CRIME,2145
11/1/2019,LETHAL BARREL DISCHARGE,14
11/1/2019,MISCELLANEOUS CRIMES AGAINST SOCIETY,4180
11/1/2019,PUBLIC ORDER OFFENCES,4389
11/1/2019,ROBBERY,3839
11/1/2019,SEXUAL OFFENCES,1755
11/1/2019,THEFT,21261
11/1/2019,VEHICLE OFFENCES,11391
11/1/2019,VIOLENCE AGAINST THE PERSON,18911
12/1/2019,ARSON AND CRIMINAL DAMAGE,4547
12/1/2019,BURGLARY,6836
12/1/2019,DOMESTIC ABUSE,9570
12/1/2019,DRUG OFFENCES,3510
12/1/2019,GUN CRIME,175
12/1/2019,HATE CRIME,5375
12/1/2019,KNIFE CRIME,1858
12/1/2019,LETHAL BARREL DISCHARGE,33
12/1/2019,MISCELLANEOUS CRIMES AGAINST SOCIETY,3685
12/1/2019,PUBLIC ORDER OFFENCES,4128
12/1/2019,ROBBERY,3366
12/1/2019,SEXUAL OFFENCES,1529
12/1/2019,THEFT,20203
12/1/2019,VEHICLE OFFENCES,10972
12/1/2019,VIOLENCE AGAINST THE PERSON,18244
1/1/2020,ARSON AND CRIMINAL DAMAGE,4422
1/1/2020,BURGLARY,6992
1/1/2020,DOMESTIC ABUSE,9362
1/1/2020,DRUG OFFENCES,4733
1/1/2020,GUN CRIME,229
1/1/2020,HATE CRIME,4990
1/1/2020,KNIFE CRIME,1954
1/1/2020,LETHAL BARREL DISCHARGE,29
1/1/2020,MISCELLANEOUS CRIMES AGAINST SOCIETY,3597
1/1/2020,PUBLIC ORDER OFFENCES,4240
1/1/2020,ROBBERY,3365
1/1/2020,SEXUAL OFFENCES,1707
1/1/2020,THEFT,18840
1/1/2020,VEHICLE OFFENCES,12090
1/1/2020,VIOLENCE AGAINST THE PERSON,18066
2/1/2020,ARSON AND CRIMINAL DAMAGE,4341
2/1/2020,BURGLARY,6301
2/1/2020,DOMESTIC ABUSE,8896
2/1/2020,DRUG OFFENCES,4236
2/1/2020,GUN CRIME,164
2/1/2020,HATE CRIME,5433
2/1/2020,KNIFE CRIME,1732
2/1/2020,LETHAL BARREL DISCHARGE,25
2/1/2020,MISCELLANEOUS CRIMES AGAINST SOCIETY,3883
2/1/2020,PUBLIC ORDER OFFENCES,4051
2/1/2020,ROBBERY,3215
2/1/2020,SEXUAL OFFENCES,1804
2/1/2020,THEFT,19725
2/1/2020,VEHICLE OFFENCES,10762
2/1/2020,VIOLENCE AGAINST THE PERSON,17279
3/1/2020,ARSON AND CRIMINAL DAMAGE,4386
3/1/2020,BURGLARY,5362
3/1/2020,DOMESTIC ABUSE,9364
3/1/2020,DRUG OFFENCES,4015
3/1/2020,GUN CRIME,166
3/1/2020,HATE CRIME,5347
3/1/2020,KNIFE CRIME,1583
3/1/2020,LETHAL BARREL DISCHARGE,22
3/1/2020,MISCELLANEOUS CRIMES AGAINST SOCIETY,3071
3/1/2020,PUBLIC ORDER OFFENCES,4090
3/1/2020,ROBBERY,2719
3/1/2020,SEXUAL OFFENCES,1544
3/1/2020,THEFT,14874
3/1/2020,VEHICLE OFFENCES,9588
3/1/2020,VIOLENCE AGAINST THE PERSON,17657
4/1/2020,ARSON AND CRIMINAL DAMAGE,3486
4/1/2020,BURGLARY,3666
4/1/2020,DOMESTIC ABUSE,9437
4/1/2020,DRUG OFFENCES,5422
4/1/2020,GUN CRIME,90
4/1/2020,HATE CRIME,4412
4/1/2020,KNIFE CRIME,964
4/1/2020,LETHAL BARREL DISCHARGE,4
4/1/2020,MISCELLANEOUS CRIMES AGAINST SOCIETY,686
4/1/2020,PUBLIC ORDER OFFENCES,3538
4/1/2020,ROBBERY,1105
4/1/2020,SEXUAL OFFENCES,996
4/1/2020,THEFT,7276
4/1/2020,VEHICLE OFFENCES,6343
4/1/2020,VIOLENCE AGAINST THE PERSON,15474
5/1/2020,ARSON AND CRIMINAL DAMAGE,3903
5/1/2020,BURGLARY,3894
5/1/2020,DOMESTIC ABUSE,10586
5/1/2020,DRUG OFFENCES,6898
5/1/2020,GUN CRIME,160
5/1/2020,HATE CRIME,5692
5/1/2020,KNIFE CRIME,1183
5/1/2020,LETHAL BARREL DISCHARGE,21
5/1/2020,MISCELLANEOUS CRIMES AGAINST SOCIETY,810
5/1/2020,PUBLIC ORDER OFFENCES,4345
5/1/2020,ROBBERY,1316
5/1/2020,SEXUAL OFFENCES,1277
5/1/2020,THEFT,8969
5/1/2020,VEHICLE OFFENCES,7275
5/1/2020,VIOLENCE AGAINST THE PERSON,17855
6/1/2020,ARSON AND CRIMINAL DAMAGE,4341
6/1/2020,BURGLARY,4311
6/1/2020,DOMESTIC ABUSE,10243
6/1/2020,DRUG OFFENCES,5073
6/1/2020,GUN CRIME,177
6/1/2020,HATE CRIME,8281
6/1/2020,KNIFE CRIME,1478
6/1/2020,LETHAL BARREL DISCHARGE,39
6/1/2020,MISCELLANEOUS CRIMES AGAINST SOCIETY,1076
6/1/2020,PUBLIC ORDER OFFENCES,5070
6/1/2020,ROBBERY,1716
6/1/2020,SEXUAL OFFENCES,1539
6/1/2020,THEFT,11495
6/1/2020,VEHICLE OFFENCES,8107
6/1/2020,VIOLENCE AGAINST THE PERSON,19112
7/1/2020,ARSON AND CRIMINAL DAMAGE,4702
7/1/2020,BURGLARY,4959
7/1/2020,DOMESTIC ABUSE,10915
7/1/2020,DRUG OFFENCES,5015
7/1/2020,GUN CRIME,209
7/1/2020,HATE CRIME,8091
7/1/2020,KNIFE CRIME,1592
7/1/2020,LETHAL BARREL DISCHARGE,45
7/1/2020,MISCELLANEOUS CRIMES AGAINST SOCIETY,1838
7/1/2020,PUBLIC ORDER OFFENCES,5765
7/1/2020,ROBBERY,2197
7/1/2020,SEXUAL OFFENCES,1803
7/1/2020,THEFT,15221
7/1/2020,VEHICLE OFFENCES,9026
7/1/2020,VIOLENCE AGAINST THE PERSON,20366
8/1/2020,ARSON AND CRIMINAL DAMAGE,4681
8/1/2020,BURGLARY,4994
8/1/2020,DOMESTIC ABUSE,11269
8/1/2020,DRUG OFFENCES,3824
8/1/2020,GUN CRIME,205
8/1/2020,HATE CRIME,7488
8/1/2020,KNIFE CRIME,1753
8/1/2020,LETHAL BARREL DISCHARGE,33
8/1/2020,MISCELLANEOUS CRIMES AGAINST SOCIETY,889
8/1/2020,POSSESSION OF WEAPONS,543
8/1/2020,PUBLIC ORDER OFFENCES,5337
8/1/2020,ROBBERY,2495
8/1/2020,SEXUAL OFFENCES,1602
8/1/2020,THEFT,16048
8/1/2020,VEHICLE OFFENCES,8879
8/1/2020,VIOLENCE AGAINST THE PERSON,20230
9/1/2020,ARSON AND CRIMINAL DAMAGE,4286
9/1/2020,BURGLARY,5180
9/1/2020,DOMESTIC ABUSE,9827
9/1/2020,DRUG OFFENCES,3789
9/1/2020,FRAUD AND FORGERY,0
9/1/2020,GUN CRIME,201
9/1/2020,HATE CRIME,6626
9/1/2020,KNIFE CRIME,1586
9/1/2020,LETHAL BARREL DISCHARGE,31
9/1/2020,MISCELLANEOUS CRIMES AGAINST SOCIETY,1069
9/1/2020,POSSESSION OF WEAPONS,586
9/1/2020,PUBLIC ORDER OFFENCES,5096
9/1/2020,ROBBERY,2582
9/1/2020,SEXUAL OFFENCES,1583
9/1/2020,THEFT,16496
9/1/2020,VEHICLE OFFENCES,10097
9/1/2020,VIOLENCE AGAINST THE PERSON,19359
10/1/2020,ARSON AND CRIMINAL DAMAGE,4304
10/1/2020,BURGLARY,5628
10/1/2020,DOMESTIC ABUSE,9231
10/1/2020,DRUG OFFENCES,4398
10/1/2020,GUN CRIME,166
10/1/2020,HATE CRIME,5777
10/1/2020,KNIFE CRIME,1483
10/1/2020,LETHAL BARREL DISCHARGE,30
10/1/2020,MISCELLANEOUS CRIMES AGAINST SOCIETY,925
10/1/2020,POSSESSION OF WEAPONS,589
10/1/2020,PUBLIC ORDER OFFENCES,4549
10/1/2020,ROBBERY,2443
10/1/2020,SEXUAL OFFENCES,1632
10/1/2020,THEFT,16778
10/1/2020,VEHICLE OFFENCES,10553
10/1/2020,VIOLENCE AGAINST THE PERSON,18400
11/1/2020,ARSON AND CRIMINAL DAMAGE,4167
11/1/2020,BURGLARY,5198
11/1/2020,DOMESTIC ABUSE,9124
11/1/2020,DRUG OFFENCES,4714
11/1/2020,GUN CRIME,163
11/1/2020,HATE CRIME,5443
11/1/2020,KNIFE CRIME,1284
11/1/2020,LETHAL BARREL DISCHARGE,21
11/1/2020,MISCELLANEOUS CRIMES AGAINST SOCIETY,1060
11/1/2020,POSSESSION OF WEAPONS,595
11/1/2020,PUBLIC ORDER OFFENCES,4166
11/1/2020,ROBBERY,2308
11/1/2020,SEXUAL OFFENCES,1518
11/1/2020,THEFT,12894
11/1/2020,VEHICLE OFFENCES,9121
11/1/2020,VIOLENCE AGAINST THE PERSON,17953
12/1/2020,ARSON AND CRIMINAL DAMAGE,4038
12/1/2020,BURGLARY,4740
12/1/2020,DOMESTIC ABUSE,9464
12/1/2020,DRUG OFFENCES,3912
12/1/2020,GUN CRIME,112
12/1/2020,HATE CRIME,4829
12/1/2020,KNIFE CRIME,1282
12/1/2020,LETHAL BARREL DISCHARGE,9
12/1/2020,MISCELLANEOUS CRIMES AGAINST SOCIETY,860
12/1/2020,POSSESSION OF WEAPONS,470
12/1/2020,PUBLIC ORDER OFFENCES,3794
12/1/2020,ROBBERY,1998
12/1/2020,SEXUAL OFFENCES,1250
12/1/2020,THEFT,13269
12/1/2020,VEHICLE OFFENCES,7683
12/1/2020,VIOLENCE AGAINST THE PERSON,17059
1/1/2021,ARSON AND CRIMINAL DAMAGE,3621
1/1/2021,BURGLARY,4263
1/1/2021,DOMESTIC ABUSE,8865
1/1/2021,DRUG OFFENCES,4007
1/1/2021,FRAUD AND FORGERY,0
1/1/2021,GUN CRIME,139
1/1/2021,HATE CRIME,4416
1/1/2021,KNIFE CRIME,1036
1/1/2021,LETHAL BARREL DISCHARGE,12
1/1/2021,MISCELLANEOUS CRIMES AGAINST SOCIETY,850
1/1/2021,POSSESSION OF WEAPONS,444
1/1/2021,PUBLIC ORDER OFFENCES,3348
1/1/2021,ROBBERY,1449
1/1/2021,SEXUAL OFFENCES,1206
1/1/2021,THEFT,9512
1/1/2021,VEHICLE OFFENCES,7631
1/1/2021,VIOLENCE AGAINST THE PERSON,15520
2/1/2021,ARSON AND CRIMINAL DAMAGE,3530
2/1/2021,BURGLARY,4025
2/1/2021,DOMESTIC ABUSE,8359
2/1/2021,DRUG OFFENCES,4357
2/1/2021,GUN CRIME,107
2/1/2021,HATE CRIME,4520
2/1/2021,KNIFE CRIME,1191
2/1/2021,LETHAL BARREL DISCHARGE,10
2/1/2021,MISCELLANEOUS CRIMES AGAINST SOCIETY,841
2/1/2021,POSSESSION OF WEAPONS,458
2/1/2021,PUBLIC ORDER OFFENCES,3291
2/1/2021,ROBBERY,1326
2/1/2021,SEXUAL OFFENCES,1305
2/1/2021,THEFT,9394
2/1/2021,VEHICLE OFFENCES,7566
2/1/2021,VIOLENCE AGAINST THE PERSON,15359
3/1/2021,ARSON AND CRIMINAL DAMAGE,4138
3/1/2021,BURGLARY,4607
3/1/2021,DOMESTIC ABUSE,9066
3/1/2021,DRUG OFFENCES,4437
3/1/2021,GUN CRIME,147
3/1/2021,HATE CRIME,6172
3/1/2021,KNIFE CRIME,1372
3/1/2021,LETHAL BARREL DISCHARGE,19
3/1/2021,MISCELLANEOUS CRIMES AGAINST SOCIETY,997
3/1/2021,POSSESSION OF WEAPONS,501
3/1/2021,PUBLIC ORDER OFFENCES,4749
3/1/2021,ROBBERY,1636
3/1/2021,SEXUAL OFFENCES,1933
3/1/2021,THEFT,11327
3/1/2021,VEHICLE OFFENCES,8233
3/1/2021,VIOLENCE AGAINST THE PERSON,18582
4/1/2021,ARSON AND CRIMINAL DAMAGE,4226
4/1/2021,BURGLARY,4125
4/1/2021,DOMESTIC ABUSE,9182
4/1/2021,DRUG OFFENCES,4053
4/1/2021,GUN CRIME,135
4/1/2021,HATE CRIME,6296
4/1/2021,KNIFE CRIME,1315
4/1/2021,LETHAL BARREL DISCHARGE,17
4/1/2021,MISCELLANEOUS CRIMES AGAINST SOCIETY,979
4/1/2021,POSSESSION OF WEAPONS,484
4/1/2021,PUBLIC ORDER OFFENCES,4845
4/1/2021,ROBBERY,1686
4/1/2021,SEXUAL OFFENCES,1640
4/1/2021,THEFT,12993
4/1/2021,VEHICLE OFFENCES,7027
4/1/2021,VIOLENCE AGAINST THE PERSON,18295
5/1/2021,ARSON AND CRIMINAL DAMAGE,4645
5/1/2021,BURGLARY,4159
5/1/2021,DOMESTIC ABUSE,10290
5/1/2021,DRUG OFFENCES,3708
5/1/2021,FRAUD AND FORGERY,0
5/1/2021,GUN CRIME,122
5/1/2021,HATE CRIME,7788
5/1/2021,KNIFE CRIME,1311
5/1/2021,LETHAL BARREL DISCHARGE,19
5/1/2021,MISCELLANEOUS CRIMES AGAINST SOCIETY,1035
5/1/2021,POSSESSION OF WEAPONS,502
5/1/2021,PUBLIC ORDER OFFENCES,5296
5/1/2021,ROBBERY,1748
5/1/2021,SEXUAL OFFENCES,1922
5/1/2021,THEFT,14712
5/1/2021,VEHICLE OFFENCES,7708
5/1/2021,VIOLENCE AGAINST THE PERSON,20578
6/1/2021,ARSON AND CRIMINAL DAMAGE,4842
6/1/2021,BURGLARY,4234
6/1/2021,DOMESTIC ABUSE,10043
6/1/2021,DRUG OFFENCES,3505
6/1/2021,GUN CRIME,156
6/1/2021,HATE CRIME,7351
6/1/2021,KNIFE CRIME,1573
6/1/2021,LETHAL BARREL DISCHARGE,28
6/1/2021,MISCELLANEOUS CRIMES AGAINST SOCIETY,879
6/1/2021,POSSESSION OF WEAPONS,511
6/1/2021,PUBLIC ORDER OFFENCES,5586
6/1/2021,ROBBERY,1891
6/1/2021,SEXUAL OFFENCES,2034
6/1/2021,THEFT,15972
6/1/2021,VEHICLE OFFENCES,8011
6/1/2021,VIOLENCE AGAINST THE PERSON,20729
7/1/2021,ARSON AND CRIMINAL DAMAGE,4682
7/1/2021,BURGLARY,4238
7/1/2021,DOMESTIC ABUSE,10586
7/1/2021,DRUG OFFENCES,3556
7/1/2021,FRAUD AND FORGERY,0
7/1/2021,GUN CRIME,127
7/1/2021,HATE CRIME,8159
7/1/2021,KNIFE CRIME,1546
7/1/2021,LETHAL BARREL DISCHARGE,19
7/1/2021,MISCELLANEOUS CRIMES AGAINST SOCIETY,956
7/1/2021,POSSESSION OF WEAPONS,529
7/1/2021,PUBLIC ORDER OFFENCES,5849
7/1/2021,ROBBERY,1863
7/1/2021,SEXUAL OFFENCES,1987
7/1/2021,THEFT,16734
7/1/2021,VEHICLE OFFENCES,7836
7/1/2021,VIOLENCE AGAINST THE PERSON,21188
8/1/2021,ARSON AND CRIMINAL DAMAGE,4463
8/1/2021,BURGLARY,4316
8/1/2021,DOMESTIC ABUSE,9671
8/1/2021,DRUG OFFENCES,3433
8/1/2021,FRAUD AND FORGERY,0
8/1/2021,GUN CRIME,162
8/1/2021,HATE CRIME,6295
8/1/2021,KNIFE CRIME,1416
8/1/2021,LETHAL BARREL DISCHARGE,29
8/1/2021,MISCELLANEOUS CRIMES AGAINST SOCIETY,837
8/1/2021,POSSESSION OF WEAPONS,495
8/1/2021,PUBLIC ORDER OFFENCES,4695
8/1/2021,ROBBERY,1912
8/1/2021,SEXUAL OFFENCES,1700
8/1/2021,THEFT,16053
8/1/2021,VEHICLE OFFENCES,8591
8/1/2021,VIOLENCE AGAINST THE PERSON,18668
9/1/2021,ARSON AND CRIMINAL DAMAGE,4421
9/1/2021,BURGLARY,4278
9/1/2021,DOMESTIC ABUSE,9547
9/1/2021,DRUG OFFENCES,3185
9/1/2021,GUN CRIME,124
9/1/2021,HATE CRIME,6174
9/1/2021,KNIFE CRIME,1600
9/1/2021,LETHAL BARREL DISCHARGE,18
9/1/2021,MISCELLANEOUS CRIMES AGAINST SOCIETY,925
9/1/2021,POSSESSION OF WEAPONS,475
9/1/2021,PUBLIC ORDER OFFENCES,4979
9/1/2021,ROBBERY,2182
9/1/2021,SEXUAL OFFENCES,1983
9/1/2021,THEFT,16649
9/1/2021,VEHICLE OFFENCES,8901
9/1/2021,VIOLENCE AGAINST THE PERSON,19693
10/1/2021,ARSON AND CRIMINAL DAMAGE,4666
10/1/2021,BURGLARY,4717
10/1/2021,DOMESTIC ABUSE,10043
10/1/2021,DRUG OFFENCES,3885
10/1/2021,FRAUD AND FORGERY,0
10/1/2021,GUN CRIME,133
10/1/2021,HATE CRIME,6653
10/1/2021,KNIFE CRIME,1447
10/1/2021,LETHAL BARREL DISCHARGE,23
10/1/2021,MISCELLANEOUS CRIMES AGAINST SOCIETY,1025
10/1/2021,POSSESSION OF WEAPONS,560
10/1/2021,PUBLIC ORDER OFFENCES,5098
10/1/2021,ROBBERY,2223
10/1/2021,SEXUAL OFFENCES,2197
10/1/2021,THEFT,19015
10/1/2021,VEHICLE OFFENCES,9355
10/1/2021,VIOLENCE AGAINST THE PERSON,20438
11/1/2021,ARSON AND CRIMINAL DAMAGE,4429
11/1/2021,BURGLARY,4817
11/1/2021,DOMESTIC ABUSE,9357
11/1/2021,DRUG OFFENCES,3855
11/1/2021,FRAUD AND FORGERY,0
11/1/2021,GUN CRIME,102
11/1/2021,HATE CRIME,6282
11/1/2021,KNIFE CRIME,1350
11/1/2021,LETHAL BARREL DISCHARGE,11
11/1/2021,MISCELLANEOUS CRIMES AGAINST SOCIETY,963
11/1/2021,POSSESSION OF WEAPONS,535
11/1/2021,PUBLIC ORDER OFFENCES,4766
11/1/2021,ROBBERY,2202
11/1/2021,SEXUAL OFFENCES,2097
11/1/2021,THEFT,18595
11/1/2021,VEHICLE OFFENCES,9457
11/1/2021,VIOLENCE AGAINST THE PERSON,19694
12/1/2021,ARSON AND CRIMINAL DAMAGE,4134
12/1/2021,BURGLARY,4559
12/1/2021,DOMESTIC ABUSE,9651
12/1/2021,DRUG OFFENCES,3427
12/1/2021,FRAUD AND FORGERY,1
12/1/2021,GUN CRIME,164
12/1/2021,HATE CRIME,5733
12/1/2021,KNIFE CRIME,1403
12/1/2021,LETHAL BARREL DISCHARGE,17
12/1/2021,MISCELLANEOUS CRIMES AGAINST SOCIETY,862
12/1/2021,POSSESSION OF WEAPONS,496
12/1/2021,PUBLIC ORDER OFFENCES,4145
12/1/2021,ROBBERY,1904
12/1/2021,SEXUAL OFFENCES,1649
12/1/2021,THEFT,16650
12/1/2021,VEHICLE OFFENCES,8499
12/1/2021,VIOLENCE AGAINST THE PERSON,18469
1/1/2022,ARSON AND CRIMINAL DAMAGE,4240
1/1/2022,BURGLARY,4716
1/1/2022,DOMESTIC ABUSE,9671
1/1/2022,DRUG OFFENCES,4325
1/1/2022,FRAUD AND FORGERY,0
1/1/2022,GUN CRIME,87
1/1/2022,HATE CRIME,5435
1/1/2022,KNIFE CRIME,1466
1/1/2022,LETHAL BARREL DISCHARGE,7
1/1/2022,MISCELLANEOUS CRIMES AGAINST SOCIETY,933
1/1/2022,POSSESSION OF WEAPONS,560
1/1/2022,PUBLIC ORDER OFFENCES,3967
1/1/2022,ROBBERY,1979
1/1/2022,SEXUAL OFFENCES,1808
1/1/2022,THEFT,16081
1/1/2022,VEHICLE OFFENCES,8897
1/1/2022,VIOLENCE AGAINST THE PERSON,18521
2/1/2022,ARSON AND CRIMINAL DAMAGE,3818
2/1/2022,BURGLARY,4174
2/1/2022,DOMESTIC ABUSE,8874
2/1/2022,DRUG OFFENCES,3854
2/1/2022,FRAUD AND FORGERY,0
2/1/2022,GUN CRIME,119
2/1/2022,HATE CRIME,5360
2/1/2022,KNIFE CRIME,1294
2/1/2022,LETHAL BARREL DISCHARGE,13
2/1/2022,MISCELLANEOUS CRIMES AGAINST SOCIETY,926
2/1/2022,POSSESSION OF WEAPONS,527
2/1/2022,PUBLIC ORDER OFFENCES,4018
2/1/2022,ROBBERY,1902
2/1/2022,SEXUAL OFFENCES,1786
2/1/2022,THEFT,16396
2/1/2022,VEHICLE OFFENCES,7915
2/1/2022,VIOLENCE AGAINST THE PERSON,18058
3/1/2022,ARSON AND CRIMINAL DAMAGE,4317
3/1/2022,BURGLARY,4428
3/1/2022,DOMESTIC ABUSE,9637
3/1/2022,DRUG OFFENCES,4099
3/1/2022,FRAUD AND FORGERY,0
3/1/2022,GUN CRIME,109
3/1/2022,HATE CRIME,6430
3/1/2022,KNIFE CRIME,1363
3/1/2022,LETHAL BARREL DISCHARGE,12
3/1/2022,MISCELLANEOUS CRIMES AGAINST SOCIETY,1122
3/1/2022,POSSESSION OF WEAPONS,569
3/1/2022,PUBLIC ORDER OFFENCES,4773
3/1/2022,ROBBERY,1976
3/1/2022,SEXUAL OFFENCES,2046
3/1/2022,THEFT,18696
3/1/2022,VEHICLE OFFENCES,8889
3/1/2022,VIOLENCE AGAINST THE PERSON,19892
4/1/2022,ARSON AND CRIMINAL DAMAGE,4454
4/1/2022,BURGLARY,3894
4/1/2022,DOMESTIC ABUSE,9289
4/1/2022,DRUG OFFENCES,3273
4/1/2022,FRAUD AND FORGERY,0
4/1/2022,GUN CRIME,121
4/1/2022,HATE CRIME,5889
4/1/2022,KNIFE CRIME,1319
4/1/2022,LETHAL BARREL DISCHARGE,10
4/1/2022,MISCELLANEOUS CRIMES AGAINST SOCIETY,896
4/1/2022,POSSESSION OF WEAPONS,537
4/1/2022,PUBLIC ORDER OFFENCES,4383
4/1/2022,ROBBERY,1852
4/1/2022,SEXUAL OFFENCES,1768
4/1/2022,THEFT,18000
4/1/2022,VEHICLE OFFENCES,8450
4/1/2022,VIOLENCE AGAINST THE PERSON,18663
5/1/2022,ARSON AND CRIMINAL DAMAGE,4546
5/1/2022,BURGLARY,4405
5/1/2022,DOMESTIC ABUSE,9873
5/1/2022,DRUG OFFENCES,3903
5/1/2022,GUN CRIME,153
5/1/2022,HATE CRIME,6472
5/1/2022,KNIFE CRIME,1527
5/1/2022,LETHAL BARREL DISCHARGE,19
5/1/2022,MISCELLANEOUS CRIMES AGAINST SOCIETY,1067
5/1/2022,POSSESSION OF WEAPONS,541
5/1/2022,PUBLIC ORDER OFFENCES,5097
5/1/2022,ROBBERY,2379
5/1/2022,SEXUAL OFFENCES,2107
5/1/2022,THEFT,19202
5/1/2022,VEHICLE OFFENCES,8605
5/1/2022,VIOLENCE AGAINST THE PERSON,21068
6/1/2022,ARSON AND CRIMINAL DAMAGE,4434
6/1/2022,BURGLARY,4095
6/1/2022,DOMESTIC ABUSE,9635
6/1/2022,DRUG OFFENCES,3572
6/1/2022,FRAUD AND FORGERY,0
6/1/2022,GUN CRIME,130
6/1/2022,HATE CRIME,6349
6/1/2022,KNIFE CRIME,1566
6/1/2022,LETHAL BARREL DISCHARGE,23
6/1/2022,MISCELLANEOUS CRIMES AGAINST SOCIETY,1009
6/1/2022,POSSESSION OF WEAPONS,557
6/1/2022,PUBLIC ORDER OFFENCES,5072
6/1/2022,ROBBERY,2320
6/1/2022,SEXUAL OFFENCES,1967
6/1/2022,THEFT,18951
6/1/2022,VEHICLE OFFENCES,8775
6/1/2022,VIOLENCE AGAINST THE PERSON,19986
7/1/2022,ARSON AND CRIMINAL DAMAGE,4641
7/1/2022,BURGLARY,3691
7/1/2022,DOMESTIC ABUSE,10315
7/1/2022,DRUG OFFENCES,3756
7/1/2022,GUN CRIME,175
7/1/2022,HATE CRIME,6712
7/1/2022,KNIFE CRIME,1691
7/1/2022,LETHAL BARREL DISCHARGE,28
7/1/2022,MISCELLANEOUS CRIMES AGAINST SOCIETY,1069
7/1/2022,POSSESSION OF WEAPONS,520
7/1/2022,PUBLIC ORDER OFFENCES,5243
7/1/2022,ROBBERY,2342
7/1/2022,SEXUAL OFFENCES,2164
7/1/2022,THEFT,19749
7/1/2022,VEHICLE OFFENCES,8694
7/1/2022,VIOLENCE AGAINST THE PERSON,20731
8/1/2022,ARSON AND CRIMINAL DAMAGE,4560
8/1/2022,BURGLARY,4116
8/1/2022,DOMESTIC ABUSE,10107
8/1/2022,DRUG OFFENCES,3719
8/1/2022,FRAUD AND FORGERY,0
8/1/2022,GUN CRIME,189
8/1/2022,HATE CRIME,6199
8/1/2022,KNIFE CRIME,1681
8/1/2022,LETHAL BARREL DISCHARGE,39
8/1/2022,MISCELLANEOUS CRIMES AGAINST SOCIETY,1062
8/1/2022,POSSESSION OF WEAPONS,565
8/1/2022,PUBLIC ORDER OFFENCES,5036
8/1/2022,ROBBERY,2244
8/1/2022,SEXUAL OFFENCES,1919
8/1/2022,THEFT,18817
8/1/2022,VEHICLE OFFENCES,8966
8/1/2022,VIOLENCE AGAINST THE PERSON,19912
9/1/2022,ARSON AND CRIMINAL DAMAGE,4122
9/1/2022,BURGLARY,4395
9/1/2022,DOMESTIC ABUSE,9285
9/1/2022,DRUG OFFENCES,3108
9/1/2022,FRAUD AND FORGERY,3
9/1/2022,GUN CRIME,131
9/1/2022,HATE CRIME,5298
9/1/2022,KNIFE CRIME,1637
9/1/2022,LETHAL BARREL DISCHARGE,22
9/1/2022,MISCELLANEOUS CRIMES AGAINST SOCIETY,917
9/1/2022,POSSESSION OF WEAPONS,521
9/1/2022,PUBLIC ORDER OFFENCES,4415
9/1/2022,ROBBERY,2081
9/1/2022,SEXUAL OFFENCES,1884
9/1/2022,THEFT,17557
9/1/2022,VEHICLE OFFENCES,9144
9/1/2022,VIOLENCE AGAINST THE PERSON,18913
10/1/2022,ARSON AND CRIMINAL DAMAGE,4522
10/1/2022,BURGLARY,4584
10/1/2022,DOMESTIC ABUSE,9812
10/1/2022,DRUG OFFENCES,3488
10/1/2022,FRAUD AND FORGERY,0
10/1/2022,GUN CRIME,207
10/1/2022,HATE CRIME,5830
10/1/2022,KNIFE CRIME,2045
10/1/2022,LETHAL BARREL DISCHARGE,26
10/1/2022,MISCELLANEOUS CRIMES AGAINST SOCIETY,1016
10/1/2022,POSSESSION OF WEAPONS,541
10/1/2022,PUBLIC ORDER OFFENCES,4696
10/1/2022,ROBBERY,2634
10/1/2022,SEXUAL OFFENCES,1938
10/1/2022,THEFT,21127
10/1/2022,VEHICLE OFFENCES,9718
10/1/2022,VIOLENCE AGAINST THE PERSON,19753
11/1/2022,ARSON AND CRIMINAL DAMAGE,4325
11/1/2022,BURGLARY,4728
11/1/2022,DOMESTIC ABUSE,9177
11/1/2022,DRUG OFFENCES,3488
11/1/2022,FRAUD AND FORGERY,0
11/1/2022,GUN CRIME,112
11/1/2022,HATE CRIME,5623
11/1/2022,KNIFE CRIME,1700
11/1/2022,LETHAL BARREL DISCHARGE,11
11/1/2022,MISCELLANEOUS CRIMES AGAINST SOCIETY,968
11/1/2022,POSSESSION OF WEAPONS,494
11/1/2022,PUBLIC ORDER OFFENCES,4488
11/1/2022,ROBBERY,2424
11/1/2022,SEXUAL OFFENCES,1911
11/1/2022,THEFT,21659
11/1/2022,VEHICLE OFFENCES,9535
11/1/2022,VIOLENCE AGAINST THE PERSON,19378
12/1/2022,ARSON AND CRIMINAL DAMAGE,3997
12/1/2022,BURGLARY,4458
12/1/2022,DOMESTIC ABUSE,9565
12/1/2022,DRUG OFFENCES,2893
12/1/2022,FRAUD AND FORGERY,3
12/1/2022,GUN CRIME,118
12/1/2022,HATE CRIME,4784
12/1/2022,KNIFE CRIME,1507
12/1/2022,LETHAL BARREL DISCHARGE,19
12/1/2022,MISCELLANEOUS CRIMES AGAINST SOCIETY,817
12/1/2022,POSSESSION OF WEAPONS,377
12/1/2022,PUBLIC ORDER OFFENCES,3827
12/1/2022,ROBBERY,2255
12/1/2022,SEXUAL OFFENCES,1596
12/1/2022,THEFT,21066
12/1/2022,VEHICLE OFFENCES,8004
12/1/2022,VIOLENCE AGAINST THE PERSON,17841
1/1/2023,ARSON AND CRIMINAL DAMAGE,4228
1/1/2023,BURGLARY,4995
1/1/2023,DOMESTIC ABUSE,9666
1/1/2023,DRUG OFFENCES,3784
1/1/2023,FRAUD AND FORGERY,0
1/1/2023,GUN CRIME,176
1/1/2023,HATE CRIME,5192
1/1/2023,KNIFE CRIME,1716
1/1/2023,LETHAL BARREL DISCHARGE,25
1/1/2023,MISCELLANEOUS CRIMES AGAINST SOCIETY,1009
1/1/2023,POSSESSION OF WEAPONS,580
1/1/2023,PUBLIC ORDER OFFENCES,4054
1/1/2023,ROBBERY,2545
1/1/2023,SEXUAL OFFENCES,1833
1/1/2023,THEFT,20643
1/1/2023,VEHICLE OFFENCES,9070
1/1/2023,VIOLENCE AGAINST THE PERSON,18740
2/1/2023,ARSON AND CRIMINAL DAMAGE,4050
2/1/2023,BURGLARY,4439
2/1/2023,DOMESTIC ABUSE,8689
2/1/2023,DRUG OFFENCES,3122
2/1/2023,FRAUD AND FORGERY,1
2/1/2023,GUN CRIME,139
2/1/2023,HATE CRIME,5209
2/1/2023,KNIFE CRIME,1748
2/1/2023,LETHAL BARREL DISCHARGE,17
2/1/2023,MISCELLANEOUS CRIMES AGAINST SOCIETY,934
2/1/2023,POSSESSION OF WEAPONS,474
2/1/2023,PUBLIC ORDER OFFENCES,4026
2/1/2023,ROBBERY,2604
2/1/2023,SEXUAL OFFENCES,1698
2/1/2023,THEFT,20042
2/1/2023,VEHICLE OFFENCES,8145
2/1/2023,VIOLENCE AGAINST THE PERSON,17972
3/1/2023,ARSON AND CRIMINAL DAMAGE,4421
3/1/2023,BURGLARY,4660
3/1/2023,DOMESTIC ABUSE,9321
3/1/2023,DRUG OFFENCES,3290
3/1/2023,FRAUD AND FORGERY,0
3/1/2023,GUN CRIME,129
3/1/2023,HATE CRIME,5751
3/1/2023,KNIFE CRIME,1724
3/1/2023,LETHAL BARREL DISCHARGE,14
3/1/2023,MISCELLANEOUS CRIMES AGAINST SOCIETY,1031
3/1/2023,POSSESSION OF WEAPONS,563
3/1/2023,PUBLIC ORDER OFFENCES,4659
3/1/2023,ROBBERY,2528
3/1/2023,SEXUAL OFFENCES,1943
3/1/2023,THEFT,22038
3/1/2023,VEHICLE OFFENCES,8765
3/1/2023,VIOLENCE AGAINST THE PERSON,19640
4/1/2023,ARSON AND CRIMINAL DAMAGE,4410
4/1/2023,BURGLARY,4387
4/1/2023,DOMESTIC ABUSE,9976
4/1/2023,DRUG OFFENCES,3061
4/1/2023,GUN CRIME,141
4/1/2023,HATE CRIME,5822
4/1/2023,KNIFE CRIME,1670
4/1/2023,LETHAL BARREL DISCHARGE,17
4/1/2023,MISCELLANEOUS CRIMES AGAINST SOCIETY,875
4/1/2023,POSSESSION OF WEAPONS,534
4/1/2023,PUBLIC ORDER OFFENCES,4416
4/1/2023,ROBBERY,2493
4/1/2023,SEXUAL OFFENCES,1731
4/1/2023,THEFT,20855
4/1/2023,VEHICLE OFFENCES,7901
4/1/2023,VIOLENCE AGAINST THE PERSON,19260
5/1/2023,ARSON AND CRIMINAL DAMAGE,4985
5/1/2023,BURGLARY,4533
5/1/2023,DOMESTIC ABUSE,10202
5/1/2023,DRUG OFFENCES,3183
5/1/2023,FRAUD AND FORGERY,0
5/1/2023,GUN CRIME,140
5/1/2023,HATE CRIME,6786
5/1/2023,KNIFE CRIME,1769
5/1/2023,LETHAL BARREL DISCHARGE,24
5/1/2023,MISCELLANEOUS CRIMES AGAINST SOCIETY,870
5/1/2023,POSSESSION OF WEAPONS,523
5/1/2023,PUBLIC ORDER OFFENCES,5241
5/1/2023,ROBBERY,2824
5/1/2023,SEXUAL OFFENCES,2098
5/1/2023,THEFT,22974
5/1/2023,VEHICLE OFFENCES,8634
5/1/2023,VIOLENCE AGAINST THE PERSON,21303
6/1/2023,ARSON AND CRIMINAL DAMAGE,4963
6/1/2023,BURGLARY,4391
6/1/2023,DOMESTIC ABUSE,10706
6/1/2023,DRUG OFFENCES,3435
6/1/2023,FRAUD AND FORGERY,0
6/1/2023,GUN CRIME,149
6/1/2023,HATE CRIME,6978
6/1/2023,KNIFE CRIME,1835
6/1/2023,LETHAL BARREL DISCHARGE,14
6/1/2023,MISCELLANEOUS CRIMES AGAINST SOCIETY,857
6/1/2023,POSSESSION OF WEAPONS,613
6/1/2023,PUBLIC ORDER OFFENCES,5608
6/1/2023,ROBBERY,2779
6/1/2023,SEXUAL OFFENCES,1992
6/1/2023,THEFT,23608
6/1/2023,VEHICLE OFFENCES,8160
6/1/2023,VIOLENCE AGAINST THE PERSON,22496
7/1/2023,ARSON AND CRIMINAL DAMAGE,5039
7/1/2023,BURGLARY,4954
7/1/2023,DOMESTIC ABUSE,10467
7/1/2023,DRUG OFFENCES,3490
7/1/2023,FRAUD AND FORGERY,0
7/1/2023,GUN CRIME,141
7/1/2023,HATE CRIME,6804
7/1/2023,KNIFE CRIME,1884
7/1/2023,LETHAL BARREL DISCHARGE,13
7/1/2023,MISCELLANEOUS CRIMES AGAINST SOCIETY,818
7/1/2023,POSSESSION OF WEAPONS,638
7/1/2023,PUBLIC ORDER OFFENCES,5385
7/1/2023,ROBBERY,2753
7/1/2023,SEXUAL OFFENCES,2024
7/1/2023,THEFT,23610
7/1/2023,VEHICLE OFFENCES,8379
7/1/2023,VIOLENCE AGAINST THE PERSON,21929
8/1/2023,ARSON AND CRIMINAL DAMAGE,4890
8/1/2023,BURGLARY,5486
8/1/2023,DOMESTIC ABUSE,10053
8/1/2023,DRUG OFFENCES,3673
8/1/2023,FRAUD AND FORGERY,2
8/1/2023,GUN CRIME,148
8/1/2023,HATE CRIME,6520
8/1/2023,KNIFE CRIME,1921
8/1/2023,LETHAL BARREL DISCHARGE,18
8/1/2023,MISCELLANEOUS CRIMES AGAINST SOCIETY,836
8/1/2023,POSSESSION OF WEAPONS,595
8/1/2023,PUBLIC ORDER OFFENCES,4892
8/1/2023,ROBBERY,2540
8/1/2023,SEXUAL OFFENCES,1862
8/1/2023,THEFT,22202
8/1/2023,VEHICLE OFFENCES,8350
8/1/2023,VIOLENCE AGAINST THE PERSON,20472
9/1/2023,ARSON AND CRIMINAL DAMAGE,5013
9/1/2023,BURGLARY,6015
9/1/2023,DOMESTIC ABUSE,10016
9/1/2023,DRUG OFFENCES,3211
9/1/2023,FRAUD AND FORGERY,1
9/1/2023,GUN CRIME,174
9/1/2023,HATE CRIME,6713
9/1/2023,KNIFE CRIME,1878
9/1/2023,LETHAL BARREL DISCHARGE,12
9/1/2023,MISCELLANEOUS CRIMES AGAINST SOCIETY,844
9/1/2023,POSSESSION OF WEAPONS,507
9/1/2023,PUBLIC ORDER OFFENCES,5302
9/1/2023,ROBBERY,2760
9/1/2023,SEXUAL OFFENCES,2058
9/1/2023,THEFT,21757
9/1/2023,VEHICLE OFFENCES,8843
9/1/2023,VIOLENCE AGAINST THE PERSON,21055
10/1/2023,ARSON AND CRIMINAL DAMAGE,4610
10/1/2023,BURGLARY,5796
10/1/2023,DOMESTIC ABUSE,8974
10/1/2023,DRUG OFFENCES,2794
10/1/2023,FRAUD AND FORGERY,1
10/1/2023,GUN CRIME,111
10/1/2023,HATE CRIME,8652
10/1/2023,KNIFE CRIME,1668
10/1/2023,LETHAL BARREL DISCHARGE,25
10/1/2023,MISCELLANEOUS CRIMES AGAINST SOCIETY,787
10/1/2023,POSSESSION OF WEAPONS,454
10/1/2023,PUBLIC ORDER OFFENCES,4861
10/1/2023,ROBBERY,2622
10/1/2023,SEXUAL OFFENCES,1754
10/1/2023,THEFT,23130
10/1/2023,VEHICLE OFFENCES,8786
10/1/2023,VIOLENCE AGAINST THE PERSON,19713
11/1/2023,ARSON AND CRIMINAL DAMAGE,4592
11/1/2023,BURGLARY,6680
11/1/2023,DOMESTIC ABUSE,8919
11/1/2023,DRUG OFFENCES,2884
11/1/2023,FRAUD AND FORGERY,1
11/1/2023,GUN CRIME,156
11/1/2023,HATE CRIME,8663
11/1/2023,KNIFE CRIME,1992
11/1/2023,LETHAL BARREL DISCHARGE,12
11/1/2023,MISCELLANEOUS CRIMES AGAINST SOCIETY,776
11/1/2023,POSSESSION OF WEAPONS,425
11/1/2023,PUBLIC ORDER OFFENCES,4884
11/1/2023,ROBBERY,3087
11/1/2023,SEXUAL OFFENCES,1747
11/1/2023,THEFT,26061
11/1/2023,VEHICLE OFFENCES,8903
11/1/2023,VIOLENCE AGAINST THE PERSON,19879
12/1/2023,ARSON AND CRIMINAL DAMAGE,4706
12/1/2023,BURGLARY,7295
12/1/2023,DOMESTIC ABUSE,9946
12/1/2023,DRUG OFFENCES,2608
12/1/2023,FRAUD AND FORGERY,2
12/1/2023,GUN CRIME,146
12/1/2023,HATE CRIME,6970
12/1/2023,KNIFE CRIME,1950
12/1/2023,LETHAL BARREL DISCHARGE,15
12/1/2023,MISCELLANEOUS CRIMES AGAINST SOCIETY,657
12/1/2023,POSSESSION OF WEAPONS,452
12/1/2023,PUBLIC ORDER OFFENCES,4506
12/1/2023,ROBBERY,3139
12/1/2023,SEXUAL OFFENCES,1711
12/1/2023,THEFT,24671
12/1/2023,VEHICLE OFFENCES,8361
12/1/2023,VIOLENCE AGAINST THE PERSON,20300
1/1/2024,ARSON AND CRIMINAL DAMAGE,4793
1/1/2024,BURGLARY,6886
1/1/2024,DOMESTIC ABUSE,9286
1/1/2024,DRUG OFFENCES,2956
1/1/2024,FRAUD AND FORGERY,0
1/1/2024,GUN CRIME,144
1/1/2024,HATE CRIME,6302
1/1/2024,KNIFE CRIME,1801
1/1/2024,LETHAL BARREL DISCHARGE,22
1/1/2024,MISCELLANEOUS CRIMES AGAINST SOCIETY,786
1/1/2024,POSSESSION OF WEAPONS,484
1/1/2024,PUBLIC ORDER OFFENCES,4145
1/1/2024,ROBBERY,2908
1/1/2024,SEXUAL OFFENCES,1723
1/1/2024,THEFT,22694
1/1/2024,VEHICLE OFFENCES,8806
1/1/2024,VIOLENCE AGAINST THE PERSON,19431
2/1/2024,ARSON AND CRIMINAL DAMAGE,4503
2/1/2024,BURGLARY,6220
2/1/2024,DOMESTIC ABUSE,8662
2/1/2024,DRUG OFFENCES,2783
2/1/2024,FRAUD AND FORGERY,2
2/1/2024,GUN CRIME,170
2/1/2024,HATE CRIME,6093
2/1/2024,KNIFE CRIME,1749
2/1/2024,LETHAL BARREL DISCHARGE,5
2/1/2024,MISCELLANEOUS CRIMES AGAINST SOCIETY,703
2/1/2024,POSSESSION OF WEAPONS,446
2/1/2024,PUBLIC ORDER OFFENCES,4396
2/1/2024,ROBBERY,2676
2/1/2024,SEXUAL OFFENCES,1820
2/1/2024,THEFT,24437
2/1/2024,VEHICLE OFFENCES,8032
2/1/2024,VIOLENCE AGAINST THE PERSON,19249
3/1/2024,ARSON AND CRIMINAL DAMAGE,4521
3/1/2024,BURGLARY,7246
3/1/2024,DOMESTIC ABUSE,8076
3/1/2024,DRUG OFFENCES,2715
3/1/2024,FRAUD AND FORGERY,27
3/1/2024,GUN CRIME,183
3/1/2024,HATE CRIME,5249
3/1/2024,KNIFE CRIME,1974
3/1/2024,LETHAL BARREL DISCHARGE,8
3/1/2024,MISCELLANEOUS CRIMES AGAINST SOCIETY,723
3/1/2024,POSSESSION OF WEAPONS,434
3/1/2024,PUBLIC ORDER OFFENCES,4371
3/1/2024,ROBBERY,2841
3/1/2024,SEXUAL OFFENCES,1837
3/1/2024,THEFT,25933
3/1/2024,VEHICLE OFFENCES,8682
3/1/2024,VIOLENCE AGAINST THE PERSON,18731
4/1/2024,ARSON AND CRIMINAL DAMAGE,4533
4/1/2024,BURGLARY,6258
4/1/2024,DOMESTIC ABUSE,8127
4/1/2024,DRUG OFFENCES,2634
4/1/2024,FRAUD AND FORGERY,23
4/1/2024,GUN CRIME,143
4/1/2024,HATE CRIME,5116
4/1/2024,KNIFE CRIME,1783
4/1/2024,LETHAL BARREL DISCHARGE,15
4/1/2024,MISCELLANEOUS CRIMES AGAINST SOCIETY,740
4/1/2024,POSSESSION OF WEAPONS,359
4/1/2024,PUBLIC ORDER OFFENCES,4266
4/1/2024,ROBBERY,2665
4/1/2024,SEXUAL OFFENCES,1917
4/1/2024,THEFT,25919
4/1/2024,VEHICLE OFFENCES,8858
4/1/2024,VIOLENCE AGAINST THE PERSON,17818
5/1/2024,ARSON AND CRIMINAL DAMAGE,4703
5/1/2024,BURGLARY,5995
5/1/2024,DOMESTIC ABUSE,8847
5/1/2024,DRUG OFFENCES,2967
5/1/2024,FRAUD AND FORGERY,22
5/1/2024,GUN CRIME,204
5/1/2024,HATE CRIME,5696
5/1/2024,KNIFE CRIME,2179
5/1/2024,LETHAL BARREL DISCHARGE,19
5/1/2024,MISCELLANEOUS CRIMES AGAINST SOCIETY,784
5/1/2024,POSSESSION OF WEAPONS,462
5/1/2024,PUBLIC ORDER OFFENCES,4966
5/1/2024,ROBBERY,3133
5/1/2024,SEXUAL OFFENCES,2127
5/1/2024,THEFT,25689
5/1/2024,VEHICLE OFFENCES,8947
5/1/2024,VIOLENCE AGAINST THE PERSON,20304
6/1/2024,ARSON AND CRIMINAL DAMAGE,4758
6/1/2024,BURGLARY,5830
6/1/2024,DOMESTIC ABUSE,8845
6/1/2024,DRUG OFFENCES,2898
6/1/2024,FRAUD AND FORGERY,17
6/1/2024,GUN CRIME,182
6/1/2024,HATE CRIME,5631
6/1/2024,KNIFE CRIME,1955
6/1/2024,LETHAL BARREL DISCHARGE,19
6/1/2024,MISCELLANEOUS CRIMES AGAINST SOCIETY,845
6/1/2024,POSSESSION OF WEAPONS,411
6/1/2024,PUBLIC ORDER OFFENCES,4942
6/1/2024,ROBBERY,2896
6/1/2024,SEXUAL OFFENCES,2233
6/1/2024,THEFT,26400
6/1/2024,VEHICLE OFFENCES,8497
6/1/2024,VIOLENCE AGAINST THE PERSON,19985
7/1/2024,ARSON AND CRIMINAL DAMAGE,5342
7/1/2024,BURGLARY,6456
7/1/2024,DOMESTIC ABUSE,9215
7/1/2024,DRUG OFFENCES,3070
7/1/2024,FRAUD AND FORGERY,11
7/1/2024,GUN CRIME,180
7/1/2024,HATE CRIME,6145
7/1/2024,KNIFE CRIME,1960
7/1/2024,LETHAL BARREL DISCHARGE,12
7/1/2024,MISCELLANEOUS CRIMES AGAINST SOCIETY,854
7/1/2024,POSSESSION OF WEAPONS,453
7/1/2024,PUBLIC ORDER OFFENCES,5216
7/1/2024,ROBBERY,2754
7/1/2024,SEXUAL OFFENCES,2319
7/1/2024,THEFT,26865
7/1/2024,VEHICLE OFFENCES,8295
7/1/2024,VIOLENCE AGAINST THE PERSON,20648
8/1/2024,ARSON AND CRIMINAL DAMAGE,5121
8/1/2024,BURGLARY,6178
8/1/2024,DOMESTIC ABUSE,9317
8/1/2024,DRUG OFFENCES,3743
8/1/2024,FRAUD AND FORGERY,7
8/1/2024,GUN CRIME,193
8/1/2024,HATE CRIME,6910
8/1/2024,KNIFE CRIME,2005
8/1/2024,LETHAL BARREL DISCHARGE,17
8/1/2024,MISCELLANEOUS CRIMES AGAINST SOCIETY,918
8/1/2024,POSSESSION OF WEAPONS,499
8/1/2024,PUBLIC ORDER OFFENCES,5155
8/1/2024,ROBBERY,2839
8/1/2024,SEXUAL OFFENCES,2022
8/1/2024,THEFT,26350
8/1/2024,VEHICLE OFFENCES,8258
8/1/2024,VIOLENCE AGAINST THE PERSON,19449
9/1/2024,ARSON AND CRIMINAL DAMAGE,4619
9/1/2024,BURGLARY,6483
9/1/2024,DOMESTIC ABUSE,8731
9/1/2024,DRUG OFFENCES,3968
9/1/2024,FRAUD AND FORGERY,9
9/1/2024,GUN CRIME,206
9/1/2024,HATE CRIME,5368
9/1/2024,KNIFE CRIME,1903
9/1/2024,LETHAL BARREL DISCHARGE,18
9/1/2024,MISCELLANEOUS CRIMES AGAINST SOCIETY,995
9/1/2024,POSSESSION OF WEAPONS,514
9/1/2024,PUBLIC ORDER OFFENCES,4708
9/1/2024,ROBBERY,2804
9/1/2024,SEXUAL OFFENCES,2092
9/1/2024,THEFT,25214
9/1/2024,VEHICLE OFFENCES,7953
9/1/2024,VIOLENCE AGAINST THE PERSON,19189
10/1/2024,ARSON AND CRIMINAL DAMAGE,4589
10/1/2024,BURGLARY,7250
10/1/2024,DOMESTIC ABUSE,8548
10/1/2024,DRUG OFFENCES,4260
10/1/2024,FRAUD AND FORGERY,8
10/1/2024,GUN CRIME,206
10/1/2024,HATE CRIME,5370
10/1/2024,KNIFE CRIME,2034
10/1/2024,LETHAL BARREL DISCHARGE,15
10/1/2024,MISCELLANEOUS CRIMES AGAINST SOCIETY,1056
10/1/2024,POSSESSION OF WEAPONS,511
10/1/2024,PUBLIC ORDER OFFENCES,4865
10/1/2024,ROBBERY,3133
10/1/2024,SEXUAL OFFENCES,2258
10/1/2024,THEFT,28308
10/1/2024,VEHICLE OFFENCES,8447
10/1/2024,VIOLENCE AGAINST THE PERSON,19450
11/1/2024,ARSON AND CRIMINAL DAMAGE,4569
11/1/2024,BURGLARY,7323
11/1/2024,DOMESTIC ABUSE,8558
11/1/2024,DRUG OFFENCES,4436
11/1/2024,FRAUD AND FORGERY,1
11/1/2024,GUN CRIME,195
11/1/2024,HATE CRIME,5236
11/1/2024,KNIFE CRIME,1997
11/1/2024,LETHAL BARREL DISCHARGE,21
11/1/2024,MISCELLANEOUS CRIMES AGAINST SOCIETY,1003
11/1/2024,POSSESSION OF WEAPONS,459
11/1/2024,PUBLIC ORDER OFFENCES,4480
11/1/2024,ROBBERY,2923
11/1/2024,SEXUAL OFFENCES,2232
11/1/2024,THEFT,28905
11/1/2024,VEHICLE OFFENCES,8106
11/1/2024,VIOLENCE AGAINST THE PERSON,18987
12/1/2024,ARSON AND CRIMINAL DAMAGE,4183
12/1/2024,BURGLARY,7287
12/1/2024,DOMESTIC ABUSE,9273
12/1/2024,DRUG OFFENCES,4146
12/1/2024,FRAUD AND FORGERY,5
12/1/2024,GUN CRIME,193
12/1/2024,HATE CRIME,4402
12/1/2024,KNIFE CRIME,1842
12/1/2024,LETHAL BARREL DISCHARGE,13
12/1/2024,MISCELLANEOUS CRIMES AGAINST SOCIETY,938
12/1/2024,POSSESSION OF WEAPONS,419
12/1/2024,PUBLIC ORDER OFFENCES,3972
12/1/2024,ROBBERY,2751
12/1/2024,SEXUAL OFFENCES,1997
12/1/2024,THEFT,26534
12/1/2024,VEHICLE OFFENCES,7359
12/1/2024,VIOLENCE AGAINST THE PERSON,19075
1/1/2025,ARSON AND CRIMINAL DAMAGE,4254
1/1/2025,BURGLARY,7384
1/1/2025,DOMESTIC ABUSE,8895
1/1/2025,DRUG OFFENCES,4426
1/1/2025,FRAUD AND FORGERY,4
1/1/2025,GUN CRIME,173
1/1/2025,HATE CRIME,4572
1/1/2025,KNIFE CRIME,1670
1/1/2025,LETHAL BARREL DISCHARGE,12
1/1/2025,MISCELLANEOUS CRIMES AGAINST SOCIETY,1029
1/1/2025,POSSESSION OF WEAPONS,424
1/1/2025,PUBLIC ORDER OFFENCES,4075
1/1/2025,ROBBERY,2545
1/1/2025,SEXUAL OFFENCES,2127
1/1/2025,THEFT,23805
1/1/2025,VEHICLE OFFENCES,7568
1/1/2025,VIOLENCE AGAINST THE PERSON,18264
2/1/2025,ARSON AND CRIMINAL DAMAGE,4088
2/1/2025,BURGLARY,6350
2/1/2025,DOMESTIC ABUSE,7943
2/1/2025,DRUG OFFENCES,3907
2/1/2025,FRAUD AND FORGERY,5
2/1/2025,GUN CRIME,171
2/1/2025,HATE CRIME,4367
2/1/2025,KNIFE CRIME,1566
2/1/2025,LETHAL BARREL DISCHARGE,13
2/1/2025,MISCELLANEOUS CRIMES AGAINST SOCIETY,889
2/1/2025,POSSESSION OF WEAPONS,416
2/1/2025,PUBLIC ORDER OFFENCES,3754
2/1/2025,ROBBERY,2474
2/1/2025,SEXUAL OFFENCES,2005
2/1/2025,THEFT,23221
2/1/2025,VEHICLE OFFENCES,7312
2/1/2025,VIOLENCE AGAINST THE PERSON,17279
3/1/2025,ARSON AND CRIMINAL DAMAGE,4570
3/1/2025,BURGLARY,6567
3/1/2025,DOMESTIC ABUSE,9063
3/1/2025,DRUG OFFENCES,4245
3/1/2025,FRAUD AND FORGERY,5
3/1/2025,GUN CRIME,137
3/1/2025,HATE CRIME,5186
3/1/2025,KNIFE CRIME,1690
3/1/2025,LETHAL BARREL DISCHARGE,8
3/1/2025,MISCELLANEOUS CRIMES AGAINST SOCIETY,1083
3/1/2025,POSSESSION OF WEAPONS,546
3/1/2025,PUBLIC ORDER OFFENCES,4559
3/1/2025,ROBBERY,2619
3/1/2025,SEXUAL OFFENCES,2127
3/1/2025,THEFT,24403
3/1/2025,VEHICLE OFFENCES,7307
3/1/2025,VIOLENCE AGAINST THE PERSON,20172
4/1/2025,ARSON AND CRIMINAL DAMAGE,4677
4/1/2025,BURGLARY,5523
4/1/2025,DOMESTIC ABUSE,8962
4/1/2025,DRUG OFFENCES,4792
4/1/2025,FRAUD AND FORGERY,5
4/1/2025,GUN CRIME,181
4/1/2025,HATE CRIME,5246
4/1/2025,KNIFE CRIME,1834
4/1/2025,LETHAL BARREL DISCHARGE,7
4/1/2025,MISCELLANEOUS CRIMES AGAINST SOCIETY,1055
4/1/2025,POSSESSION OF WEAPONS,582
4/1/2025,PUBLIC ORDER OFFENCES,4490
4/1/2025,ROBBERY,2656
4/1/2025,SEXUAL OFFENCES,2102
4/1/2025,THEFT,24010
4/1/2025,VEHICLE OFFENCES,6941
4/1/2025,VIOLENCE AGAINST THE PERSON,19429
5/1/2025,ARSON AND CRIMINAL DAMAGE,4870
5/1/2025,BURGLARY,6119
5/1/2025,DOMESTIC ABUSE,9474
5/1/2025,DRUG OFFENCES,5107
5/1/2025,FRAUD AND FORGERY,2
5/1/2025,GUN CRIME,159
5/1/2025,HATE CRIME,5645
5/1/2025,KNIFE CRIME,1728
5/1/2025,LETHAL BARREL DISCHARGE,15
5/1/2025,MISCELLANEOUS CRIMES AGAINST SOCIETY,1081
5/1/2025,POSSESSION OF WEAPONS,553
5/1/2025,PUBLIC ORDER OFFENCES,4989
5/1/2025,ROBBERY,2842
5/1/2025,SEXUAL OFFENCES,2335
5/1/2025,THEFT,24919
5/1/2025,VEHICLE OFFENCES,7335
5/1/2025,VIOLENCE AGAINST THE PERSON,20782
6/1/2025,ARSON AND CRIMINAL DAMAGE,4842
6/1/2025,BURGLARY,5809
6/1/2025,DOMESTIC ABUSE,9646
6/1/2025,DRUG OFFENCES,4529
6/1/2025,FRAUD AND FORGERY,3
6/1/2025,GUN CRIME,212
6/1/2025,HATE CRIME,6165
6/1/2025,KNIFE CRIME,1830
6/1/2025,LETHAL BARREL DISCHARGE,23
6/1/2025,MISCELLANEOUS CRIMES AGAINST SOCIETY,1112
6/1/2025,POSSESSION OF WEAPONS,620
6/1/2025,PUBLIC ORDER OFFENCES,5199
6/1/2025,ROBBERY,2825
6/1/2025,SEXUAL OFFENCES,2534
6/1/2025,THEFT,24467
6/1/2025,VEHICLE OFFENCES,7008
6/1/2025,VIOLENCE AGAINST THE PERSON,21677
7/1/2025,ARSON AND CRIMINAL DAMAGE,5224
7/1/2025,BURGLARY,6073
7/1/2025,DOMESTIC ABUSE,10503
7/1/2025,DRUG OFFENCES,4760
7/1/2025,FRAUD AND FORGERY,1
7/1/2025,GUN CRIME,175
7/1/2025,HATE CRIME,6409
7/1/2025,KNIFE CRIME,1909
7/1/2025,LETHAL BARREL DISCHARGE,12
7/1/2025,MISCELLANEOUS CRIMES AGAINST SOCIETY,1167
7/1/2025,POSSESSION OF WEAPONS,621
7/1/2025,PUBLIC ORDER OFFENCES,5605
7/1/2025,ROBBERY,2894
7/1/2025,SEXUAL OFFENCES,2633
7/1/2025,THEFT,25684
7/1/2025,VEHICLE OFFENCES,7262
7/1/2025,VIOLENCE AGAINST THE PERSON,22867
8/1/2025,ARSON AND CRIMINAL DAMAGE,4857
8/1/2025,BURGLARY,6404
8/1/2025,DOMESTIC ABUSE,9843
8/1/2025,DRUG OFFENCES,4820
8/1/2025,FRAUD AND FORGERY,1
8/1/2025,GUN CRIME,133
8/1/2025,HATE CRIME,6299
8/1/2025,KNIFE CRIME,1589
8/1/2025,LETHAL BARREL DISCHARGE,11
8/1/2025,MISCELLANEOUS CRIMES AGAINST SOCIETY,1099
8/1/2025,POSSESSION OF WEAPONS,629
8/1/2025,PUBLIC ORDER OFFENCES,5004
8/1/2025,ROBBERY,2748
8/1/2025,SEXUAL OFFENCES,2376
8/1/2025,THEFT,24254
8/1/2025,VEHICLE OFFENCES,7215
8/1/2025,VIOLENCE AGAINST THE PERSON,20408
9/1/2025,ARSON AND CRIMINAL DAMAGE,4505
9/1/2025,BURGLARY,3994
9/1/2025,DOMESTIC ABUSE,8881
9/1/2025,DRUG OFFENCES,4417
9/1/2025,FRAUD AND FORGERY,0
9/1/2025,GUN CRIME,162
9/1/2025,HATE CRIME,6484
9/1/2025,KNIFE CRIME,1570
9/1/2025,LETHAL BARREL DISCHARGE,9
9/1/2025,MISCELLANEOUS CRIMES AGAINST SOCIETY,970
9/1/2025,POSSESSION OF WEAPONS,541
9/1/2025,PUBLIC ORDER OFFENCES,4786
9/1/2025,ROBBERY,2582
9/1/2025,SEXUAL OFFENCES,2206
9/1/2025,THEFT,22714
9/1/2025,VEHICLE OFFENCES,7252
9/1/2025,VIOLENCE AGAINST THE PERSON,19879
10/1/2025,ARSON AND CRIMINAL DAMAGE,4652
10/1/2025,BURGLARY,4267
10/1/2025,DOMESTIC ABUSE,9431
10/1/2025,DRUG OFFENCES,4611
10/1/2025,FRAUD AND FORGERY,4
10/1/2025,GUN CRIME,162
10/1/2025,HATE CRIME,6739
10/1/2025,KNIFE CRIME,1674
10/1/2025,LETHAL BARREL DISCHARGE,7
10/1/2025,MISCELLANEOUS CRIMES AGAINST SOCIETY,1067
10/1/2025,POSSESSION OF WEAPONS,513
10/1/2025,PUBLIC ORDER OFFENCES,4845
10/1/2025,ROBBERY,2643
10/1/2025,SEXUAL OFFENCES,2238
10/1/2025,THEFT,23541
10/1/2025,VEHICLE OFFENCES,7424
10/1/2025,VIOLENCE AGAINST THE PERSON,21181
11/1/2025,ARSON AND CRIMINAL DAMAGE,4447
11/1/2025,BURGLARY,4398
11/1/2025,DOMESTIC ABUSE,9118
11/1/2025,DRUG OFFENCES,4456
11/1/2025,FRAUD AND FORGERY,8
11/1/2025,GUN CRIME,152
11/1/2025,HATE CRIME,5571
11/1/2025,KNIFE CRIME,1545
11/1/2025,LETHAL BARREL DISCHARGE,6
11/1/2025,MISCELLANEOUS CRIMES AGAINST SOCIETY,1006
11/1/2025,POSSESSION OF WEAPONS,573
11/1/2025,PUBLIC ORDER OFFENCES,4448
11/1/2025,ROBBERY,2771
11/1/2025,SEXUAL OFFENCES,2176
11/1/2025,THEFT,24325
11/1/2025,VEHICLE OFFENCES,7223
11/1/2025,VIOLENCE AGAINST THE PERSON,20164
12/1/2025,ARSON AND CRIMINAL DAMAGE,4179
12/1/2025,BURGLARY,4168
12/1/2025,DOMESTIC ABUSE,9533
12/1/2025,DRUG OFFENCES,4260
12/1/2025,GUN CRIME,169
12/1/2025,HATE CRIME,4944
12/1/2025,KNIFE CRIME,1364
12/1/2025,LETHAL BARREL DISCHARGE,9
12/1/2025,MISCELLANEOUS CRIMES AGAINST SOCIETY,958
12/1/2025,POSSESSION OF WEAPONS,554
12/1/2025,PUBLIC ORDER OFFENCES,4241
12/1/2025,ROBBERY,2577
12/1/2025,SEXUAL OFFENCES,2114
12/1/2025,THEFT,23869
12/1/2025,VEHICLE OFFENCES,6364
12/1/2025,VIOLENCE AGAINST THE PERSON,20037
1/1/2026,ARSON AND CRIMINAL DAMAGE,4255
1/1/2026,BURGLARY,4256
1/1/2026,DOMESTIC ABUSE,9403
1/1/2026,DRUG OFFENCES,4256
1/1/2026,FRAUD AND FORGERY,5
1/1/2026,GUN CRIME,128
1/1/2026,HATE CRIME,4741
1/1/2026,KNIFE CRIME,1514
1/1/2026,LETHAL BARREL DISCHARGE,11
1/1/2026,MISCELLANEOUS CRIMES AGAINST SOCIETY,1052
1/1/2026,POSSESSION OF WEAPONS,545
1/1/2026,PUBLIC ORDER OFFENCES,4004
1/1/2026,ROBBERY,2462
1/1/2026,SEXUAL OFFENCES,2287
1/1/2026,THEFT,20842
1/1/2026,VEHICLE OFFENCES,6698
1/1/2026,VIOLENCE AGAINST THE PERSON,19503
2/1/2026,ARSON AND CRIMINAL DAMAGE,3938
2/1/2026,BURGLARY,3967
2/1/2026,DOMESTIC ABUSE,9010
2/1/2026,DRUG OFFENCES,3497
2/1/2026,FRAUD AND FORGERY,0
2/1/2026,GUN CRIME,132
2/1/2026,HATE CRIME,4742
2/1/2026,KNIFE CRIME,1426
2/1/2026,LETHAL BARREL DISCHARGE,3
2/1/2026,MISCELLANEOUS CRIMES AGAINST SOCIETY,1051
2/1/2026,POSSESSION OF WEAPONS,529
2/1/2026,PUBLIC ORDER OFFENCES,3912
2/1/2026,ROBBERY,2340
2/1/2026,SEXUAL OFFENCES,2039
2/1/2026,THEFT,20534
2/1/2026,VEHICLE OFFENCES,6201
2/1/2026,VIOLENCE AGAINST THE PERSON,19125
3/1/2026,ARSON AND CRIMINAL DAMAGE,4402
3/1/2026,BURGLARY,3819
3/1/2026,DOMESTIC ABUSE,9185
3/1/2026,DRUG OFFENCES,3635
3/1/2026,FRAUD AND FORGERY,5
3/1/2026,GUN CRIME,194
3/1/2026,HATE CRIME,5887
3/1/2026,KNIFE CRIME,1723
3/1/2026,LETHAL BARREL DISCHARGE,11
3/1/2026,MISCELLANEOUS CRIMES AGAINST SOCIETY,1184
3/1/2026,POSSESSION OF WEAPONS,618
3/1/2026,PUBLIC ORDER OFFENCES,4730
3/1/2026,ROBBERY,2551
3/1/2026,SEXUAL OFFENCES,2201
3/1/2026,THEFT,22445
3/1/2026,VEHICLE OFFENCES,6725
3/1/2026,VIOLENCE AGAINST THE PERSON,20816
4/1/2026,ARSON AND CRIMINAL DAMAGE,4468
4/1/2026,BURGLARY,3609
4/1/2026,DOMESTIC ABUSE,9065
4/1/2026,DRUG OFFENCES,3607
4/1/2026,FRAUD AND FORGERY,5
4/1/2026,GUN CRIME,160
4/1/2026,HATE CRIME,5385
4/1/2026,KNIFE CRIME,1490
4/1/2026,LETHAL BARREL DISCHARGE,12
4/1/2026,MISCELLANEOUS CRIMES AGAINST SOCIETY,1089
4/1/2026,POSSESSION OF WEAPONS,638
4/1/2026,PUBLIC ORDER OFFENCES,2004
4/1/2026,ROBBERY,2634
4/1/2026,SEXUAL OFFENCES,2181
4/1/2026,THEFT,23463
4/1/2026,VEHICLE OFFENCES,7011
4/1/2026,VIOLENCE AGAINST THE PERSON,20598
5/1/2026,ARSON AND CRIMINAL DAMAGE,4796
5/1/2026,BURGLARY,3540
5/1/2026,DRUG OFFENCES,3424
5/1/2026,KNIFE CRIME,1937
5/1/2026,MISCELLANEOUS CRIMES AGAINST SOCIETY,1255
5/1/2026,POSSESSION OF WEAPONS,701
5/1/2026,PUBLIC ORDER OFFENCES,2304
5/1/2026,ROBBERY,2798
5/1/2026,SEXUAL OFFENCES,2511
5/1/2026,THEFT,24116
5/1/2026,VEHICLE OFFENCES,7003
5/1/2026,VIOLENCE AGAINST THE PERSON,23212
