date,crime_type,crime_count,headline_count,signed_jsd
3/1/2015,DOMESTIC ABUSE,7703,5,-0.502594479
3/1/2015,GUN CRIME,211,24,0.502594479
3/1/2015,HATE CRIME,3891,32,-0.502594479
3/1/2015,KNIFE CRIME,1528,81,0.502594479
3/1/2015,LETHAL BARREL DISCHARGE,19,44,0.502594479
3/1/2015,MISCELLANEOUS,2599,0,-0.502594479
4/1/2015,DOMESTIC ABUSE,7374,1,-0.577255483
4/1/2015,GUN CRIME,181,11,0.577255483
4/1/2015,HATE CRIME,3891,20,-0.577255483
4/1/2015,KNIFE CRIME,1456,46,0.577255483
4/1/2015,LETHAL BARREL DISCHARGE,24,51,0.577255483
4/1/2015,MISCELLANEOUS,2581,0,-0.577255483
5/1/2015,DOMESTIC ABUSE,8348,2,-0.465180271
5/1/2015,GUN CRIME,208,11,0.465180271
5/1/2015,HATE CRIME,4149,27,0.465180271
5/1/2015,KNIFE CRIME,1586,28,0.465180271
5/1/2015,LETHAL BARREL DISCHARGE,22,19,0.465180271
5/1/2015,MISCELLANEOUS,2829,0,-0.465180271
6/1/2015,DOMESTIC ABUSE,8232,3,-0.550752486
6/1/2015,GUN CRIME,179,34,0.550752486
6/1/2015,HATE CRIME,4156,23,-0.550752486
6/1/2015,KNIFE CRIME,1624,106,0.550752486
6/1/2015,LETHAL BARREL DISCHARGE,15,31,0.550752486
6/1/2015,MISCELLANEOUS,2139,0,-0.550752486
7/1/2015,DOMESTIC ABUSE,8863,2,-0.577952476
7/1/2015,GUN CRIME,200,19,0.577952476
7/1/2015,HATE CRIME,4330,23,-0.577952476
7/1/2015,KNIFE CRIME,1275,61,0.577952476
7/1/2015,LETHAL BARREL DISCHARGE,22,63,0.577952476
7/1/2015,MISCELLANEOUS,2077,1,-0.577952476
8/1/2015,DOMESTIC ABUSE,8539,4,-0.512418316
8/1/2015,GUN CRIME,185,28,0.512418316
8/1/2015,HATE CRIME,4330,25,-0.512418316
8/1/2015,KNIFE CRIME,1582,60,0.512418316
8/1/2015,LETHAL BARREL DISCHARGE,22,48,0.512418316
8/1/2015,MISCELLANEOUS,1997,1,-0.512418316
9/1/2015,DOMESTIC ABUSE,7618,4,-0.578634626
9/1/2015,GUN CRIME,170,16,0.578634626
9/1/2015,HATE CRIME,3937,19,-0.578634626
9/1/2015,KNIFE CRIME,1375,121,0.578634626
9/1/2015,LETHAL BARREL DISCHARGE,22,54,0.578634626
9/1/2015,MISCELLANEOUS,2039,0,-0.578634626
10/1/2015,DOMESTIC ABUSE,8322,5,-0.485178608
10/1/2015,GUN CRIME,197,29,0.485178608
10/1/2015,HATE CRIME,4387,51,-0.485178608
10/1/2015,KNIFE CRIME,1495,83,0.485178608
10/1/2015,LETHAL BARREL DISCHARGE,13,63,0.485178608
10/1/2015,MISCELLANEOUS,2149,1,-0.485178608
11/1/2015,DOMESTIC ABUSE,8040,5,-0.54196549
11/1/2015,GUN CRIME,209,19,0.54196549
11/1/2015,HATE CRIME,4725,31,-0.54196549
11/1/2015,KNIFE CRIME,1463,107,0.54196549
11/1/2015,LETHAL BARREL DISCHARGE,13,68,0.54196549
11/1/2015,MISCELLANEOUS,2321,0,-0.54196549
12/1/2015,DOMESTIC ABUSE,8564,16,-0.513199159
12/1/2015,GUN CRIME,166,42,0.513199159
12/1/2015,HATE CRIME,4520,47,-0.513199159
12/1/2015,KNIFE CRIME,1375,135,0.513199159
12/1/2015,LETHAL BARREL DISCHARGE,16,101,0.513199159
12/1/2015,MISCELLANEOUS,2518,0,-0.513199159
1/1/2016,DOMESTIC ABUSE,8293,12,-0.482998541
1/1/2016,GUN CRIME,155,28,0.482998541
1/1/2016,HATE CRIME,3651,35,-0.482998541
1/1/2016,KNIFE CRIME,1432,138,0.482998541
1/1/2016,LETHAL BARREL DISCHARGE,24,35,0.482998541
1/1/2016,MISCELLANEOUS,2285,0,-0.482998541
2/1/2016,DOMESTIC ABUSE,7665,4,-0.585821168
2/1/2016,GUN CRIME,127,18,0.585821168
2/1/2016,HATE CRIME,3845,16,-0.585821168
2/1/2016,KNIFE CRIME,1169,65,0.585821168
2/1/2016,LETHAL BARREL DISCHARGE,17,53,0.585821168
2/1/2016,MISCELLANEOUS,2046,0,-0.585821168
3/1/2016,DOMESTIC ABUSE,7987,7,-0.530173188
3/1/2016,GUN CRIME,158,27,0.530173188
3/1/2016,HATE CRIME,4238,32,-0.530173188
3/1/2016,KNIFE CRIME,1441,123,0.530173188
3/1/2016,LETHAL BARREL DISCHARGE,30,63,0.530173188
3/1/2016,MISCELLANEOUS,2113,0,-0.530173188
4/1/2016,DOMESTIC ABUSE,7925,1,-0.474610362
4/1/2016,GUN CRIME,199,22,0.474610362
4/1/2016,HATE CRIME,4501,78,0.474610362
4/1/2016,KNIFE CRIME,1414,102,0.474610362
4/1/2016,LETHAL BARREL DISCHARGE,27,36,0.474610362
4/1/2016,MISCELLANEOUS,1891,0,-0.474610362
5/1/2016,DOMESTIC ABUSE,8671,3,-0.443662026
5/1/2016,GUN CRIME,220,31,0.443662026
5/1/2016,HATE CRIME,4927,119,0.443662026
5/1/2016,KNIFE CRIME,1720,150,0.443662026
5/1/2016,LETHAL BARREL DISCHARGE,37,43,0.443662026
5/1/2016,MISCELLANEOUS,2185,0,-0.443662026
6/1/2016,DOMESTIC ABUSE,8406,5,-0.457767518
6/1/2016,GUN CRIME,253,35,0.457767518
6/1/2016,HATE CRIME,5362,106,0.457767518
6/1/2016,KNIFE CRIME,1687,88,0.457767518
6/1/2016,LETHAL BARREL DISCHARGE,21,95,0.457767518
6/1/2016,MISCELLANEOUS,2404,0,-0.457767518
7/1/2016,DOMESTIC ABUSE,9014,7,-0.400803208
7/1/2016,GUN CRIME,323,17,0.400803208
7/1/2016,HATE CRIME,7414,72,-0.400803208
7/1/2016,KNIFE CRIME,1859,107,0.400803208
7/1/2016,LETHAL BARREL DISCHARGE,43,49,0.400803208
7/1/2016,MISCELLANEOUS,2364,0,-0.400803208
8/1/2016,DOMESTIC ABUSE,8871,8,-0.538541548
8/1/2016,GUN CRIME,314,45,0.538541548
8/1/2016,HATE CRIME,5608,49,-0.538541548
8/1/2016,KNIFE CRIME,1845,283,0.538541548
8/1/2016,LETHAL BARREL DISCHARGE,50,95,0.538541548
8/1/2016,MISCELLANEOUS,2290,0,-0.538541548
9/1/2016,DOMESTIC ABUSE,7970,15,-0.414449227
9/1/2016,GUN CRIME,260,22,0.414449227
9/1/2016,HATE CRIME,5107,50,-0.414449227
9/1/2016,KNIFE CRIME,1750,116,0.414449227
9/1/2016,LETHAL BARREL DISCHARGE,24,62,0.414449227
9/1/2016,MISCELLANEOUS,2240,0,-0.414449227
10/1/2016,DOMESTIC ABUSE,8163,4,-0.477177458
10/1/2016,GUN CRIME,246,30,0.477177458
10/1/2016,HATE CRIME,4783,58,-0.477177458
10/1/2016,KNIFE CRIME,1826,155,0.477177458
10/1/2016,LETHAL BARREL DISCHARGE,30,57,0.477177458
10/1/2016,MISCELLANEOUS,2280,1,-0.477177458
11/1/2016,DOMESTIC ABUSE,7382,9,-0.460808874
11/1/2016,GUN CRIME,295,12,0.460808874
11/1/2016,HATE CRIME,4454,34,-0.460808874
11/1/2016,KNIFE CRIME,1763,154,0.460808874
11/1/2016,LETHAL BARREL DISCHARGE,19,31,0.460808874
11/1/2016,MISCELLANEOUS,2675,0,-0.460808874
12/1/2016,DOMESTIC ABUSE,8180,8,-0.485227673
12/1/2016,GUN CRIME,238,29,0.485227673
12/1/2016,HATE CRIME,4667,52,-0.485227673
12/1/2016,KNIFE CRIME,1693,138,0.485227673
12/1/2016,LETHAL BARREL DISCHARGE,12,56,0.485227673
12/1/2016,MISCELLANEOUS,3093,0,-0.485227673
1/1/2017,DOMESTIC ABUSE,7867,6,-0.494232307
1/1/2017,GUN CRIME,225,40,0.494232307
1/1/2017,HATE CRIME,3953,41,-0.494232307
1/1/2017,KNIFE CRIME,1901,112,0.494232307
1/1/2017,LETHAL BARREL DISCHARGE,15,55,0.494232307
1/1/2017,MISCELLANEOUS,2607,0,-0.494232307
2/1/2017,DOMESTIC ABUSE,7467,6,-0.469809218
2/1/2017,GUN CRIME,275,21,0.469809218
2/1/2017,HATE CRIME,4027,47,-0.469809218
2/1/2017,KNIFE CRIME,1671,128,0.469809218
2/1/2017,LETHAL BARREL DISCHARGE,22,42,0.469809218
2/1/2017,MISCELLANEOUS,2699,0,-0.469809218
3/1/2017,DOMESTIC ABUSE,8406,7,-0.496726987
3/1/2017,GUN CRIME,235,21,0.496726987
3/1/2017,HATE CRIME,5046,67,-0.496726987
3/1/2017,KNIFE CRIME,2173,165,0.496726987
3/1/2017,LETHAL BARREL DISCHARGE,21,106,0.496726987
3/1/2017,MISCELLANEOUS,3633,0,-0.496726987
4/1/2017,ARSON AND CRIMINAL DAMAGE,5136,22,-0.314175864
4/1/2017,BURGLARY,5852,15,-0.314175864
4/1/2017,DOMESTIC ABUSE,8503,13,-0.314175864
4/1/2017,DRUG OFFENCES,2891,99,0.314175864
4/1/2017,GUN CRIME,214,33,0.314175864
4/1/2017,HATE CRIME,4887,71,-0.314175864
4/1/2017,KNIFE CRIME,2042,186,0.314175864
4/1/2017,LETHAL BARREL DISCHARGE,26,63,0.314175864
4/1/2017,MISCELLANEOUS,3272,0,-0.314175864
4/1/2017,PUBLIC ORDER OFFENCES,3761,2,-0.314175864
4/1/2017,ROBBERY,2498,45,0.314175864
4/1/2017,SEXUAL OFFENCES,1441,89,0.314175864
4/1/2017,THEFT,17894,46,-0.314175864
4/1/2017,VEHICLE OFFENCES,8594,7,-0.314175864
4/1/2017,VIOLENCE AGAINST THE PERSON,15860,624,0.314175864
5/1/2017,ARSON AND CRIMINAL DAMAGE,5482,16,-0.339875988
5/1/2017,BURGLARY,5826,4,-0.339875988
5/1/2017,DOMESTIC ABUSE,8852,3,-0.339875988
5/1/2017,DRUG OFFENCES,3193,121,0.339875988
5/1/2017,GUN CRIME,256,12,0.339875988
5/1/2017,HATE CRIME,5190,27,-0.339875988
5/1/2017,KNIFE CRIME,1877,182,0.339875988
5/1/2017,LETHAL BARREL DISCHARGE,37,53,0.339875988
5/1/2017,MISCELLANEOUS,3386,1,-0.339875988
5/1/2017,PUBLIC ORDER OFFENCES,4352,5,-0.339875988
5/1/2017,ROBBERY,2482,56,0.339875988
5/1/2017,SEXUAL OFFENCES,1706,95,0.339875988
5/1/2017,THEFT,19622,47,-0.339875988
5/1/2017,VEHICLE OFFENCES,9221,9,-0.339875988
5/1/2017,VIOLENCE AGAINST THE PERSON,17534,634,0.339875988
6/1/2017,ARSON AND CRIMINAL DAMAGE,5328,182,0.348502888
6/1/2017,BURGLARY,5731,8,-0.348502888
6/1/2017,DOMESTIC ABUSE,9151,2,-0.348502888
6/1/2017,DRUG OFFENCES,2875,82,0.348502888
6/1/2017,GUN CRIME,287,20,0.348502888
6/1/2017,HATE CRIME,6854,73,-0.348502888
6/1/2017,KNIFE CRIME,2209,220,0.348502888
6/1/2017,LETHAL BARREL DISCHARGE,40,85,0.348502888
6/1/2017,MISCELLANEOUS,3217,0,-0.348502888
6/1/2017,PUBLIC ORDER OFFENCES,4970,18,-0.348502888
6/1/2017,ROBBERY,2508,51,-0.348502888
6/1/2017,SEXUAL OFFENCES,1813,50,0.348502888
6/1/2017,THEFT,18943,33,-0.348502888
6/1/2017,VEHICLE OFFENCES,8407,2,-0.348502888
6/1/2017,VIOLENCE AGAINST THE PERSON,18037,1432,0.348502888
7/1/2017,ARSON AND CRIMINAL DAMAGE,5471,60,0.257604094
7/1/2017,BURGLARY,6216,10,-0.257604094
7/1/2017,DOMESTIC ABUSE,9351,5,-0.257604094
7/1/2017,DRUG OFFENCES,3276,74,0.257604094
7/1/2017,GUN CRIME,355,22,0.257604094
7/1/2017,HATE CRIME,6158,49,-0.257604094
7/1/2017,KNIFE CRIME,2181,117,0.257604094
7/1/2017,LETHAL BARREL DISCHARGE,44,27,0.257604094
7/1/2017,MISCELLANEOUS,3539,0,-0.257604094
7/1/2017,PUBLIC ORDER OFFENCES,4957,8,-0.257604094
7/1/2017,ROBBERY,2941,38,0.257604094
7/1/2017,SEXUAL OFFENCES,1778,78,0.257604094
7/1/2017,THEFT,20526,49,-0.257604094
7/1/2017,VEHICLE OFFENCES,8646,3,-0.257604094
7/1/2017,VIOLENCE AGAINST THE PERSON,18300,327,0.257604094
8/1/2017,ARSON AND CRIMINAL DAMAGE,5174,32,-0.292529731
8/1/2017,BURGLARY,6267,9,-0.292529731
8/1/2017,DOMESTIC ABUSE,8838,1,-0.292529731
8/1/2017,DRUG OFFENCES,3414,134,0.292529731
8/1/2017,GUN CRIME,259,20,0.292529731
8/1/2017,HATE CRIME,5286,37,-0.292529731
8/1/2017,KNIFE CRIME,2147,129,0.292529731
8/1/2017,LETHAL BARREL DISCHARGE,50,35,0.292529731
8/1/2017,MISCELLANEOUS,3289,1,-0.292529731
8/1/2017,PUBLIC ORDER OFFENCES,4222,12,-0.292529731
8/1/2017,ROBBERY,2728,44,0.292529731
8/1/2017,SEXUAL OFFENCES,1651,76,0.292529731
8/1/2017,THEFT,20046,46,-0.292529731
8/1/2017,VEHICLE OFFENCES,8633,4,-0.292529731
8/1/2017,VIOLENCE AGAINST THE PERSON,16154,306,0.292529731
9/1/2017,ARSON AND CRIMINAL DAMAGE,4961,17,-0.299392217
9/1/2017,BURGLARY,6045,18,-0.299392217
9/1/2017,DOMESTIC ABUSE,8188,2,-0.299392217
9/1/2017,DRUG OFFENCES,3110,112,0.299392217
9/1/2017,GUN CRIME,236,16,0.299392217
9/1/2017,HATE CRIME,4707,45,-0.299392217
9/1/2017,KNIFE CRIME,2028,122,0.299392217
9/1/2017,LETHAL BARREL DISCHARGE,21,53,0.299392217
9/1/2017,MISCELLANEOUS,3074,0,-0.299392217
9/1/2017,PUBLIC ORDER OFFENCES,3978,7,-0.299392217
9/1/2017,ROBBERY,2765,55,0.299392217
9/1/2017,SEXUAL OFFENCES,1672,60,0.299392217
9/1/2017,THEFT,18603,34,-0.299392217
9/1/2017,VEHICLE OFFENCES,8910,12,-0.299392217
9/1/2017,VIOLENCE AGAINST THE PERSON,16377,491,0.299392217
10/1/2017,ARSON AND CRIMINAL DAMAGE,5420,12,-0.332844766
10/1/2017,BURGLARY,6721,15,-0.332844766
10/1/2017,DOMESTIC ABUSE,8927,4,-0.332844766
10/1/2017,DRUG OFFENCES,3464,143,0.332844766
10/1/2017,GUN CRIME,256,20,0.332844766
10/1/2017,HATE CRIME,5023,29,-0.332844766
10/1/2017,KNIFE CRIME,2264,148,0.332844766
10/1/2017,LETHAL BARREL DISCHARGE,23,34,0.332844766
10/1/2017,MISCELLANEOUS,3442,0,-0.332844766
10/1/2017,PUBLIC ORDER OFFENCES,4379,6,-0.332844766
10/1/2017,ROBBERY,3058,54,0.332844766
10/1/2017,SEXUAL OFFENCES,1799,186,0.332844766
10/1/2017,THEFT,19165,37,-0.332844766
10/1/2017,VEHICLE OFFENCES,9279,6,-0.332844766
10/1/2017,VIOLENCE AGAINST THE PERSON,17829,363,0.332844766
11/1/2017,ARSON AND CRIMINAL DAMAGE,5194,14,-0.285180981
11/1/2017,BURGLARY,7348,15,-0.285180981
11/1/2017,DOMESTIC ABUSE,7979,14,-0.285180981
11/1/2017,DRUG OFFENCES,3200,165,0.285180981
11/1/2017,GUN CRIME,278,28,0.285180981
11/1/2017,HATE CRIME,4237,49,-0.285180981
11/1/2017,KNIFE CRIME,2136,97,0.285180981
11/1/2017,LETHAL BARREL DISCHARGE,26,46,0.285180981
11/1/2017,MISCELLANEOUS,3784,0,-0.285180981
11/1/2017,PUBLIC ORDER OFFENCES,3971,9,-0.285180981
11/1/2017,ROBBERY,3159,29,-0.285180981
11/1/2017,SEXUAL OFFENCES,1840,166,0.285180981
11/1/2017,THEFT,19352,59,-0.285180981
11/1/2017,VEHICLE OFFENCES,9275,11,-0.285180981
11/1/2017,VIOLENCE AGAINST THE PERSON,16936,383,0.285180981
12/1/2017,ARSON AND CRIMINAL DAMAGE,4740,39,-0.267163507
12/1/2017,BURGLARY,6989,24,-0.267163507
12/1/2017,DOMESTIC ABUSE,8712,8,-0.267163507
12/1/2017,DRUG OFFENCES,2619,90,0.267163507
12/1/2017,GUN CRIME,263,24,0.267163507
12/1/2017,HATE CRIME,3896,30,-0.267163507
12/1/2017,KNIFE CRIME,1851,69,0.267163507
12/1/2017,LETHAL BARREL DISCHARGE,27,37,0.267163507
12/1/2017,MISCELLANEOUS,3349,0,-0.267163507
12/1/2017,PUBLIC ORDER OFFENCES,3363,10,-0.267163507
12/1/2017,ROBBERY,2825,27,-0.267163507
12/1/2017,SEXUAL OFFENCES,1509,187,0.267163507
12/1/2017,THEFT,17573,46,-0.267163507
12/1/2017,VEHICLE OFFENCES,8522,16,-0.267163507
12/1/2017,VIOLENCE AGAINST THE PERSON,16320,285,0.267163507
1/1/2018,ARSON AND CRIMINAL DAMAGE,4929,16,-0.334235048
1/1/2018,BURGLARY,7639,23,-0.334235048
1/1/2018,DOMESTIC ABUSE,8492,13,-0.334235048
1/1/2018,DRUG OFFENCES,3098,84,0.334235048
1/1/2018,GUN CRIME,235,29,0.334235048
1/1/2018,HATE CRIME,4092,74,0.334235048
1/1/2018,KNIFE CRIME,2018,181,0.334235048
1/1/2018,LETHAL BARREL DISCHARGE,34,23,0.334235048
1/1/2018,MISCELLANEOUS,3025,0,-0.334235048
1/1/2018,PUBLIC ORDER OFFENCES,3539,1,-0.334235048
1/1/2018,ROBBERY,2885,58,0.334235048
1/1/2018,SEXUAL OFFENCES,1663,298,0.334235048
1/1/2018,THEFT,17511,41,-0.334235048
1/1/2018,VEHICLE OFFENCES,9466,7,-0.334235048
1/1/2018,VIOLENCE AGAINST THE PERSON,16437,363,0.334235048
2/1/2018,ARSON AND CRIMINAL DAMAGE,4269,19,-0.36786271
2/1/2018,BURGLARY,6600,7,-0.36786271
2/1/2018,DOMESTIC ABUSE,7576,7,-0.36786271
2/1/2018,DRUG OFFENCES,2845,125,0.36786271
2/1/2018,GUN CRIME,198,18,0.36786271
2/1/2018,HATE CRIME,3783,40,-0.36786271
2/1/2018,KNIFE CRIME,1634,193,0.36786271
2/1/2018,LETHAL BARREL DISCHARGE,34,23,0.36786271
2/1/2018,MISCELLANEOUS,2491,0,-0.36786271
2/1/2018,PUBLIC ORDER OFFENCES,3354,0,-0.36786271
2/1/2018,ROBBERY,2491,32,0.36786271
2/1/2018,SEXUAL OFFENCES,1538,155,0.36786271
2/1/2018,THEFT,16211,23,-0.36786271
2/1/2018,VEHICLE OFFENCES,8776,6,-0.36786271
2/1/2018,VIOLENCE AGAINST THE PERSON,14726,262,0.36786271
3/1/2018,ARSON AND CRIMINAL DAMAGE,4600,14,-0.303609909
3/1/2018,BURGLARY,6360,23,-0.303609909
3/1/2018,DOMESTIC ABUSE,8250,6,-0.303609909
3/1/2018,DRUG OFFENCES,2849,106,0.303609909
3/1/2018,GUN CRIME,264,54,0.303609909
3/1/2018,HATE CRIME,4974,116,0.303609909
3/1/2018,KNIFE CRIME,2027,211,0.303609909
3/1/2018,LETHAL BARREL DISCHARGE,40,82,0.303609909
3/1/2018,MISCELLANEOUS,2757,0,-0.303609909
3/1/2018,PUBLIC ORDER OFFENCES,3979,3,-0.303609909
3/1/2018,ROBBERY,2599,56,0.303609909
3/1/2018,SEXUAL OFFENCES,1684,116,0.303609909
3/1/2018,THEFT,17207,26,-0.303609909
3/1/2018,VEHICLE OFFENCES,8939,40,-0.303609909
3/1/2018,VIOLENCE AGAINST THE PERSON,17187,445,0.303609909
4/1/2018,ARSON AND CRIMINAL DAMAGE,4765,24,-0.330115406
4/1/2018,BURGLARY,6356,251,0.330115406
4/1/2018,DOMESTIC ABUSE,8946,2,-0.330115406
4/1/2018,DRUG OFFENCES,3032,173,0.330115406
4/1/2018,GUN CRIME,273,56,0.330115406
4/1/2018,HATE CRIME,4753,122,0.330115406
4/1/2018,KNIFE CRIME,2091,458,0.330115406
4/1/2018,LETHAL BARREL DISCHARGE,24,175,0.330115406
4/1/2018,MISCELLANEOUS,2610,0,-0.330115406
4/1/2018,PUBLIC ORDER OFFENCES,3992,4,-0.330115406
4/1/2018,ROBBERY,2560,102,0.330115406
4/1/2018,SEXUAL OFFENCES,1594,74,0.330115406
4/1/2018,THEFT,17373,46,-0.330115406
4/1/2018,VEHICLE OFFENCES,8927,40,-0.330115406
4/1/2018,VIOLENCE AGAINST THE PERSON,16601,308,-0.330115406
5/1/2018,ARSON AND CRIMINAL DAMAGE,5001,20,-0.329153329
5/1/2018,BURGLARY,6385,53,-0.329153329
5/1/2018,DOMESTIC ABUSE,9534,3,-0.329153329
5/1/2018,DRUG OFFENCES,3106,116,0.329153329
5/1/2018,GUN CRIME,303,32,0.329153329
5/1/2018,HATE CRIME,5317,62,-0.329153329
5/1/2018,KNIFE CRIME,2093,277,0.329153329
5/1/2018,LETHAL BARREL DISCHARGE,47,116,0.329153329
5/1/2018,MISCELLANEOUS,2273,1,-0.329153329
5/1/2018,PUBLIC ORDER OFFENCES,4404,0,-0.329153329
5/1/2018,ROBBERY,2609,32,-0.329153329
5/1/2018,SEXUAL OFFENCES,1803,83,0.329153329
5/1/2018,THEFT,18315,51,-0.329153329
5/1/2018,VEHICLE OFFENCES,8871,7,-0.329153329
5/1/2018,VIOLENCE AGAINST THE PERSON,18980,247,0.329153329
6/1/2018,ARSON AND CRIMINAL DAMAGE,4839,71,0.319082518
6/1/2018,BURGLARY,6092,35,-0.319082518
6/1/2018,DOMESTIC ABUSE,9790,5,-0.319082518
6/1/2018,DRUG OFFENCES,2745,117,0.319082518
6/1/2018,GUN CRIME,217,25,0.319082518
6/1/2018,HATE CRIME,5600,40,-0.319082518
6/1/2018,KNIFE CRIME,2206,315,0.319082518
6/1/2018,LETHAL BARREL DISCHARGE,36,53,0.319082518
6/1/2018,MISCELLANEOUS,2806,0,-0.319082518
6/1/2018,PUBLIC ORDER OFFENCES,4364,3,-0.319082518
6/1/2018,ROBBERY,2894,73,0.319082518
6/1/2018,SEXUAL OFFENCES,1859,77,0.319082518
6/1/2018,THEFT,18209,43,-0.319082518
6/1/2018,VEHICLE OFFENCES,9026,2,-0.319082518
6/1/2018,VIOLENCE AGAINST THE PERSON,18827,314,0.319082518
7/1/2018,ARSON AND CRIMINAL DAMAGE,5026,39,-0.316475204
7/1/2018,BURGLARY,6301,14,-0.316475204
7/1/2018,DOMESTIC ABUSE,10811,7,-0.316475204
7/1/2018,DRUG OFFENCES,2680,117,0.316475204
7/1/2018,GUN CRIME,311,26,0.316475204
7/1/2018,HATE CRIME,5761,40,-0.316475204
7/1/2018,KNIFE CRIME,2116,210,0.316475204
7/1/2018,LETHAL BARREL DISCHARGE,43,62,0.316475204
7/1/2018,MISCELLANEOUS,2631,0,-0.316475204
7/1/2018,PUBLIC ORDER OFFENCES,4961,6,-0.316475204
7/1/2018,ROBBERY,2970,49,0.316475204
7/1/2018,SEXUAL OFFENCES,2037,65,0.316475204
7/1/2018,THEFT,19713,29,-0.316475204
7/1/2018,VEHICLE OFFENCES,9078,5,-0.316475204
7/1/2018,VIOLENCE AGAINST THE PERSON,20222,349,0.316475204
8/1/2018,ARSON AND CRIMINAL DAMAGE,4565,73,0.274239666
8/1/2018,BURGLARY,6506,27,-0.274239666
8/1/2018,DOMESTIC ABUSE,9611,2,-0.274239666
8/1/2018,DRUG OFFENCES,3395,118,0.274239666
8/1/2018,GUN CRIME,244,24,0.274239666
8/1/2018,HATE CRIME,4493,71,0.274239666
8/1/2018,KNIFE CRIME,1951,293,0.274239666
8/1/2018,LETHAL BARREL DISCHARGE,33,66,0.274239666
8/1/2018,MISCELLANEOUS,2427,0,-0.274239666
8/1/2018,PUBLIC ORDER OFFENCES,3956,5,-0.274239666
8/1/2018,ROBBERY,2556,54,0.274239666
8/1/2018,SEXUAL OFFENCES,1650,91,0.274239666
8/1/2018,THEFT,18431,73,-0.274239666
8/1/2018,VEHICLE OFFENCES,9231,25,-0.274239666
8/1/2018,VIOLENCE AGAINST THE PERSON,17304,435,0.274239666
9/1/2018,ARSON AND CRIMINAL DAMAGE,4469,39,-0.262102425
9/1/2018,BURGLARY,6089,24,-0.262102425
9/1/2018,DOMESTIC ABUSE,9142,11,-0.262102425
9/1/2018,DRUG OFFENCES,3068,169,0.262102425
9/1/2018,GUN CRIME,279,22,0.262102425
9/1/2018,HATE CRIME,4658,82,0.262102425
9/1/2018,KNIFE CRIME,1709,228,0.262102425
9/1/2018,LETHAL BARREL DISCHARGE,26,100,0.262102425
9/1/2018,MISCELLANEOUS,2211,0,-0.262102425
9/1/2018,PUBLIC ORDER OFFENCES,4032,9,-0.262102425
9/1/2018,ROBBERY,2658,51,0.262102425
9/1/2018,SEXUAL OFFENCES,1718,102,0.262102425
9/1/2018,THEFT,18073,86,-0.262102425
9/1/2018,VEHICLE OFFENCES,9799,23,-0.262102425
9/1/2018,VIOLENCE AGAINST THE PERSON,17362,402,0.262102425
10/1/2018,ARSON AND CRIMINAL DAMAGE,4813,14,-0.312280321
10/1/2018,BURGLARY,7149,29,-0.312280321
10/1/2018,DOMESTIC ABUSE,9171,10,-0.312280321
10/1/2018,DRUG OFFENCES,3220,129,0.312280321
10/1/2018,GUN CRIME,270,24,0.312280321
10/1/2018,HATE CRIME,4718,91,0.312280321
10/1/2018,KNIFE CRIME,1888,184,0.312280321
10/1/2018,LETHAL BARREL DISCHARGE,48,79,0.312280321
10/1/2018,MISCELLANEOUS,2729,0,-0.312280321
10/1/2018,PUBLIC ORDER OFFENCES,4118,5,-0.312280321
10/1/2018,ROBBERY,2936,33,-0.312280321
10/1/2018,SEXUAL OFFENCES,1780,138,0.312280321
10/1/2018,THEFT,20043,40,-0.312280321
10/1/2018,VEHICLE OFFENCES,10509,13,-0.312280321
10/1/2018,VIOLENCE AGAINST THE PERSON,18000,275,0.312280321
11/1/2018,ARSON AND CRIMINAL DAMAGE,4724,27,-0.346615911
11/1/2018,BURGLARY,7887,30,-0.346615911
11/1/2018,DOMESTIC ABUSE,8509,12,-0.346615911
11/1/2018,DRUG OFFENCES,3391,127,0.346615911
11/1/2018,GUN CRIME,282,41,0.346615911
11/1/2018,HATE CRIME,5032,66,-0.346615911
11/1/2018,KNIFE CRIME,1823,419,0.346615911
11/1/2018,LETHAL BARREL DISCHARGE,42,79,0.346615911
11/1/2018,MISCELLANEOUS,3125,0,-0.346615911
11/1/2018,PUBLIC ORDER OFFENCES,3951,4,-0.346615911
11/1/2018,ROBBERY,3040,46,0.346615911
11/1/2018,SEXUAL OFFENCES,1729,128,0.346615911
11/1/2018,THEFT,19924,71,-0.346615911
11/1/2018,VEHICLE OFFENCES,10529,6,-0.346615911
11/1/2018,VIOLENCE AGAINST THE PERSON,17665,265,0.346615911
12/1/2018,ARSON AND CRIMINAL DAMAGE,4688,15,-0.315773695
12/1/2018,BURGLARY,7159,38,-0.315773695
12/1/2018,DOMESTIC ABUSE,9642,11,-0.315773695
12/1/2018,DRUG OFFENCES,3276,128,0.315773695
12/1/2018,GUN CRIME,193,24,0.315773695
12/1/2018,HATE CRIME,4789,35,-0.315773695
12/1/2018,KNIFE CRIME,1916,215,0.315773695
12/1/2018,LETHAL BARREL DISCHARGE,31,70,0.315773695
12/1/2018,MISCELLANEOUS,3148,1,-0.315773695
12/1/2018,PUBLIC ORDER OFFENCES,3689,2,-0.315773695
12/1/2018,ROBBERY,3005,48,0.315773695
12/1/2018,SEXUAL OFFENCES,1484,88,0.315773695
12/1/2018,THEFT,19411,42,-0.315773695
12/1/2018,VEHICLE OFFENCES,9644,10,-0.315773695
12/1/2018,VIOLENCE AGAINST THE PERSON,17923,202,0.315773695
1/1/2019,ARSON AND CRIMINAL DAMAGE,4547,20,-0.314283155
1/1/2019,BURGLARY,7455,17,-0.314283155
1/1/2019,DOMESTIC ABUSE,9412,15,-0.314283155
1/1/2019,DRUG OFFENCES,3509,155,0.314283155
1/1/2019,GUN CRIME,197,39,0.314283155
1/1/2019,HATE CRIME,4328,40,-0.314283155
1/1/2019,KNIFE CRIME,1918,400,0.314283155
1/1/2019,LETHAL BARREL DISCHARGE,21,45,0.314283155
1/1/2019,MISCELLANEOUS,2815,0,-0.314283155
1/1/2019,PUBLIC ORDER OFFENCES,3538,10,-0.314283155
1/1/2019,ROBBERY,2969,36,-0.314283155
1/1/2019,SEXUAL OFFENCES,1659,79,0.314283155
1/1/2019,THEFT,19039,71,-0.314283155
1/1/2019,VEHICLE OFFENCES,10859,25,-0.314283155
1/1/2019,VIOLENCE AGAINST THE PERSON,17412,307,0.314283155
2/1/2019,ARSON AND CRIMINAL DAMAGE,4370,20,-0.316015075
2/1/2019,BURGLARY,6680,36,-0.316015075
2/1/2019,DOMESTIC ABUSE,8752,13,-0.316015075
2/1/2019,DRUG OFFENCES,3480,156,0.316015075
2/1/2019,GUN CRIME,225,30,0.316015075
2/1/2019,HATE CRIME,4703,95,0.316015075
2/1/2019,KNIFE CRIME,1759,311,0.316015075
2/1/2019,LETHAL BARREL DISCHARGE,19,69,0.316015075
2/1/2019,MISCELLANEOUS,3250,0,-0.316015075
2/1/2019,PUBLIC ORDER OFFENCES,3667,3,-0.316015075
2/1/2019,ROBBERY,2996,77,0.316015075
2/1/2019,SEXUAL OFFENCES,1574,99,0.316015075
2/1/2019,THEFT,19755,53,-0.316015075
2/1/2019,VEHICLE OFFENCES,9675,15,-0.316015075
2/1/2019,VIOLENCE AGAINST THE PERSON,16813,257,0.316015075
3/1/2019,ARSON AND CRIMINAL DAMAGE,4968,13,-0.423636131
3/1/2019,BURGLARY,7219,21,-0.423636131
3/1/2019,DOMESTIC ABUSE,9198,12,-0.423636131
3/1/2019,DRUG OFFENCES,4429,127,0.423636131
3/1/2019,GUN CRIME,194,52,0.423636131
3/1/2019,HATE CRIME,5718,101,-0.423636131
3/1/2019,KNIFE CRIME,1950,759,0.423636131
3/1/2019,LETHAL BARREL DISCHARGE,23,102,0.423636131
3/1/2019,MISCELLANEOUS,3599,0,-0.423636131
3/1/2019,PUBLIC ORDER OFFENCES,4464,9,-0.423636131
3/1/2019,ROBBERY,3202,59,0.423636131
3/1/2019,SEXUAL OFFENCES,1704,93,0.423636131
3/1/2019,THEFT,21397,39,-0.423636131
3/1/2019,VEHICLE OFFENCES,10794,8,-0.423636131
3/1/2019,VIOLENCE AGAINST THE PERSON,18723,339,0.423636131
4/1/2019,ARSON AND CRIMINAL DAMAGE,4727,28,-0.363909589
4/1/2019,BURGLARY,6316,12,-0.363909589
4/1/2019,DOMESTIC ABUSE,9070,4,-0.363909589
4/1/2019,DRUG OFFENCES,3714,124,0.363909589
4/1/2019,GUN CRIME,217,33,0.363909589
4/1/2019,HATE CRIME,5334,42,-0.363909589
4/1/2019,KNIFE CRIME,2090,366,0.363909589
4/1/2019,LETHAL BARREL DISCHARGE,25,107,0.363909589
4/1/2019,MISCELLANEOUS,3586,0,-0.363909589
4/1/2019,PUBLIC ORDER OFFENCES,4135,18,-0.363909589
4/1/2019,ROBBERY,3441,37,-0.363909589
4/1/2019,SEXUAL OFFENCES,1596,128,0.363909589
4/1/2019,THEFT,21576,58,-0.363909589
4/1/2019,VEHICLE OFFENCES,10297,8,-0.363909589
4/1/2019,VIOLENCE AGAINST THE PERSON,17522,267,0.363909589
5/1/2019,ARSON AND CRIMINAL DAMAGE,4895,21,-0.341456237
5/1/2019,BURGLARY,6408,33,-0.341456237
5/1/2019,DOMESTIC ABUSE,9484,8,-0.341456237
5/1/2019,DRUG OFFENCES,3932,163,0.341456237
5/1/2019,GUN CRIME,186,47,0.341456237
5/1/2019,HATE CRIME,5442,66,-0.341456237
5/1/2019,KNIFE CRIME,2072,221,0.341456237
5/1/2019,LETHAL BARREL DISCHARGE,17,42,0.341456237
5/1/2019,MISCELLANEOUS,3237,0,-0.341456237
5/1/2019,PUBLIC ORDER OFFENCES,4576,7,-0.341456237
5/1/2019,ROBBERY,3331,53,0.341456237
5/1/2019,SEXUAL OFFENCES,1697,246,0.341456237
5/1/2019,THEFT,21758,45,-0.341456237
5/1/2019,VEHICLE OFFENCES,10070,6,-0.341456237
5/1/2019,VIOLENCE AGAINST THE PERSON,18884,256,0.341456237
6/1/2019,ARSON AND CRIMINAL DAMAGE,4711,59,-0.308299798
6/1/2019,BURGLARY,6368,20,-0.308299798
6/1/2019,DOMESTIC ABUSE,9685,11,-0.308299798
6/1/2019,DRUG OFFENCES,4109,195,0.308299798
6/1/2019,GUN CRIME,222,32,0.308299798
6/1/2019,HATE CRIME,5625,84,0.308299798
6/1/2019,KNIFE CRIME,2024,322,0.308299798
6/1/2019,LETHAL BARREL DISCHARGE,24,78,0.308299798
6/1/2019,MISCELLANEOUS,3096,0,-0.308299798
6/1/2019,PUBLIC ORDER OFFENCES,4640,14,-0.308299798
6/1/2019,ROBBERY,3174,52,0.308299798
6/1/2019,SEXUAL OFFENCES,1824,109,0.308299798
6/1/2019,THEFT,21152,53,-0.308299798
6/1/2019,VEHICLE OFFENCES,10049,7,-0.308299798
6/1/2019,VIOLENCE AGAINST THE PERSON,19034,378,0.308299798
7/1/2019,ARSON AND CRIMINAL DAMAGE,4924,30,-0.329873475
7/1/2019,BURGLARY,6304,9,-0.329873475
7/1/2019,DOMESTIC ABUSE,10228,6,-0.329873475
7/1/2019,DRUG OFFENCES,4586,170,0.329873475
7/1/2019,GUN CRIME,251,23,0.329873475
7/1/2019,HATE CRIME,6218,123,0.329873475
7/1/2019,KNIFE CRIME,1983,274,0.329873475
7/1/2019,LETHAL BARREL DISCHARGE,25,101,0.329873475
7/1/2019,MISCELLANEOUS,3392,0,-0.329873475
7/1/2019,PUBLIC ORDER OFFENCES,5289,10,-0.329873475
7/1/2019,ROBBERY,3428,48,0.329873475
7/1/2019,SEXUAL OFFENCES,1850,102,0.329873475
7/1/2019,THEFT,22775,51,-0.329873475
7/1/2019,VEHICLE OFFENCES,10519,10,-0.329873475
7/1/2019,VIOLENCE AGAINST THE PERSON,20302,256,0.329873475
8/1/2019,ARSON AND CRIMINAL DAMAGE,4597,22,-0.339859377
8/1/2019,BURGLARY,6163,15,-0.339859377
8/1/2019,DOMESTIC ABUSE,10037,4,-0.339859377
8/1/2019,DRUG OFFENCES,4865,128,0.339859377
8/1/2019,GUN CRIME,226,17,0.339859377
8/1/2019,HATE CRIME,5653,48,-0.339859377
8/1/2019,KNIFE CRIME,1952,311,0.339859377
8/1/2019,LETHAL BARREL DISCHARGE,32,38,0.339859377
8/1/2019,MISCELLANEOUS,3198,0,-0.339859377
8/1/2019,PUBLIC ORDER OFFENCES,4676,5,-0.339859377
8/1/2019,ROBBERY,3083,29,-0.339859377
8/1/2019,SEXUAL OFFENCES,1555,93,0.339859377
8/1/2019,THEFT,20914,51,-0.339859377
8/1/2019,VEHICLE OFFENCES,10480,4,-0.339859377
8/1/2019,VIOLENCE AGAINST THE PERSON,18629,255,0.339859377
9/1/2019,ARSON AND CRIMINAL DAMAGE,4578,30,-0.357524549
9/1/2019,BURGLARY,6526,7,-0.357524549
9/1/2019,DOMESTIC ABUSE,9170,15,-0.357524549
9/1/2019,DRUG OFFENCES,4012,168,0.357524549
9/1/2019,GUN CRIME,212,44,0.357524549
9/1/2019,HATE CRIME,5349,66,0.357524549
9/1/2019,KNIFE CRIME,1813,292,0.357524549
9/1/2019,LETHAL BARREL DISCHARGE,20,69,0.357524549
9/1/2019,MISCELLANEOUS,3340,0,-0.357524549
9/1/2019,PUBLIC ORDER OFFENCES,4472,4,-0.357524549
9/1/2019,ROBBERY,3352,35,-0.357524549
9/1/2019,SEXUAL OFFENCES,1611,81,0.357524549
9/1/2019,THEFT,19883,40,-0.357524549
9/1/2019,VEHICLE OFFENCES,11616,3,-0.357524549
9/1/2019,VIOLENCE AGAINST THE PERSON,18470,279,0.357524549
10/1/2019,ARSON AND CRIMINAL DAMAGE,4880,11,-0.355048381
10/1/2019,BURGLARY,7293,23,-0.355048381
10/1/2019,DOMESTIC ABUSE,9410,12,-0.355048381
10/1/2019,DRUG OFFENCES,4005,197,0.355048381
10/1/2019,GUN CRIME,257,22,0.355048381
10/1/2019,HATE CRIME,5703,41,-0.355048381
10/1/2019,KNIFE CRIME,2021,249,0.355048381
10/1/2019,LETHAL BARREL DISCHARGE,17,30,0.355048381
10/1/2019,MISCELLANEOUS,4347,0,-0.355048381
10/1/2019,PUBLIC ORDER OFFENCES,4680,1,-0.355048381
10/1/2019,ROBBERY,3750,54,0.355048381
10/1/2019,SEXUAL OFFENCES,1672,110,0.355048381
10/1/2019,THEFT,22266,42,-0.355048381
10/1/2019,VEHICLE OFFENCES,12309,6,-0.355048381
10/1/2019,VIOLENCE AGAINST THE PERSON,18907,200,0.355048381
11/1/2019,ARSON AND CRIMINAL DAMAGE,4574,12,-0.315594303
11/1/2019,BURGLARY,7096,20,-0.315594303
11/1/2019,DOMESTIC ABUSE,9211,10,-0.315594303
11/1/2019,DRUG OFFENCES,4056,145,0.315594303
11/1/2019,GUN CRIME,220,7,0.315594303
11/1/2019,HATE CRIME,5602,100,0.315594303
11/1/2019,KNIFE CRIME,2145,241,0.315594303
11/1/2019,LETHAL BARREL DISCHARGE,14,68,0.315594303
11/1/2019,MISCELLANEOUS,4180,0,-0.315594303
11/1/2019,PUBLIC ORDER OFFENCES,4389,10,-0.315594303
11/1/2019,ROBBERY,3839,41,-0.315594303
11/1/2019,SEXUAL OFFENCES,1755,163,0.315594303
11/1/2019,THEFT,21261,63,-0.315594303
11/1/2019,VEHICLE OFFENCES,11391,4,-0.315594303
11/1/2019,VIOLENCE AGAINST THE PERSON,18911,339,0.315594303
12/1/2019,ARSON AND CRIMINAL DAMAGE,4547,20,-0.291625574
12/1/2019,BURGLARY,6836,13,-0.291625574
12/1/2019,DOMESTIC ABUSE,9570,15,-0.291625574
12/1/2019,DRUG OFFENCES,3510,99,0.291625574
12/1/2019,GUN CRIME,175,11,0.291625574
12/1/2019,HATE CRIME,5375,76,0.291625574
12/1/2019,KNIFE CRIME,1858,208,0.291625574
12/1/2019,LETHAL BARREL DISCHARGE,33,84,0.291625574
12/1/2019,MISCELLANEOUS,3685,2,-0.291625574
12/1/2019,PUBLIC ORDER OFFENCES,4128,8,-0.291625574
12/1/2019,ROBBERY,3366,68,0.291625574
12/1/2019,SEXUAL OFFENCES,1529,128,0.291625574
12/1/2019,THEFT,20203,61,-0.291625574
12/1/2019,VEHICLE OFFENCES,10972,11,-0.291625574
12/1/2019,VIOLENCE AGAINST THE PERSON,18244,340,0.291625574
1/1/2020,ARSON AND CRIMINAL DAMAGE,4422,19,-0.330177281
1/1/2020,BURGLARY,6992,28,-0.330177281
1/1/2020,DOMESTIC ABUSE,9362,6,-0.330177281
1/1/2020,DRUG OFFENCES,4733,107,0.330177281
1/1/2020,GUN CRIME,229,74,0.330177281
1/1/2020,HATE CRIME,4990,63,0.330177281
1/1/2020,KNIFE CRIME,1954,216,0.330177281
1/1/2020,LETHAL BARREL DISCHARGE,29,66,0.330177281
1/1/2020,MISCELLANEOUS,3597,0,-0.330177281
1/1/2020,PUBLIC ORDER OFFENCES,4240,1,-0.330177281
1/1/2020,ROBBERY,3365,60,0.330177281
1/1/2020,SEXUAL OFFENCES,1707,163,0.330177281
1/1/2020,THEFT,18840,54,-0.330177281
1/1/2020,VEHICLE OFFENCES,12090,9,-0.330177281
1/1/2020,VIOLENCE AGAINST THE PERSON,18066,285,0.330177281
2/1/2020,ARSON AND CRIMINAL DAMAGE,4341,11,-0.308456217
2/1/2020,BURGLARY,6301,47,-0.308456217
2/1/2020,DOMESTIC ABUSE,8896,8,-0.308456217
2/1/2020,DRUG OFFENCES,4236,95,0.308456217
2/1/2020,GUN CRIME,164,20,0.308456217
2/1/2020,HATE CRIME,5433,70,0.308456217
2/1/2020,KNIFE CRIME,1732,281,0.308456217
2/1/2020,LETHAL BARREL DISCHARGE,25,81,0.308456217
2/1/2020,MISCELLANEOUS,3883,1,-0.308456217
2/1/2020,PUBLIC ORDER OFFENCES,4051,4,-0.308456217
2/1/2020,ROBBERY,3215,63,0.308456217
2/1/2020,SEXUAL OFFENCES,1804,99,0.308456217
2/1/2020,THEFT,19725,59,-0.308456217
2/1/2020,VEHICLE OFFENCES,10762,8,-0.308456217
2/1/2020,VIOLENCE AGAINST THE PERSON,17279,322,0.308456217
3/1/2020,ARSON AND CRIMINAL DAMAGE,4386,11,-0.241006248
3/1/2020,BURGLARY,5362,17,-0.241006248
3/1/2020,DOMESTIC ABUSE,9364,12,-0.241006248
3/1/2020,DRUG OFFENCES,4015,95,0.241006248
3/1/2020,GUN CRIME,166,12,0.241006248
3/1/2020,HATE CRIME,5347,40,-0.241006248
3/1/2020,KNIFE CRIME,1583,115,0.241006248
3/1/2020,LETHAL BARREL DISCHARGE,22,39,0.241006248
3/1/2020,MISCELLANEOUS,3071,1,-0.241006248
3/1/2020,PUBLIC ORDER OFFENCES,4090,4,-0.241006248
3/1/2020,ROBBERY,2719,43,0.241006248
3/1/2020,SEXUAL OFFENCES,1544,48,0.241006248
3/1/2020,THEFT,14874,42,-0.241006248
3/1/2020,VEHICLE OFFENCES,9588,11,-0.241006248
3/1/2020,VIOLENCE AGAINST THE PERSON,17657,160,0.241006248
4/1/2020,ARSON AND CRIMINAL DAMAGE,3486,8,-0.277544401
4/1/2020,BURGLARY,3666,3,-0.277544401
4/1/2020,DOMESTIC ABUSE,9437,27,-0.277544401
4/1/2020,DRUG OFFENCES,5422,107,0.277544401
4/1/2020,GUN CRIME,90,18,0.277544401
4/1/2020,HATE CRIME,4412,17,-0.277544401
4/1/2020,KNIFE CRIME,964,124,0.277544401
4/1/2020,LETHAL BARREL DISCHARGE,4,15,0.277544401
4/1/2020,MISCELLANEOUS,686,0,-0.277544401
4/1/2020,PUBLIC ORDER OFFENCES,3538,1,-0.277544401
4/1/2020,ROBBERY,1105,20,0.277544401
4/1/2020,SEXUAL OFFENCES,996,28,0.277544401
4/1/2020,THEFT,7276,33,-0.277544401
4/1/2020,VEHICLE OFFENCES,6343,4,-0.277544401
4/1/2020,VIOLENCE AGAINST THE PERSON,15474,77,-0.277544401
5/1/2020,ARSON AND CRIMINAL DAMAGE,3903,33,0.24704205
5/1/2020,BURGLARY,3894,14,-0.24704205
5/1/2020,DOMESTIC ABUSE,10586,15,-0.24704205
5/1/2020,DRUG OFFENCES,6898,97,0.24704205
5/1/2020,GUN CRIME,160,15,0.24704205
5/1/2020,HATE CRIME,5692,28,-0.24704205
5/1/2020,KNIFE CRIME,1183,84,0.24704205
5/1/2020,LETHAL BARREL DISCHARGE,21,58,0.24704205
5/1/2020,MISCELLANEOUS,810,0,-0.24704205
5/1/2020,PUBLIC ORDER OFFENCES,4345,5,-0.24704205
5/1/2020,ROBBERY,1316,19,0.24704205
5/1/2020,SEXUAL OFFENCES,1277,41,0.24704205
5/1/2020,THEFT,8969,24,-0.24704205
5/1/2020,VEHICLE OFFENCES,7275,3,-0.24704205
5/1/2020,VIOLENCE AGAINST THE PERSON,17855,94,-0.24704205
6/1/2020,ARSON AND CRIMINAL DAMAGE,4341,7,-0.297886902
6/1/2020,BURGLARY,4311,6,-0.297886902
6/1/2020,DOMESTIC ABUSE,10243,8,-0.297886902
6/1/2020,DRUG OFFENCES,5073,92,0.297886902
6/1/2020,GUN CRIME,177,19,0.297886902
6/1/2020,HATE CRIME,8281,297,0.297886902
6/1/2020,KNIFE CRIME,1478,194,0.297886902
6/1/2020,LETHAL BARREL DISCHARGE,39,88,0.297886902
6/1/2020,MISCELLANEOUS,1076,0,-0.297886902
6/1/2020,PUBLIC ORDER OFFENCES,5070,19,-0.297886902
6/1/2020,ROBBERY,1716,22,-0.297886902
6/1/2020,SEXUAL OFFENCES,1539,48,0.297886902
6/1/2020,THEFT,11495,28,-0.297886902
6/1/2020,VEHICLE OFFENCES,8107,1,-0.297886902
6/1/2020,VIOLENCE AGAINST THE PERSON,19112,301,0.297886902
7/1/2020,ARSON AND CRIMINAL DAMAGE,4702,11,-0.30184721
7/1/2020,BURGLARY,4959,10,-0.30184721
7/1/2020,DOMESTIC ABUSE,10915,20,-0.30184721
7/1/2020,DRUG OFFENCES,5015,135,0.30184721
7/1/2020,GUN CRIME,209,23,0.30184721
7/1/2020,HATE CRIME,8091,97,0.30184721
7/1/2020,KNIFE CRIME,1592,227,0.30184721
7/1/2020,LETHAL BARREL DISCHARGE,45,76,0.30184721
7/1/2020,MISCELLANEOUS,1838,0,-0.30184721
7/1/2020,PUBLIC ORDER OFFENCES,5765,3,-0.30184721
7/1/2020,ROBBERY,2197,32,0.30184721
7/1/2020,SEXUAL OFFENCES,1803,64,0.30184721
7/1/2020,THEFT,15221,31,-0.30184721
7/1/2020,VEHICLE OFFENCES,9026,8,-0.30184721
7/1/2020,VIOLENCE AGAINST THE PERSON,20366,224,0.30184721
8/1/2020,ARSON AND CRIMINAL DAMAGE,4681,13,-0.317729923
8/1/2020,BURGLARY,4994,4,-0.317729923
8/1/2020,DOMESTIC ABUSE,11269,6,-0.317729923
8/1/2020,DRUG OFFENCES,3824,98,0.317729923
8/1/2020,GUN CRIME,205,14,0.317729923
8/1/2020,HATE CRIME,7488,82,0.317729923
8/1/2020,KNIFE CRIME,1753,142,0.317729923
8/1/2020,LETHAL BARREL DISCHARGE,33,48,0.317729923
8/1/2020,MISCELLANEOUS,2433,0,-0.317729923
8/1/2020,MISCELLANEOUS CRIMES AGAINST SOCIETY,889,1,-0.317729923
8/1/2020,POSSESSION OF WEAPONS,543,42,0.317729923
8/1/2020,PUBLIC ORDER OFFENCES,5337,2,-0.317729923
8/1/2020,ROBBERY,2495,20,-0.317729923
8/1/2020,SEXUAL OFFENCES,1602,99,0.317729923
8/1/2020,THEFT,16048,43,-0.317729923
8/1/2020,VEHICLE OFFENCES,8879,9,-0.317729923
8/1/2020,VIOLENCE AGAINST THE PERSON,20230,138,-0.317729923
9/1/2020,ARSON AND CRIMINAL DAMAGE,4286,7,-0.411401243
9/1/2020,BURGLARY,5180,4,-0.411401243
9/1/2020,DOMESTIC ABUSE,9827,7,-0.411401243
9/1/2020,DRUG OFFENCES,3789,97,0.411401243
9/1/2020,FRAUD AND FORGERY,0,26,0.411401243
9/1/2020,GUN CRIME,201,34,0.411401243
9/1/2020,HATE CRIME,6626,49,-0.411401243
9/1/2020,KNIFE CRIME,1586,111,0.411401243
9/1/2020,LETHAL BARREL DISCHARGE,31,173,0.411401243
9/1/2020,MISCELLANEOUS,2653,0,-0.411401243
9/1/2020,MISCELLANEOUS CRIMES AGAINST SOCIETY,1069,1,-0.411401243
9/1/2020,POSSESSION OF WEAPONS,586,48,0.411401243
9/1/2020,PUBLIC ORDER OFFENCES,5096,2,-0.411401243
9/1/2020,ROBBERY,2582,32,0.411401243
9/1/2020,SEXUAL OFFENCES,1583,50,0.411401243
9/1/2020,THEFT,16496,32,-0.411401243
9/1/2020,VEHICLE OFFENCES,10097,1,-0.411401243
9/1/2020,VIOLENCE AGAINST THE PERSON,19359,135,-0.411401243
10/1/2020,ARSON AND CRIMINAL DAMAGE,4304,2,-0.308130646
10/1/2020,BURGLARY,5628,7,-0.308130646
10/1/2020,DOMESTIC ABUSE,9231,4,-0.308130646
10/1/2020,DRUG OFFENCES,4398,72,0.308130646
10/1/2020,GUN CRIME,166,11,0.308130646
10/1/2020,HATE CRIME,5777,69,0.308130646
10/1/2020,KNIFE CRIME,1483,73,0.308130646
10/1/2020,LETHAL BARREL DISCHARGE,30,43,0.308130646
10/1/2020,MISCELLANEOUS,3413,0,-0.308130646
10/1/2020,MISCELLANEOUS CRIMES AGAINST SOCIETY,925,4,-0.308130646
10/1/2020,POSSESSION OF WEAPONS,589,32,0.308130646
10/1/2020,PUBLIC ORDER OFFENCES,4549,3,-0.308130646
10/1/2020,ROBBERY,2443,36,0.308130646
10/1/2020,SEXUAL OFFENCES,1632,41,0.308130646
10/1/2020,THEFT,16778,27,-0.308130646
10/1/2020,VEHICLE OFFENCES,10553,4,-0.308130646
10/1/2020,VIOLENCE AGAINST THE PERSON,18400,134,0.308130646
11/1/2020,ARSON AND CRIMINAL DAMAGE,4167,4,-0.245301155
11/1/2020,BURGLARY,5198,16,-0.245301155
11/1/2020,DOMESTIC ABUSE,9124,6,-0.245301155
11/1/2020,DRUG OFFENCES,4714,63,0.245301155
11/1/2020,GUN CRIME,163,5,0.245301155
11/1/2020,HATE CRIME,5443,23,-0.245301155
11/1/2020,KNIFE CRIME,1284,60,0.245301155
11/1/2020,LETHAL BARREL DISCHARGE,21,46,0.245301155
11/1/2020,MISCELLANEOUS,2636,0,-0.245301155
11/1/2020,MISCELLANEOUS CRIMES AGAINST SOCIETY,1060,3,-0.245301155
11/1/2020,POSSESSION OF WEAPONS,595,24,0.245301155
11/1/2020,PUBLIC ORDER OFFENCES,4166,3,-0.245301155
11/1/2020,ROBBERY,2308,32,0.245301155
11/1/2020,SEXUAL OFFENCES,1518,43,0.245301155
11/1/2020,THEFT,12894,46,-0.245301155
11/1/2020,VEHICLE OFFENCES,9121,7,-0.245301155
11/1/2020,VIOLENCE AGAINST THE PERSON,17953,108,0.245301155
12/1/2020,ARSON AND CRIMINAL DAMAGE,4038,7,-0.313081173
12/1/2020,BURGLARY,4740,6,-0.313081173
12/1/2020,DOMESTIC ABUSE,9464,3,-0.313081173
12/1/2020,DRUG OFFENCES,3912,79,0.313081173
12/1/2020,GUN CRIME,112,13,0.313081173
12/1/2020,HATE CRIME,4829,21,-0.313081173
12/1/2020,KNIFE CRIME,1282,75,0.313081173
12/1/2020,LETHAL BARREL DISCHARGE,9,27,0.313081173
12/1/2020,MISCELLANEOUS,3050,0,-0.313081173
12/1/2020,MISCELLANEOUS CRIMES AGAINST SOCIETY,860,1,-0.313081173
12/1/2020,POSSESSION OF WEAPONS,470,39,0.313081173
12/1/2020,PUBLIC ORDER OFFENCES,3794,1,-0.313081173
12/1/2020,ROBBERY,1998,21,0.313081173
12/1/2020,SEXUAL OFFENCES,1250,35,0.313081173
12/1/2020,THEFT,13269,39,-0.313081173
12/1/2020,VEHICLE OFFENCES,7683,5,-0.313081173
12/1/2020,VIOLENCE AGAINST THE PERSON,17059,80,-0.313081173
1/1/2021,ARSON AND CRIMINAL DAMAGE,3621,5,-0.314690534
1/1/2021,BURGLARY,4263,18,-0.314690534
1/1/2021,DOMESTIC ABUSE,8865,3,-0.314690534
1/1/2021,DRUG OFFENCES,4007,96,0.314690534
1/1/2021,FRAUD AND FORGERY,0,36,0.314690534
1/1/2021,GUN CRIME,139,11,0.314690534
1/1/2021,HATE CRIME,4416,24,-0.314690534
1/1/2021,KNIFE CRIME,1036,69,0.314690534
1/1/2021,LETHAL BARREL DISCHARGE,12,19,0.314690534
1/1/2021,MISCELLANEOUS,1744,0,-0.314690534
1/1/2021,MISCELLANEOUS CRIMES AGAINST SOCIETY,850,1,-0.314690534
1/1/2021,POSSESSION OF WEAPONS,444,29,0.314690534
1/1/2021,PUBLIC ORDER OFFENCES,3348,5,-0.314690534
1/1/2021,ROBBERY,1449,39,0.314690534
1/1/2021,SEXUAL OFFENCES,1206,31,0.314690534
1/1/2021,THEFT,9512,31,-0.314690534
1/1/2021,VEHICLE OFFENCES,7631,1,-0.314690534
1/1/2021,VIOLENCE AGAINST THE PERSON,15520,101,-0.314690534
2/1/2021,ARSON AND CRIMINAL DAMAGE,3530,4,-0.350901337
2/1/2021,BURGLARY,4025,4,-0.350901337
2/1/2021,DOMESTIC ABUSE,8359,1,-0.350901337
2/1/2021,DRUG OFFENCES,4357,65,0.350901337
2/1/2021,GUN CRIME,107,5,0.350901337
2/1/2021,HATE CRIME,4520,32,-0.350901337
2/1/2021,KNIFE CRIME,1191,152,0.350901337
2/1/2021,LETHAL BARREL DISCHARGE,10,20,0.350901337
2/1/2021,MISCELLANEOUS,1522,0,-0.350901337
2/1/2021,MISCELLANEOUS CRIMES AGAINST SOCIETY,841,2,-0.350901337
2/1/2021,POSSESSION OF WEAPONS,458,19,0.350901337
2/1/2021,PUBLIC ORDER OFFENCES,3291,1,-0.350901337
2/1/2021,ROBBERY,1326,14,0.350901337
2/1/2021,SEXUAL OFFENCES,1305,47,0.350901337
2/1/2021,THEFT,9394,26,-0.350901337
2/1/2021,VEHICLE OFFENCES,7566,2,-0.350901337
2/1/2021,VIOLENCE AGAINST THE PERSON,15359,100,-0.350901337
3/1/2021,ARSON AND CRIMINAL DAMAGE,4138,8,-0.267745268
3/1/2021,BURGLARY,4607,9,-0.267745268
3/1/2021,DOMESTIC ABUSE,9066,7,-0.267745268
3/1/2021,DRUG OFFENCES,4437,89,0.267745268
3/1/2021,GUN CRIME,147,11,0.267745268
3/1/2021,HATE CRIME,6172,70,0.267745268
3/1/2021,KNIFE CRIME,1372,88,0.267745268
3/1/2021,LETHAL BARREL DISCHARGE,19,22,0.267745268
3/1/2021,MISCELLANEOUS,2007,0,-0.267745268
3/1/2021,MISCELLANEOUS CRIMES AGAINST SOCIETY,997,3,-0.267745268
3/1/2021,POSSESSION OF WEAPONS,501,29,0.267745268
3/1/2021,PUBLIC ORDER OFFENCES,4749,2,-0.267745268
3/1/2021,ROBBERY,1636,24,0.267745268
3/1/2021,SEXUAL OFFENCES,1933,96,0.267745268
3/1/2021,THEFT,11327,39,-0.267745268
3/1/2021,VEHICLE OFFENCES,8233,1,-0.267745268
3/1/2021,VIOLENCE AGAINST THE PERSON,18582,181,0.267745268
4/1/2021,ARSON AND CRIMINAL DAMAGE,4226,11,-0.317937564
4/1/2021,BURGLARY,4125,13,-0.317937564
4/1/2021,DOMESTIC ABUSE,9182,5,-0.317937564
4/1/2021,DRUG OFFENCES,4053,70,0.317937564
4/1/2021,GUN CRIME,135,31,0.317937564
4/1/2021,HATE CRIME,6296,42,-0.317937564
4/1/2021,KNIFE CRIME,1315,137,0.317937564
4/1/2021,LETHAL BARREL DISCHARGE,17,42,0.317937564
4/1/2021,MISCELLANEOUS,2463,0,-0.317937564
4/1/2021,MISCELLANEOUS CRIMES AGAINST SOCIETY,979,0,-0.317937564
4/1/2021,POSSESSION OF WEAPONS,484,66,0.317937564
4/1/2021,PUBLIC ORDER OFFENCES,4845,5,-0.317937564
4/1/2021,ROBBERY,1686,26,0.317937564
4/1/2021,SEXUAL OFFENCES,1640,47,0.317937564
4/1/2021,THEFT,12993,31,-0.317937564
4/1/2021,VEHICLE OFFENCES,7027,4,-0.317937564
4/1/2021,VIOLENCE AGAINST THE PERSON,18295,153,-0.317937564
5/1/2021,ARSON AND CRIMINAL DAMAGE,4645,29,-0.354519512
5/1/2021,BURGLARY,4159,8,-0.354519512
5/1/2021,DOMESTIC ABUSE,10290,2,-0.354519512
5/1/2021,DRUG OFFENCES,3708,83,0.354519512
5/1/2021,FRAUD AND FORGERY,0,41,0.354519512
5/1/2021,GUN CRIME,122,15,0.354519512
5/1/2021,HATE CRIME,7788,71,0.354519512
5/1/2021,KNIFE CRIME,1311,101,0.354519512
5/1/2021,LETHAL BARREL DISCHARGE,19,109,0.354519512
5/1/2021,MISCELLANEOUS,2921,0,-0.354519512
5/1/2021,MISCELLANEOUS CRIMES AGAINST SOCIETY,1035,1,-0.354519512
5/1/2021,POSSESSION OF WEAPONS,502,38,0.354519512
5/1/2021,PUBLIC ORDER OFFENCES,5296,1,-0.354519512
5/1/2021,ROBBERY,1748,20,0.354519512
5/1/2021,SEXUAL OFFENCES,1922,47,0.354519512
5/1/2021,THEFT,14712,33,-0.354519512
5/1/2021,VEHICLE OFFENCES,7708,1,-0.354519512
5/1/2021,VIOLENCE AGAINST THE PERSON,20578,147,-0.354519512
6/1/2021,ARSON AND CRIMINAL DAMAGE,4842,11,-0.353999323
6/1/2021,BURGLARY,4234,5,-0.353999323
6/1/2021,DOMESTIC ABUSE,10043,1,-0.353999323
6/1/2021,DRUG OFFENCES,3505,68,0.353999323
6/1/2021,GUN CRIME,156,19,0.353999323
6/1/2021,HATE CRIME,7351,38,-0.353999323
6/1/2021,KNIFE CRIME,1573,132,0.353999323
6/1/2021,LETHAL BARREL DISCHARGE,28,96,0.353999323
6/1/2021,MISCELLANEOUS,2578,0,-0.353999323
6/1/2021,MISCELLANEOUS CRIMES AGAINST SOCIETY,879,1,-0.353999323
6/1/2021,POSSESSION OF WEAPONS,511,29,0.353999323
6/1/2021,PUBLIC ORDER OFFENCES,5586,9,-0.353999323
6/1/2021,ROBBERY,1891,15,0.353999323
6/1/2021,SEXUAL OFFENCES,2034,59,0.353999323
6/1/2021,THEFT,15972,27,-0.353999323
6/1/2021,VEHICLE OFFENCES,8011,3,-0.353999323
6/1/2021,VIOLENCE AGAINST THE PERSON,20729,140,-0.353999323
7/1/2021,ARSON AND CRIMINAL DAMAGE,4682,15,-0.282657387
7/1/2021,BURGLARY,4238,7,-0.282657387
7/1/2021,DOMESTIC ABUSE,10586,3,-0.282657387
7/1/2021,DRUG OFFENCES,3556,60,0.282657387
7/1/2021,FRAUD AND FORGERY,0,37,0.282657387
7/1/2021,GUN CRIME,127,5,0.282657387
7/1/2021,HATE CRIME,8159,39,-0.282657387
7/1/2021,KNIFE CRIME,1546,161,0.282657387
7/1/2021,LETHAL BARREL DISCHARGE,19,7,0.282657387
7/1/2021,MISCELLANEOUS,2773,0,-0.282657387
7/1/2021,MISCELLANEOUS CRIMES AGAINST SOCIETY,956,5,-0.282657387
7/1/2021,POSSESSION OF WEAPONS,529,31,0.282657387
7/1/2021,PUBLIC ORDER OFFENCES,5849,5,-0.282657387
7/1/2021,ROBBERY,1863,29,0.282657387
7/1/2021,SEXUAL OFFENCES,1987,35,0.282657387
7/1/2021,THEFT,16734,43,-0.282657387
7/1/2021,VEHICLE OFFENCES,7836,13,-0.282657387
7/1/2021,VIOLENCE AGAINST THE PERSON,21188,145,-0.282657387
8/1/2021,ARSON AND CRIMINAL DAMAGE,4463,6,-0.36697359
8/1/2021,BURGLARY,4316,5,-0.36697359
8/1/2021,DOMESTIC ABUSE,9671,2,-0.36697359
8/1/2021,DRUG OFFENCES,3433,78,0.36697359
8/1/2021,FRAUD AND FORGERY,0,22,0.36697359
8/1/2021,GUN CRIME,162,11,0.36697359
8/1/2021,HATE CRIME,6295,32,-0.36697359
8/1/2021,KNIFE CRIME,1416,121,0.36697359
8/1/2021,LETHAL BARREL DISCHARGE,29,35,0.36697359
8/1/2021,MISCELLANEOUS,2803,0,-0.36697359
8/1/2021,MISCELLANEOUS CRIMES AGAINST SOCIETY,837,0,-0.36697359
8/1/2021,POSSESSION OF WEAPONS,495,38,0.36697359
8/1/2021,PUBLIC ORDER OFFENCES,4695,2,-0.36697359
8/1/2021,ROBBERY,1912,18,0.36697359
8/1/2021,SEXUAL OFFENCES,1700,44,0.36697359
8/1/2021,THEFT,16053,16,-0.36697359
8/1/2021,VEHICLE OFFENCES,8591,4,-0.36697359
8/1/2021,VIOLENCE AGAINST THE PERSON,18668,179,0.36697359
9/1/2021,ARSON AND CRIMINAL DAMAGE,4421,3,-0.316279194
9/1/2021,BURGLARY,4278,14,-0.316279194
9/1/2021,DOMESTIC ABUSE,9547,2,-0.316279194
9/1/2021,DRUG OFFENCES,3185,52,0.316279194
9/1/2021,GUN CRIME,124,8,0.316279194
9/1/2021,HATE CRIME,6174,20,-0.316279194
9/1/2021,KNIFE CRIME,1600,63,0.316279194
9/1/2021,LETHAL BARREL DISCHARGE,18,21,0.316279194
9/1/2021,MISCELLANEOUS,3120,0,-0.316279194
9/1/2021,MISCELLANEOUS CRIMES AGAINST SOCIETY,925,1,-0.316279194
9/1/2021,POSSESSION OF WEAPONS,475,31,0.316279194
9/1/2021,PUBLIC ORDER OFFENCES,4979,1,-0.316279194
9/1/2021,ROBBERY,2182,24,0.316279194
9/1/2021,SEXUAL OFFENCES,1983,68,0.316279194
9/1/2021,THEFT,16649,24,-0.316279194
9/1/2021,VEHICLE OFFENCES,8901,1,-0.316279194
9/1/2021,VIOLENCE AGAINST THE PERSON,19693,167,0.316279194
10/1/2021,ARSON AND CRIMINAL DAMAGE,4666,11,-0.365579308
10/1/2021,BURGLARY,4717,34,0.365579308
10/1/2021,DOMESTIC ABUSE,10043,5,-0.365579308
10/1/2021,DRUG OFFENCES,3885,73,0.365579308
10/1/2021,FRAUD AND FORGERY,0,28,0.365579308
10/1/2021,GUN CRIME,133,11,0.365579308
10/1/2021,HATE CRIME,6653,36,-0.365579308
10/1/2021,KNIFE CRIME,1447,113,0.365579308
10/1/2021,LETHAL BARREL DISCHARGE,23,40,0.365579308
10/1/2021,MISCELLANEOUS,4110,0,-0.365579308
10/1/2021,MISCELLANEOUS CRIMES AGAINST SOCIETY,1025,3,-0.365579308
10/1/2021,POSSESSION OF WEAPONS,560,29,0.365579308
10/1/2021,PUBLIC ORDER OFFENCES,5098,1,-0.365579308
10/1/2021,ROBBERY,2223,21,0.365579308
10/1/2021,SEXUAL OFFENCES,2197,92,0.365579308
10/1/2021,THEFT,19015,22,-0.365579308
10/1/2021,VEHICLE OFFENCES,9355,1,-0.365579308
10/1/2021,VIOLENCE AGAINST THE PERSON,20438,94,-0.365579308
11/1/2021,ARSON AND CRIMINAL DAMAGE,4429,10,-0.341866394
11/1/2021,BURGLARY,4817,26,-0.341866394
11/1/2021,DOMESTIC ABUSE,9357,8,-0.341866394
11/1/2021,DRUG OFFENCES,3855,56,0.341866394
11/1/2021,FRAUD AND FORGERY,0,22,0.341866394
11/1/2021,GUN CRIME,102,12,0.341866394
11/1/2021,HATE CRIME,6282,27,-0.341866394
11/1/2021,KNIFE CRIME,1350,95,0.341866394
11/1/2021,LETHAL BARREL DISCHARGE,11,38,0.341866394
11/1/2021,MISCELLANEOUS,4236,0,-0.341866394
11/1/2021,MISCELLANEOUS CRIMES AGAINST SOCIETY,963,3,-0.341866394
11/1/2021,POSSESSION OF WEAPONS,535,40,0.341866394
11/1/2021,PUBLIC ORDER OFFENCES,4766,0,-0.341866394
11/1/2021,ROBBERY,2202,20,0.341866394
11/1/2021,SEXUAL OFFENCES,2097,43,0.341866394
11/1/2021,THEFT,18595,21,-0.341866394
11/1/2021,VEHICLE OFFENCES,9457,2,-0.341866394
11/1/2021,VIOLENCE AGAINST THE PERSON,19694,97,-0.341866394
12/1/2021,ARSON AND CRIMINAL DAMAGE,4134,13,-0.319574817
12/1/2021,BURGLARY,4559,16,-0.319574817
12/1/2021,DOMESTIC ABUSE,9651,2,-0.319574817
12/1/2021,DRUG OFFENCES,3427,68,0.319574817
12/1/2021,FRAUD AND FORGERY,1,17,0.319574817
12/1/2021,GUN CRIME,164,10,0.319574817
12/1/2021,HATE CRIME,5733,35,0.319574817
12/1/2021,KNIFE CRIME,1403,49,0.319574817
12/1/2021,LETHAL BARREL DISCHARGE,17,30,0.319574817
12/1/2021,MISCELLANEOUS,3784,0,-0.319574817
12/1/2021,MISCELLANEOUS CRIMES AGAINST SOCIETY,862,1,-0.319574817
12/1/2021,POSSESSION OF WEAPONS,496,16,0.319574817
12/1/2021,PUBLIC ORDER OFFENCES,4145,0,-0.319574817
12/1/2021,ROBBERY,1904,21,0.319574817
12/1/2021,SEXUAL OFFENCES,1649,62,0.319574817
12/1/2021,THEFT,16650,27,-0.319574817
12/1/2021,VEHICLE OFFENCES,8499,2,-0.319574817
12/1/2021,VIOLENCE AGAINST THE PERSON,18469,87,-0.319574817
1/1/2022,ARSON AND CRIMINAL DAMAGE,4240,4,-0.368426161
1/1/2022,BURGLARY,4716,7,-0.368426161
1/1/2022,DOMESTIC ABUSE,9671,0,-0.368426161
1/1/2022,DRUG OFFENCES,4325,62,0.368426161
1/1/2022,FRAUD AND FORGERY,0,21,0.368426161
1/1/2022,GUN CRIME,87,7,0.368426161
1/1/2022,HATE CRIME,5435,41,0.368426161
1/1/2022,KNIFE CRIME,1466,96,0.368426161
1/1/2022,LETHAL BARREL DISCHARGE,7,24,0.368426161
1/1/2022,MISCELLANEOUS,3639,0,-0.368426161
1/1/2022,MISCELLANEOUS CRIMES AGAINST SOCIETY,933,2,-0.368426161
1/1/2022,POSSESSION OF WEAPONS,560,26,0.368426161
1/1/2022,PUBLIC ORDER OFFENCES,3967,0,-0.368426161
1/1/2022,ROBBERY,1979,19,0.368426161
1/1/2022,SEXUAL OFFENCES,1808,69,0.368426161
1/1/2022,THEFT,16081,28,-0.368426161
1/1/2022,VEHICLE OFFENCES,8897,1,-0.368426161
1/1/2022,VIOLENCE AGAINST THE PERSON,18521,96,-0.368426161
2/1/2022,ARSON AND CRIMINAL DAMAGE,3818,9,-0.346257677
2/1/2022,BURGLARY,4174,6,-0.346257677
2/1/2022,DOMESTIC ABUSE,8874,3,-0.346257677
2/1/2022,DRUG OFFENCES,3854,45,0.346257677
2/1/2022,FRAUD AND FORGERY,0,31,0.346257677
2/1/2022,GUN CRIME,119,12,0.346257677
2/1/2022,HATE CRIME,5360,57,0.346257677
2/1/2022,KNIFE CRIME,1294,83,0.346257677
2/1/2022,LETHAL BARREL DISCHARGE,13,22,0.346257677
2/1/2022,MISCELLANEOUS,3689,0,-0.346257677
2/1/2022,MISCELLANEOUS CRIMES AGAINST SOCIETY,926,1,-0.346257677
2/1/2022,POSSESSION OF WEAPONS,527,45,0.346257677
2/1/2022,PUBLIC ORDER OFFENCES,4018,2,-0.346257677
2/1/2022,ROBBERY,1902,23,0.346257677
2/1/2022,SEXUAL OFFENCES,1786,67,0.346257677
2/1/2022,THEFT,16396,19,-0.346257677
2/1/2022,VEHICLE OFFENCES,7915,3,-0.346257677
2/1/2022,VIOLENCE AGAINST THE PERSON,18058,115,-0.346257677
3/1/2022,ARSON AND CRIMINAL DAMAGE,4317,7,-0.263689117
3/1/2022,BURGLARY,4428,18,-0.263689117
3/1/2022,DOMESTIC ABUSE,9637,10,-0.263689117
3/1/2022,DRUG OFFENCES,4099,61,0.263689117
3/1/2022,FRAUD AND FORGERY,0,14,0.263689117
3/1/2022,GUN CRIME,109,9,0.263689117
3/1/2022,HATE CRIME,6430,33,0.263689117
3/1/2022,KNIFE CRIME,1363,52,0.263689117
3/1/2022,LETHAL BARREL DISCHARGE,12,18,0.263689117
3/1/2022,MISCELLANEOUS,4311,1,-0.263689117
3/1/2022,MISCELLANEOUS CRIMES AGAINST SOCIETY,1122,1,-0.263689117
3/1/2022,POSSESSION OF WEAPONS,569,40,0.263689117
3/1/2022,PUBLIC ORDER OFFENCES,4773,4,-0.263689117
3/1/2022,ROBBERY,1976,19,0.263689117
3/1/2022,SEXUAL OFFENCES,2046,47,0.263689117
3/1/2022,THEFT,18696,25,-0.263689117
3/1/2022,VEHICLE OFFENCES,8889,4,-0.263689117
3/1/2022,VIOLENCE AGAINST THE PERSON,19892,103,0.263689117
4/1/2022,ARSON AND CRIMINAL DAMAGE,4454,8,-0.371296281
4/1/2022,BURGLARY,3894,6,-0.371296281
4/1/2022,DOMESTIC ABUSE,9289,1,-0.371296281
4/1/2022,DRUG OFFENCES,3274,54,0.371296281
4/1/2022,FRAUD AND FORGERY,0,43,0.371296281
4/1/2022,GUN CRIME,121,14,0.371296281
4/1/2022,HATE CRIME,5889,20,-0.371296281
4/1/2022,KNIFE CRIME,1319,77,0.371296281
4/1/2022,LETHAL BARREL DISCHARGE,10,26,0.371296281
4/1/2022,MISCELLANEOUS,3844,0,-0.371296281
4/1/2022,MISCELLANEOUS CRIMES AGAINST SOCIETY,896,1,-0.371296281
4/1/2022,POSSESSION OF WEAPONS,537,37,0.371296281
4/1/2022,PUBLIC ORDER OFFENCES,4383,1,-0.371296281
4/1/2022,ROBBERY,1852,30,0.371296281
4/1/2022,SEXUAL OFFENCES,1767,72,0.371296281
4/1/2022,THEFT,18000,37,-0.371296281
4/1/2022,VEHICLE OFFENCES,8450,0,-0.371296281
4/1/2022,VIOLENCE AGAINST THE PERSON,18663,122,0.371296281
5/1/2022,ARSON AND CRIMINAL DAMAGE,4546,6,-0.33729932
5/1/2022,BURGLARY,4405,6,-0.33729932
5/1/2022,DOMESTIC ABUSE,9873,4,-0.33729932
5/1/2022,DRUG OFFENCES,3903,79,0.33729932
5/1/2022,GUN CRIME,153,25,0.33729932
5/1/2022,HATE CRIME,6430,32,-0.33729932
5/1/2022,KNIFE CRIME,1527,72,0.33729932
5/1/2022,LETHAL BARREL DISCHARGE,19,26,0.33729932
5/1/2022,MISCELLANEOUS,4042,0,-0.33729932
5/1/2022,MISCELLANEOUS CRIMES AGAINST SOCIETY,1067,4,-0.33729932
5/1/2022,POSSESSION OF WEAPONS,541,39,0.33729932
5/1/2022,PUBLIC ORDER OFFENCES,5097,1,-0.33729932
5/1/2022,ROBBERY,2379,11,-0.33729932
5/1/2022,SEXUAL OFFENCES,2107,101,0.33729932
5/1/2022,THEFT,19202,22,-0.33729932
5/1/2022,VEHICLE OFFENCES,8605,5,-0.33729932
5/1/2022,VIOLENCE AGAINST THE PERSON,21068,142,0.33729932
6/1/2022,ARSON AND CRIMINAL DAMAGE,4434,13,-0.31887359
6/1/2022,BURGLARY,4095,10,-0.31887359
6/1/2022,DOMESTIC ABUSE,9635,4,-0.31887359
6/1/2022,DRUG OFFENCES,3572,59,0.31887359
6/1/2022,FRAUD AND FORGERY,0,30,0.31887359
6/1/2022,GUN CRIME,130,23,0.31887359
6/1/2022,HATE CRIME,6306,26,-0.31887359
6/1/2022,KNIFE CRIME,1519,54,0.31887359
6/1/2022,LETHAL BARREL DISCHARGE,23,41,0.31887359
6/1/2022,MISCELLANEOUS,3726,0,-0.31887359
6/1/2022,MISCELLANEOUS CRIMES AGAINST SOCIETY,1009,1,-0.31887359
6/1/2022,POSSESSION OF WEAPONS,557,28,0.31887359
6/1/2022,PUBLIC ORDER OFFENCES,5072,3,-0.31887359
6/1/2022,ROBBERY,2320,33,0.31887359
6/1/2022,SEXUAL OFFENCES,1967,77,0.31887359
6/1/2022,THEFT,18951,26,-0.31887359
6/1/2022,VEHICLE OFFENCES,8775,6,-0.31887359
6/1/2022,VIOLENCE AGAINST THE PERSON,19986,129,0.31887359
7/1/2022,ARSON AND CRIMINAL DAMAGE,4641,27,0.28682851
7/1/2022,BURGLARY,3691,6,-0.28682851
7/1/2022,DOMESTIC ABUSE,10315,3,-0.28682851
7/1/2022,DRUG OFFENCES,3757,49,0.28682851
7/1/2022,GUN CRIME,175,8,0.28682851
7/1/2022,HATE CRIME,6672,21,-0.28682851
7/1/2022,KNIFE CRIME,1615,70,0.28682851
7/1/2022,LETHAL BARREL DISCHARGE,28,42,0.28682851
7/1/2022,MISCELLANEOUS,3881,0,-0.28682851
7/1/2022,MISCELLANEOUS CRIMES AGAINST SOCIETY,1069,5,-0.28682851
7/1/2022,POSSESSION OF WEAPONS,520,24,0.28682851
7/1/2022,PUBLIC ORDER OFFENCES,5243,2,-0.28682851
7/1/2022,ROBBERY,2342,19,0.28682851
7/1/2022,SEXUAL OFFENCES,2164,65,0.28682851
7/1/2022,THEFT,19749,34,-0.28682851
7/1/2022,VEHICLE OFFENCES,8694,4,-0.28682851
7/1/2022,VIOLENCE AGAINST THE PERSON,20731,108,0.28682851
8/1/2022,ARSON AND CRIMINAL DAMAGE,4560,22,-0.365941777
8/1/2022,BURGLARY,4116,4,-0.365941777
8/1/2022,DOMESTIC ABUSE,10108,6,-0.365941777
8/1/2022,DRUG OFFENCES,3719,47,0.365941777
8/1/2022,FRAUD AND FORGERY,0,32,0.365941777
8/1/2022,GUN CRIME,189,17,0.365941777
8/1/2022,HATE CRIME,6157,15,-0.365941777
8/1/2022,KNIFE CRIME,1625,165,0.365941777
8/1/2022,LETHAL BARREL DISCHARGE,39,44,0.365941777
8/1/2022,MISCELLANEOUS,3147,0,-0.365941777
8/1/2022,MISCELLANEOUS CRIMES AGAINST SOCIETY,1062,5,-0.365941777
8/1/2022,POSSESSION OF WEAPONS,565,34,0.365941777
8/1/2022,PUBLIC ORDER OFFENCES,5036,1,-0.365941777
8/1/2022,ROBBERY,2244,7,-0.365941777
8/1/2022,SEXUAL OFFENCES,1919,29,0.365941777
8/1/2022,THEFT,18817,29,-0.365941777
8/1/2022,VEHICLE OFFENCES,8966,6,-0.365941777
8/1/2022,VIOLENCE AGAINST THE PERSON,19912,111,-0.365941777
9/1/2022,ARSON AND CRIMINAL DAMAGE,4122,4,-0.400635417
9/1/2022,BURGLARY,4395,5,-0.400635417
9/1/2022,DOMESTIC ABUSE,9285,2,-0.400635417
9/1/2022,DRUG OFFENCES,3108,39,0.400635417
9/1/2022,FRAUD AND FORGERY,3,17,0.400635417
9/1/2022,GUN CRIME,131,35,0.400635417
9/1/2022,HATE CRIME,5270,27,-0.400635417
9/1/2022,KNIFE CRIME,1568,73,0.400635417
9/1/2022,LETHAL BARREL DISCHARGE,22,83,0.400635417
9/1/2022,MISCELLANEOUS,2909,0,-0.400635417
9/1/2022,MISCELLANEOUS CRIMES AGAINST SOCIETY,918,0,-0.400635417
9/1/2022,POSSESSION OF WEAPONS,521,50,0.400635417
9/1/2022,PUBLIC ORDER OFFENCES,4415,3,-0.400635417
9/1/2022,ROBBERY,2081,12,-0.400635417
9/1/2022,SEXUAL OFFENCES,1884,32,0.400635417
9/1/2022,THEFT,17557,24,-0.400635417
9/1/2022,VEHICLE OFFENCES,9144,3,-0.400635417
9/1/2022,VIOLENCE AGAINST THE PERSON,18912,90,-0.400635417
10/1/2022,ARSON AND CRIMINAL DAMAGE,4522,4,-0.348478116
10/1/2022,BURGLARY,4584,8,-0.348478116
10/1/2022,DOMESTIC ABUSE,9812,1,-0.348478116
10/1/2022,DRUG OFFENCES,3488,45,0.348478116
10/1/2022,FRAUD AND FORGERY,0,9,0.348478116
10/1/2022,GUN CRIME,207,11,0.348478116
10/1/2022,HATE CRIME,5795,28,-0.348478116
10/1/2022,KNIFE CRIME,1940,104,0.348478116
10/1/2022,LETHAL BARREL DISCHARGE,26,63,0.348478116
10/1/2022,MISCELLANEOUS,4818,3,-0.348478116
10/1/2022,MISCELLANEOUS CRIMES AGAINST SOCIETY,1016,3,-0.348478116
10/1/2022,POSSESSION OF WEAPONS,541,28,0.348478116
10/1/2022,PUBLIC ORDER OFFENCES,4696,0,-0.348478116
10/1/2022,ROBBERY,2634,20,0.348478116
10/1/2022,SEXUAL OFFENCES,1938,69,0.348478116
10/1/2022,THEFT,21127,36,-0.348478116
10/1/2022,VEHICLE OFFENCES,9718,4,-0.348478116
10/1/2022,VIOLENCE AGAINST THE PERSON,19753,117,0.348478116
11/1/2022,ARSON AND CRIMINAL DAMAGE,4325,6,-0.350230871
11/1/2022,BURGLARY,4728,7,-0.350230871
11/1/2022,DOMESTIC ABUSE,9177,3,-0.350230871
11/1/2022,DRUG OFFENCES,3489,57,0.350230871
11/1/2022,FRAUD AND FORGERY,0,18,0.350230871
11/1/2022,GUN CRIME,112,9,0.350230871
11/1/2022,HATE CRIME,5591,53,0.350230871
11/1/2022,KNIFE CRIME,1616,106,0.350230871
11/1/2022,LETHAL BARREL DISCHARGE,11,25,0.350230871
11/1/2022,MISCELLANEOUS,4821,0,-0.350230871
11/1/2022,MISCELLANEOUS CRIMES AGAINST SOCIETY,968,0,-0.350230871
11/1/2022,POSSESSION OF WEAPONS,493,25,0.350230871
11/1/2022,PUBLIC ORDER OFFENCES,4488,7,-0.350230871
11/1/2022,ROBBERY,2424,10,-0.350230871
11/1/2022,SEXUAL OFFENCES,1911,59,0.350230871
11/1/2022,THEFT,21659,21,-0.350230871
11/1/2022,VEHICLE OFFENCES,9535,2,-0.350230871
11/1/2022,VIOLENCE AGAINST THE PERSON,19379,127,0.350230871
12/1/2022,ARSON AND CRIMINAL DAMAGE,3997,2,-0.331613695
12/1/2022,BURGLARY,4458,5,-0.331613695
12/1/2022,DOMESTIC ABUSE,9565,4,-0.331613695
12/1/2022,DRUG OFFENCES,2892,42,0.331613695
12/1/2022,FRAUD AND FORGERY,3,18,0.331613695
12/1/2022,GUN CRIME,118,7,0.331613695
12/1/2022,HATE CRIME,4751,37,0.331613695
12/1/2022,KNIFE CRIME,1453,61,0.331613695
12/1/2022,LETHAL BARREL DISCHARGE,19,16,0.331613695
12/1/2022,MISCELLANEOUS,5061,1,-0.331613695
12/1/2022,MISCELLANEOUS CRIMES AGAINST SOCIETY,817,4,0.331613695
12/1/2022,POSSESSION OF WEAPONS,377,15,0.331613695
12/1/2022,PUBLIC ORDER OFFENCES,3827,2,-0.331613695
12/1/2022,ROBBERY,2255,13,0.331613695
12/1/2022,SEXUAL OFFENCES,1596,46,0.331613695
12/1/2022,THEFT,21066,27,-0.331613695
12/1/2022,VEHICLE OFFENCES,8004,0,-0.331613695
12/1/2022,VIOLENCE AGAINST THE PERSON,17842,83,0.331613695
1/1/2023,ARSON AND CRIMINAL DAMAGE,4228,13,-0.368887693
1/1/2023,BURGLARY,4995,10,-0.368887693
1/1/2023,DOMESTIC ABUSE,9667,6,-0.368887693
1/1/2023,DRUG OFFENCES,3782,70,0.368887693
1/1/2023,FRAUD AND FORGERY,0,24,0.368887693
1/1/2023,GUN CRIME,176,18,0.368887693
1/1/2023,HATE CRIME,5156,43,0.368887693
1/1/2023,KNIFE CRIME,1623,74,0.368887693
1/1/2023,LETHAL BARREL DISCHARGE,25,101,0.368887693
1/1/2023,MISCELLANEOUS,4968,0,-0.368887693
1/1/2023,MISCELLANEOUS CRIMES AGAINST SOCIETY,1008,1,-0.368887693
1/1/2023,POSSESSION OF WEAPONS,580,39,0.368887693
1/1/2023,PUBLIC ORDER OFFENCES,4054,2,-0.368887693
1/1/2023,ROBBERY,2545,45,0.368887693
1/1/2023,SEXUAL OFFENCES,1833,136,0.368887693
1/1/2023,THEFT,20643,26,-0.368887693
1/1/2023,VEHICLE OFFENCES,9070,7,-0.368887693
1/1/2023,VIOLENCE AGAINST THE PERSON,18740,156,0.368887693
2/1/2023,ARSON AND CRIMINAL DAMAGE,4050,5,-0.345639237
2/1/2023,BURGLARY,4439,8,-0.345639237
2/1/2023,DOMESTIC ABUSE,8690,2,-0.345639237
2/1/2023,DRUG OFFENCES,3121,46,0.345639237
2/1/2023,FRAUD AND FORGERY,1,16,0.345639237
2/1/2023,GUN CRIME,139,14,0.345639237
2/1/2023,HATE CRIME,5184,22,-0.345639237
2/1/2023,KNIFE CRIME,1691,61,0.345639237
2/1/2023,LETHAL BARREL DISCHARGE,17,33,0.345639237
2/1/2023,MISCELLANEOUS,5241,1,-0.345639237
2/1/2023,MISCELLANEOUS CRIMES AGAINST SOCIETY,934,1,-0.345639237
2/1/2023,POSSESSION OF WEAPONS,474,30,0.345639237
2/1/2023,PUBLIC ORDER OFFENCES,4027,5,-0.345639237
2/1/2023,ROBBERY,2604,25,0.345639237
2/1/2023,SEXUAL OFFENCES,1696,111,0.345639237
2/1/2023,THEFT,20042,26,-0.345639237
2/1/2023,VEHICLE OFFENCES,8145,7,-0.345639237
2/1/2023,VIOLENCE AGAINST THE PERSON,17972,95,-0.345639237
3/1/2023,ARSON AND CRIMINAL DAMAGE,4421,15,-0.330942247
3/1/2023,BURGLARY,4660,4,-0.330942247
3/1/2023,DOMESTIC ABUSE,9320,11,-0.330942247
3/1/2023,DRUG OFFENCES,3292,72,0.330942247
3/1/2023,FRAUD AND FORGERY,0,16,0.330942247
3/1/2023,GUN CRIME,129,29,0.330942247
3/1/2023,HATE CRIME,5724,38,-0.330942247
3/1/2023,KNIFE CRIME,1607,58,0.330942247
3/1/2023,LETHAL BARREL DISCHARGE,14,44,0.330942247
3/1/2023,MISCELLANEOUS,4906,0,-0.330942247
3/1/2023,MISCELLANEOUS CRIMES AGAINST SOCIETY,1031,1,-0.330942247
3/1/2023,POSSESSION OF WEAPONS,563,43,0.330942247
3/1/2023,PUBLIC ORDER OFFENCES,4659,3,-0.330942247
3/1/2023,ROBBERY,2528,62,0.330942247
3/1/2023,SEXUAL OFFENCES,1941,79,0.330942247
3/1/2023,THEFT,22038,43,-0.330942247
3/1/2023,VEHICLE OFFENCES,8765,0,-0.330942247
3/1/2023,VIOLENCE AGAINST THE PERSON,19639,122,-0.330942247
4/1/2023,ARSON AND CRIMINAL DAMAGE,4410,25,-0.330970644
4/1/2023,BURGLARY,4387,21,-0.330970644
4/1/2023,DOMESTIC ABUSE,9976,5,-0.330970644
4/1/2023,DRUG OFFENCES,3061,74,0.330970644
4/1/2023,GUN CRIME,141,17,0.330970644
4/1/2023,HATE CRIME,5790,49,0.330970644
4/1/2023,KNIFE CRIME,1617,94,0.330970644
4/1/2023,LETHAL BARREL DISCHARGE,17,77,0.330970644
4/1/2023,MISCELLANEOUS,5147,1,-0.330970644
4/1/2023,MISCELLANEOUS CRIMES AGAINST SOCIETY,875,1,-0.330970644
4/1/2023,POSSESSION OF WEAPONS,534,41,0.330970644
4/1/2023,PUBLIC ORDER OFFENCES,4416,2,-0.330970644
4/1/2023,ROBBERY,2493,29,0.330970644
4/1/2023,SEXUAL OFFENCES,1731,101,0.330970644
4/1/2023,THEFT,20855,41,-0.330970644
4/1/2023,VEHICLE OFFENCES,7901,2,-0.330970644
4/1/2023,VIOLENCE AGAINST THE PERSON,19259,119,-0.330970644
5/1/2023,ARSON AND CRIMINAL DAMAGE,4985,7,-0.406717496
5/1/2023,BURGLARY,4533,7,-0.406717496
5/1/2023,DOMESTIC ABUSE,10202,4,-0.406717496
5/1/2023,DRUG OFFENCES,3183,95,0.406717496
5/1/2023,FRAUD AND FORGERY,0,48,0.406717496
5/1/2023,GUN CRIME,140,32,0.406717496
5/1/2023,HATE CRIME,6738,31,-0.406717496
5/1/2023,KNIFE CRIME,1731,181,0.406717496
5/1/2023,LETHAL BARREL DISCHARGE,24,87,0.406717496
5/1/2023,MISCELLANEOUS,5104,1,-0.406717496
5/1/2023,MISCELLANEOUS CRIMES AGAINST SOCIETY,869,3,-0.406717496
5/1/2023,POSSESSION OF WEAPONS,522,69,0.406717496
5/1/2023,PUBLIC ORDER OFFENCES,5241,2,-0.406717496
5/1/2023,ROBBERY,2824,12,-0.406717496
5/1/2023,SEXUAL OFFENCES,2098,106,0.406717496
5/1/2023,THEFT,22974,38,-0.406717496
5/1/2023,VEHICLE OFFENCES,8634,9,-0.406717496
5/1/2023,VIOLENCE AGAINST THE PERSON,21303,179,-0.406717496
6/1/2023,ARSON AND CRIMINAL DAMAGE,4963,7,-0.362321452
6/1/2023,BURGLARY,4391,24,-0.362321452
6/1/2023,DOMESTIC ABUSE,10706,1,-0.362321452
6/1/2023,DRUG OFFENCES,3436,79,0.362321452
6/1/2023,FRAUD AND FORGERY,0,29,0.362321452
6/1/2023,GUN CRIME,149,25,0.362321452
6/1/2023,HATE CRIME,6946,37,-0.362321452
6/1/2023,KNIFE CRIME,1786,167,0.362321452
6/1/2023,LETHAL BARREL DISCHARGE,14,61,0.362321452
6/1/2023,MISCELLANEOUS,4695,0,-0.362321452
6/1/2023,MISCELLANEOUS CRIMES AGAINST SOCIETY,858,6,-0.362321452
6/1/2023,POSSESSION OF WEAPONS,614,50,0.362321452
6/1/2023,PUBLIC ORDER OFFENCES,5608,8,-0.362321452
6/1/2023,ROBBERY,2779,21,-0.362321452
6/1/2023,SEXUAL OFFENCES,1992,107,0.362321452
6/1/2023,THEFT,23608,35,-0.362321452
6/1/2023,VEHICLE OFFENCES,8160,6,-0.362321452
6/1/2023,VIOLENCE AGAINST THE PERSON,22496,185,0.362321452
7/1/2023,ARSON AND CRIMINAL DAMAGE,5039,13,-0.341124429
7/1/2023,BURGLARY,4954,14,-0.341124429
7/1/2023,DOMESTIC ABUSE,10466,4,-0.341124429
7/1/2023,DRUG OFFENCES,3490,102,0.341124429
7/1/2023,FRAUD AND FORGERY,0,18,0.341124429
7/1/2023,GUN CRIME,141,30,0.341124429
7/1/2023,HATE CRIME,6770,37,-0.341124429
7/1/2023,KNIFE CRIME,1851,147,0.341124429
7/1/2023,LETHAL BARREL DISCHARGE,13,38,0.341124429
7/1/2023,MISCELLANEOUS,4537,0,-0.341124429
7/1/2023,MISCELLANEOUS CRIMES AGAINST SOCIETY,817,0,-0.341124429
7/1/2023,POSSESSION OF WEAPONS,638,53,0.341124429
7/1/2023,PUBLIC ORDER OFFENCES,5385,4,-0.341124429
7/1/2023,ROBBERY,2753,34,0.341124429
7/1/2023,SEXUAL OFFENCES,2024,97,0.341124429
7/1/2023,THEFT,23610,44,-0.341124429
7/1/2023,VEHICLE OFFENCES,8379,4,-0.341124429
7/1/2023,VIOLENCE AGAINST THE PERSON,21929,176,0.341124429
8/1/2023,ARSON AND CRIMINAL DAMAGE,4890,21,-0.296075703
8/1/2023,BURGLARY,5486,16,-0.296075703
8/1/2023,DOMESTIC ABUSE,10053,4,-0.296075703
8/1/2023,DRUG OFFENCES,3673,83,0.296075703
8/1/2023,FRAUD AND FORGERY,2,29,0.296075703
8/1/2023,GUN CRIME,148,7,0.296075703
8/1/2023,HATE CRIME,6469,69,0.296075703
8/1/2023,KNIFE CRIME,1888,188,0.296075703
8/1/2023,LETHAL BARREL DISCHARGE,18,43,0.296075703
8/1/2023,MISCELLANEOUS,4424,1,-0.296075703
8/1/2023,MISCELLANEOUS CRIMES AGAINST SOCIETY,836,0,-0.296075703
8/1/2023,POSSESSION OF WEAPONS,595,23,0.296075703
8/1/2023,PUBLIC ORDER OFFENCES,4892,10,-0.296075703
8/1/2023,ROBBERY,2540,20,-0.296075703
8/1/2023,SEXUAL OFFENCES,1862,76,0.296075703
8/1/2023,THEFT,22202,79,-0.296075703
8/1/2023,VEHICLE OFFENCES,8350,1,-0.296075703
8/1/2023,VIOLENCE AGAINST THE PERSON,20470,147,-0.296075703
9/1/2023,ARSON AND CRIMINAL DAMAGE,5013,12,-0.361986759
9/1/2023,BURGLARY,6016,27,-0.361986759
9/1/2023,DOMESTIC ABUSE,10016,8,-0.361986759
9/1/2023,DRUG OFFENCES,3211,84,0.361986759
9/1/2023,FRAUD AND FORGERY,1,25,0.361986759
9/1/2023,GUN CRIME,174,46,0.361986759
9/1/2023,HATE CRIME,6681,30,-0.361986759
9/1/2023,KNIFE CRIME,1831,202,0.361986759
9/1/2023,LETHAL BARREL DISCHARGE,12,54,0.361986759
9/1/2023,MISCELLANEOUS,4627,0,-0.361986759
9/1/2023,MISCELLANEOUS CRIMES AGAINST SOCIETY,844,2,-0.361986759
9/1/2023,POSSESSION OF WEAPONS,507,93,0.361986759
9/1/2023,PUBLIC ORDER OFFENCES,5302,4,-0.361986759
9/1/2023,ROBBERY,2760,20,-0.361986759
9/1/2023,SEXUAL OFFENCES,2058,105,0.361986759
9/1/2023,THEFT,21757,55,-0.361986759
9/1/2023,VEHICLE OFFENCES,8843,4,-0.361986759
9/1/2023,VIOLENCE AGAINST THE PERSON,21055,183,-0.361986759
10/1/2023,ARSON AND CRIMINAL DAMAGE,4610,18,-0.302768584
10/1/2023,BURGLARY,5796,18,-0.302768584
10/1/2023,DOMESTIC ABUSE,8974,8,-0.302768584
10/1/2023,DRUG OFFENCES,2794,75,0.302768584
10/1/2023,FRAUD AND FORGERY,1,33,0.302768584
10/1/2023,GUN CRIME,111,29,0.302768584
10/1/2023,HATE CRIME,8610,120,0.302768584
10/1/2023,KNIFE CRIME,1521,128,0.302768584
10/1/2023,LETHAL BARREL DISCHARGE,25,41,0.302768584
10/1/2023,MISCELLANEOUS,5448,0,-0.302768584
10/1/2023,MISCELLANEOUS CRIMES AGAINST SOCIETY,785,0,-0.302768584
10/1/2023,POSSESSION OF WEAPONS,454,63,0.302768584
10/1/2023,PUBLIC ORDER OFFENCES,4861,5,-0.302768584
10/1/2023,ROBBERY,2622,31,0.302768584
10/1/2023,SEXUAL OFFENCES,1752,83,0.302768584
10/1/2023,THEFT,23130,55,-0.302768584
10/1/2023,VEHICLE OFFENCES,8786,4,-0.302768584
10/1/2023,VIOLENCE AGAINST THE PERSON,19715,292,0.302768584
11/1/2023,ARSON AND CRIMINAL DAMAGE,4592,12,-0.267325632
11/1/2023,BURGLARY,6680,15,-0.267325632
11/1/2023,DOMESTIC ABUSE,8919,6,-0.267325632
11/1/2023,DRUG OFFENCES,2884,71,0.267325632
11/1/2023,FRAUD AND FORGERY,1,29,0.267325632
11/1/2023,GUN CRIME,156,27,0.267325632
11/1/2023,HATE CRIME,8618,157,0.267325632
11/1/2023,KNIFE CRIME,1951,60,0.267325632
11/1/2023,LETHAL BARREL DISCHARGE,12,35,0.267325632
11/1/2023,MISCELLANEOUS,7689,0,-0.267325632
11/1/2023,MISCELLANEOUS CRIMES AGAINST SOCIETY,776,9,0.267325632
11/1/2023,POSSESSION OF WEAPONS,424,35,0.267325632
11/1/2023,PUBLIC ORDER OFFENCES,4883,14,-0.267325632
11/1/2023,ROBBERY,3087,25,0.267325632
11/1/2023,SEXUAL OFFENCES,1747,53,0.267325632
11/1/2023,THEFT,26061,53,-0.267325632
11/1/2023,VEHICLE OFFENCES,8903,10,-0.267325632
11/1/2023,VIOLENCE AGAINST THE PERSON,19880,171,0.267325632
12/1/2023,ARSON AND CRIMINAL DAMAGE,4706,36,0.328171558
12/1/2023,BURGLARY,7295,13,-0.328171558
12/1/2023,DOMESTIC ABUSE,9947,5,-0.328171558
12/1/2023,DRUG OFFENCES,2608,86,0.328171558
12/1/2023,FRAUD AND FORGERY,2,23,0.328171558
12/1/2023,GUN CRIME,146,16,0.328171558
12/1/2023,HATE CRIME,6927,59,0.328171558
12/1/2023,KNIFE CRIME,1914,134,0.328171558
12/1/2023,LETHAL BARREL DISCHARGE,15,68,0.328171558
12/1/2023,MISCELLANEOUS,7485,1,-0.328171558
12/1/2023,MISCELLANEOUS CRIMES AGAINST SOCIETY,656,0,-0.328171558
12/1/2023,POSSESSION OF WEAPONS,452,43,0.328171558
12/1/2023,PUBLIC ORDER OFFENCES,4506,4,-0.328171558
12/1/2023,ROBBERY,3139,35,0.328171558
12/1/2023,SEXUAL OFFENCES,1711,33,0.328171558
12/1/2023,THEFT,24672,49,-0.328171558
12/1/2023,VEHICLE OFFENCES,8361,5,-0.328171558
12/1/2023,VIOLENCE AGAINST THE PERSON,20298,130,-0.328171558
1/1/2024,ARSON AND CRIMINAL DAMAGE,4793,22,-0.388620161
1/1/2024,BURGLARY,6886,10,-0.388620161
1/1/2024,DOMESTIC ABUSE,9287,1,-0.388620161
1/1/2024,DRUG OFFENCES,2956,63,0.388620161
1/1/2024,FRAUD AND FORGERY,0,21,0.388620161
1/1/2024,GUN CRIME,144,8,0.388620161
1/1/2024,HATE CRIME,6276,49,0.388620161
1/1/2024,KNIFE CRIME,1749,186,0.388620161
1/1/2024,LETHAL BARREL DISCHARGE,22,49,0.388620161
1/1/2024,MISCELLANEOUS,6539,0,-0.388620161
1/1/2024,MISCELLANEOUS CRIMES AGAINST SOCIETY,786,1,-0.388620161
1/1/2024,POSSESSION OF WEAPONS,484,72,0.388620161
1/1/2024,PUBLIC ORDER OFFENCES,4146,1,-0.388620161
1/1/2024,ROBBERY,2908,29,0.388620161
1/1/2024,SEXUAL OFFENCES,1723,54,0.388620161
1/1/2024,THEFT,22694,43,-0.388620161
1/1/2024,VEHICLE OFFENCES,8806,2,-0.388620161
1/1/2024,VIOLENCE AGAINST THE PERSON,19431,116,-0.388620161
2/1/2024,ARSON AND CRIMINAL DAMAGE,4503,18,-0.304596094
2/1/2024,BURGLARY,6220,10,-0.304596094
2/1/2024,DOMESTIC ABUSE,8662,0,-0.304596094
2/1/2024,DRUG OFFENCES,2786,69,0.304596094
2/1/2024,FRAUD AND FORGERY,2,28,0.304596094
2/1/2024,GUN CRIME,171,14,0.304596094
2/1/2024,HATE CRIME,6050,79,0.304596094
2/1/2024,KNIFE CRIME,1729,103,0.304596094
2/1/2024,LETHAL BARREL DISCHARGE,5,27,0.304596094
2/1/2024,MISCELLANEOUS,7061,0,-0.304596094
2/1/2024,MISCELLANEOUS CRIMES AGAINST SOCIETY,703,1,-0.304596094
2/1/2024,POSSESSION OF WEAPONS,446,32,0.304596094
2/1/2024,PUBLIC ORDER OFFENCES,4395,8,-0.304596094
2/1/2024,ROBBERY,2676,29,0.304596094
2/1/2024,SEXUAL OFFENCES,1820,67,0.304596094
2/1/2024,THEFT,24437,49,-0.304596094
2/1/2024,VEHICLE OFFENCES,8032,8,-0.304596094
2/1/2024,VIOLENCE AGAINST THE PERSON,19250,383,0.304596094
3/1/2024,ARSON AND CRIMINAL DAMAGE,4521,20,-0.342643711
3/1/2024,BURGLARY,7246,19,-0.342643711
3/1/2024,DOMESTIC ABUSE,8072,3,-0.342643711
3/1/2024,DRUG OFFENCES,2712,77,0.342643711
3/1/2024,FRAUD AND FORGERY,27,22,0.342643711
3/1/2024,GUN CRIME,183,23,0.342643711
3/1/2024,HATE CRIME,5231,71,0.342643711
3/1/2024,KNIFE CRIME,1974,120,0.342643711
3/1/2024,LETHAL BARREL DISCHARGE,8,80,0.342643711
3/1/2024,MISCELLANEOUS,7330,0,-0.342643711
3/1/2024,MISCELLANEOUS CRIMES AGAINST SOCIETY,723,0,-0.342643711
3/1/2024,POSSESSION OF WEAPONS,431,49,0.342643711
3/1/2024,PUBLIC ORDER OFFENCES,4370,4,-0.342643711
3/1/2024,ROBBERY,2841,24,0.342643711
3/1/2024,SEXUAL OFFENCES,1834,73,0.342643711
3/1/2024,THEFT,25929,62,-0.342643711
3/1/2024,VEHICLE OFFENCES,8682,3,-0.342643711
3/1/2024,VIOLENCE AGAINST THE PERSON,18735,129,-0.342643711
4/1/2024,ARSON AND CRIMINAL DAMAGE,4533,15,-0.353252155
4/1/2024,BURGLARY,6258,16,-0.353252155
4/1/2024,DOMESTIC ABUSE,8124,0,-0.353252155
4/1/2024,DRUG OFFENCES,2633,85,0.353252155
4/1/2024,FRAUD AND FORGERY,23,45,0.353252155
4/1/2024,GUN CRIME,143,11,0.353252155
4/1/2024,HATE CRIME,5101,56,0.353252155
4/1/2024,KNIFE CRIME,1783,171,0.353252155
4/1/2024,LETHAL BARREL DISCHARGE,15,32,0.353252155
4/1/2024,MISCELLANEOUS,6703,2,-0.353252155
4/1/2024,MISCELLANEOUS CRIMES AGAINST SOCIETY,740,1,-0.353252155
4/1/2024,POSSESSION OF WEAPONS,358,45,0.353252155
4/1/2024,PUBLIC ORDER OFFENCES,4265,4,-0.353252155
4/1/2024,ROBBERY,2664,26,0.353252155
4/1/2024,SEXUAL OFFENCES,1916,69,0.353252155
4/1/2024,THEFT,25913,51,-0.353252155
4/1/2024,VEHICLE OFFENCES,8858,3,-0.353252155
4/1/2024,VIOLENCE AGAINST THE PERSON,17818,198,0.353252155
5/1/2024,ARSON AND CRIMINAL DAMAGE,4703,9,-0.337061071
5/1/2024,BURGLARY,5997,17,-0.337061071
5/1/2024,DOMESTIC ABUSE,8847,4,-0.337061071
5/1/2024,DRUG OFFENCES,2965,57,0.337061071
5/1/2024,FRAUD AND FORGERY,22,37,0.337061071
5/1/2024,GUN CRIME,203,12,0.337061071
5/1/2024,HATE CRIME,5662,46,-0.337061071
5/1/2024,KNIFE CRIME,2180,178,0.337061071
5/1/2024,LETHAL BARREL DISCHARGE,19,75,0.337061071
5/1/2024,MISCELLANEOUS,5769,1,-0.337061071
5/1/2024,MISCELLANEOUS CRIMES AGAINST SOCIETY,784,0,-0.337061071
5/1/2024,POSSESSION OF WEAPONS,461,56,0.337061071
5/1/2024,PUBLIC ORDER OFFENCES,4965,4,-0.337061071
5/1/2024,ROBBERY,3132,49,0.337061071
5/1/2024,SEXUAL OFFENCES,2126,51,0.337061071
5/1/2024,THEFT,25683,52,-0.337061071
5/1/2024,VEHICLE OFFENCES,8947,3,-0.337061071
5/1/2024,VIOLENCE AGAINST THE PERSON,20300,256,0.337061071
6/1/2024,ARSON AND CRIMINAL DAMAGE,4758,12,-0.296337141
6/1/2024,BURGLARY,5831,15,-0.296337141
6/1/2024,DOMESTIC ABUSE,8845,0,-0.296337141
6/1/2024,DRUG OFFENCES,2897,57,0.296337141
6/1/2024,FRAUD AND FORGERY,17,12,0.296337141
6/1/2024,GUN CRIME,182,17,0.296337141
6/1/2024,HATE CRIME,5613,23,-0.296337141
6/1/2024,KNIFE CRIME,1953,68,0.296337141
6/1/2024,LETHAL BARREL DISCHARGE,19,38,0.296337141
6/1/2024,MISCELLANEOUS,5755,2,-0.296337141
6/1/2024,MISCELLANEOUS CRIMES AGAINST SOCIETY,844,0,-0.296337141
6/1/2024,POSSESSION OF WEAPONS,410,57,0.296337141
6/1/2024,PUBLIC ORDER OFFENCES,4941,3,-0.296337141
6/1/2024,ROBBERY,2894,32,0.296337141
6/1/2024,SEXUAL OFFENCES,2233,51,0.296337141
6/1/2024,THEFT,26401,56,-0.296337141
6/1/2024,VEHICLE OFFENCES,8496,5,-0.296337141
6/1/2024,VIOLENCE AGAINST THE PERSON,19985,143,0.296337141
7/1/2024,ARSON AND CRIMINAL DAMAGE,5341,8,-0.347010329
7/1/2024,BURGLARY,6456,26,-0.347010329
7/1/2024,DOMESTIC ABUSE,9212,2,-0.347010329
7/1/2024,DRUG OFFENCES,3066,79,0.347010329
7/1/2024,FRAUD AND FORGERY,11,8,0.347010329
7/1/2024,GUN CRIME,180,18,0.347010329
7/1/2024,HATE CRIME,6116,18,-0.347010329
7/1/2024,KNIFE CRIME,1955,119,0.347010329
7/1/2024,LETHAL BARREL DISCHARGE,12,59,0.347010329
7/1/2024,MISCELLANEOUS,5472,0,-0.347010329
7/1/2024,MISCELLANEOUS CRIMES AGAINST SOCIETY,854,0,-0.347010329
7/1/2024,POSSESSION OF WEAPONS,454,56,0.347010329
7/1/2024,PUBLIC ORDER OFFENCES,5214,8,-0.347010329
7/1/2024,ROBBERY,2752,28,0.347010329
7/1/2024,SEXUAL OFFENCES,2319,70,0.347010329
7/1/2024,THEFT,26860,41,-0.347010329
7/1/2024,VEHICLE OFFENCES,8294,7,-0.347010329
7/1/2024,VIOLENCE AGAINST THE PERSON,20644,116,-0.347010329
8/1/2024,ARSON AND CRIMINAL DAMAGE,5125,44,0.317720185
8/1/2024,BURGLARY,6178,10,-0.317720185
8/1/2024,DOMESTIC ABUSE,9317,7,-0.317720185
8/1/2024,DRUG OFFENCES,3740,52,0.317720185
8/1/2024,FRAUD AND FORGERY,7,27,0.317720185
8/1/2024,GUN CRIME,193,7,0.317720185
8/1/2024,HATE CRIME,6883,54,-0.317720185
8/1/2024,KNIFE CRIME,2003,230,0.317720185
8/1/2024,LETHAL BARREL DISCHARGE,17,31,0.317720185
8/1/2024,MISCELLANEOUS,5429,0,-0.317720185
8/1/2024,MISCELLANEOUS CRIMES AGAINST SOCIETY,919,1,-0.317720185
8/1/2024,POSSESSION OF WEAPONS,499,36,0.317720185
8/1/2024,PUBLIC ORDER OFFENCES,5152,59,0.317720185
8/1/2024,ROBBERY,2839,19,-0.317720185
8/1/2024,SEXUAL OFFENCES,2022,43,0.317720185
8/1/2024,THEFT,26350,33,-0.317720185
8/1/2024,VEHICLE OFFENCES,8258,2,-0.317720185
8/1/2024,VIOLENCE AGAINST THE PERSON,19449,190,0.317720185
9/1/2024,ARSON AND CRIMINAL DAMAGE,4618,13,-0.328697383
9/1/2024,BURGLARY,6483,18,-0.328697383
9/1/2024,DOMESTIC ABUSE,8729,7,-0.328697383
9/1/2024,DRUG OFFENCES,3966,59,0.328697383
9/1/2024,FRAUD AND FORGERY,9,13,0.328697383
9/1/2024,GUN CRIME,206,16,0.328697383
9/1/2024,HATE CRIME,5343,25,-0.328697383
9/1/2024,KNIFE CRIME,1905,128,0.328697383
9/1/2024,LETHAL BARREL DISCHARGE,18,57,0.328697383
9/1/2024,MISCELLANEOUS,5337,0,-0.328697383
9/1/2024,MISCELLANEOUS CRIMES AGAINST SOCIETY,993,0,-0.328697383
9/1/2024,POSSESSION OF WEAPONS,515,51,0.328697383
9/1/2024,PUBLIC ORDER OFFENCES,4708,4,-0.328697383
9/1/2024,ROBBERY,2803,21,0.328697383
9/1/2024,SEXUAL OFFENCES,2092,100,0.328697383
9/1/2024,THEFT,25214,59,-0.328697383
9/1/2024,VEHICLE OFFENCES,7953,0,-0.328697383
9/1/2024,VIOLENCE AGAINST THE PERSON,19190,150,0.328697383
10/1/2024,ARSON AND CRIMINAL DAMAGE,4589,12,-0.363562894
10/1/2024,BURGLARY,7246,10,-0.363562894
10/1/2024,DOMESTIC ABUSE,8550,3,-0.363562894
10/1/2024,DRUG OFFENCES,4250,92,0.363562894
10/1/2024,FRAUD AND FORGERY,8,30,0.363562894
10/1/2024,GUN CRIME,205,29,0.363562894
10/1/2024,HATE CRIME,5351,36,-0.363562894
10/1/2024,KNIFE CRIME,2038,97,0.363562894
10/1/2024,LETHAL BARREL DISCHARGE,14,123,0.363562894
10/1/2024,MISCELLANEOUS,7140,2,-0.363562894
10/1/2024,MISCELLANEOUS CRIMES AGAINST SOCIETY,1053,0,-0.363562894
10/1/2024,POSSESSION OF WEAPONS,512,49,0.363562894
10/1/2024,PUBLIC ORDER OFFENCES,4864,0,-0.363562894
10/1/2024,ROBBERY,3130,37,0.363562894
10/1/2024,SEXUAL OFFENCES,2256,85,0.363562894
10/1/2024,THEFT,28309,63,-0.363562894
10/1/2024,VEHICLE OFFENCES,8447,4,-0.363562894
10/1/2024,VIOLENCE AGAINST THE PERSON,19444,147,-0.363562894
11/1/2024,ARSON AND CRIMINAL DAMAGE,4567,7,-0.304428308
11/1/2024,BURGLARY,7323,16,-0.304428308
11/1/2024,DOMESTIC ABUSE,8551,20,-0.304428308
11/1/2024,DRUG OFFENCES,4432,71,0.304428308
11/1/2024,FRAUD AND FORGERY,1,16,0.304428308
11/1/2024,GUN CRIME,194,23,0.304428308
11/1/2024,HATE CRIME,5218,25,-0.304428308
11/1/2024,KNIFE CRIME,1998,91,0.304428308
11/1/2024,LETHAL BARREL DISCHARGE,20,65,0.304428308
11/1/2024,MISCELLANEOUS,8554,2,-0.304428308
11/1/2024,MISCELLANEOUS CRIMES AGAINST SOCIETY,1002,1,-0.304428308
11/1/2024,POSSESSION OF WEAPONS,455,46,0.304428308
11/1/2024,PUBLIC ORDER OFFENCES,4479,3,-0.304428308
11/1/2024,ROBBERY,2922,47,0.304428308
11/1/2024,SEXUAL OFFENCES,2233,55,0.304428308
11/1/2024,THEFT,28895,53,-0.304428308
11/1/2024,VEHICLE OFFENCES,8104,3,-0.304428308
11/1/2024,VIOLENCE AGAINST THE PERSON,18988,118,0.304428308
12/1/2024,ARSON AND CRIMINAL DAMAGE,4183,10,-0.334063891
12/1/2024,BURGLARY,7289,12,-0.334063891
12/1/2024,DOMESTIC ABUSE,9273,4,-0.334063891
12/1/2024,DRUG OFFENCES,4145,63,0.334063891
12/1/2024,FRAUD AND FORGERY,5,30,0.334063891
12/1/2024,GUN CRIME,193,11,0.334063891
12/1/2024,HATE CRIME,4383,15,-0.334063891
12/1/2024,KNIFE CRIME,1842,73,0.334063891
12/1/2024,LETHAL BARREL DISCHARGE,13,55,0.334063891
12/1/2024,MISCELLANEOUS,7912,2,-0.334063891
12/1/2024,MISCELLANEOUS CRIMES AGAINST SOCIETY,938,5,-0.334063891
12/1/2024,POSSESSION OF WEAPONS,418,29,0.334063891
12/1/2024,PUBLIC ORDER OFFENCES,3974,0,-0.334063891
12/1/2024,ROBBERY,2751,27,0.334063891
12/1/2024,SEXUAL OFFENCES,1997,68,0.334063891
12/1/2024,THEFT,26525,39,-0.334063891
12/1/2024,VEHICLE OFFENCES,7358,4,-0.334063891
12/1/2024,VIOLENCE AGAINST THE PERSON,19074,126,0.334063891
1/1/2025,ARSON AND CRIMINAL DAMAGE,4254,4,-0.308403444
1/1/2025,BURGLARY,7384,16,-0.308403444
1/1/2025,DOMESTIC ABUSE,8900,7,-0.308403444
1/1/2025,DRUG OFFENCES,4415,67,0.308403444
1/1/2025,FRAUD AND FORGERY,4,17,0.308403444
1/1/2025,GUN CRIME,175,6,0.308403444
1/1/2025,HATE CRIME,4542,22,-0.308403444
1/1/2025,KNIFE CRIME,1676,172,0.308403444
1/1/2025,LETHAL BARREL DISCHARGE,12,25,0.308403444
1/1/2025,MISCELLANEOUS,6348,2,-0.308403444
1/1/2025,MISCELLANEOUS CRIMES AGAINST SOCIETY,1028,0,-0.308403444
1/1/2025,POSSESSION OF WEAPONS,424,45,0.308403444
1/1/2025,PUBLIC ORDER OFFENCES,4073,3,-0.308403444
1/1/2025,ROBBERY,2541,36,0.308403444
1/1/2025,SEXUAL OFFENCES,2127,70,0.308403444
1/1/2025,THEFT,23808,60,-0.308403444
1/1/2025,VEHICLE OFFENCES,7567,8,-0.308403444
1/1/2025,VIOLENCE AGAINST THE PERSON,18264,161,0.308403444
2/1/2025,ARSON AND CRIMINAL DAMAGE,4092,6,-0.320861084
2/1/2025,BURGLARY,6351,20,-0.320861084
2/1/2025,DOMESTIC ABUSE,7944,2,-0.320861084
2/1/2025,DRUG OFFENCES,3895,49,0.320861084
2/1/2025,FRAUD AND FORGERY,5,23,0.320861084
2/1/2025,GUN CRIME,169,17,0.320861084
2/1/2025,HATE CRIME,4346,23,-0.320861084
2/1/2025,KNIFE CRIME,1563,77,0.320861084
2/1/2025,LETHAL BARREL DISCHARGE,13,85,0.320861084
2/1/2025,MISCELLANEOUS,6656,7,-0.320861084
2/1/2025,MISCELLANEOUS CRIMES AGAINST SOCIETY,888,0,-0.320861084
2/1/2025,POSSESSION OF WEAPONS,412,50,0.320861084
2/1/2025,PUBLIC ORDER OFFENCES,3753,6,-0.320861084
2/1/2025,ROBBERY,2474,56,0.320861084
2/1/2025,SEXUAL OFFENCES,2005,68,0.320861084
2/1/2025,THEFT,23224,65,-0.320861084
2/1/2025,VEHICLE OFFENCES,7310,3,-0.320861084
2/1/2025,VIOLENCE AGAINST THE PERSON,17275,99,-0.320861084
3/1/2025,ARSON AND CRIMINAL DAMAGE,4569,18,-0.295674681
3/1/2025,BURGLARY,6563,29,-0.295674681
3/1/2025,DOMESTIC ABUSE,9070,8,-0.295674681
3/1/2025,DRUG OFFENCES,4237,82,0.295674681
3/1/2025,FRAUD AND FORGERY,5,25,0.295674681
3/1/2025,GUN CRIME,140,17,0.295674681
3/1/2025,HATE CRIME,5160,18,-0.295674681
3/1/2025,KNIFE CRIME,1691,68,0.295674681
3/1/2025,LETHAL BARREL DISCHARGE,8,67,0.295674681
3/1/2025,MISCELLANEOUS,6885,0,-0.295674681
3/1/2025,MISCELLANEOUS CRIMES AGAINST SOCIETY,1083,1,-0.295674681
3/1/2025,POSSESSION OF WEAPONS,542,40,0.295674681
3/1/2025,PUBLIC ORDER OFFENCES,4562,0,-0.295674681
3/1/2025,ROBBERY,2621,35,0.295674681
3/1/2025,SEXUAL OFFENCES,2125,93,0.295674681
3/1/2025,THEFT,24393,69,-0.295674681
3/1/2025,VEHICLE OFFENCES,7304,5,-0.295674681
3/1/2025,VIOLENCE AGAINST THE PERSON,20176,143,-0.295674681
4/1/2025,ARSON AND CRIMINAL DAMAGE,4677,7,-0.324157137
4/1/2025,BURGLARY,5520,9,-0.324157137
4/1/2025,DOMESTIC ABUSE,8967,4,-0.324157137
4/1/2025,DRUG OFFENCES,4781,73,0.324157137
4/1/2025,FRAUD AND FORGERY,5,12,0.324157137
4/1/2025,GUN CRIME,180,10,0.324157137
4/1/2025,HATE CRIME,5231,19,-0.324157137
4/1/2025,KNIFE CRIME,1831,83,0.324157137
4/1/2025,LETHAL BARREL DISCHARGE,7,35,0.324157137
4/1/2025,MISCELLANEOUS,6304,0,-0.324157137
4/1/2025,MISCELLANEOUS CRIMES AGAINST SOCIETY,1056,1,-0.324157137
4/1/2025,POSSESSION OF WEAPONS,582,30,0.324157137
4/1/2025,PUBLIC ORDER OFFENCES,4493,2,-0.324157137
4/1/2025,ROBBERY,2658,35,0.324157137
4/1/2025,SEXUAL OFFENCES,2102,112,0.324157137
4/1/2025,THEFT,24013,47,-0.324157137
4/1/2025,VEHICLE OFFENCES,6941,2,-0.324157137
4/1/2025,VIOLENCE AGAINST THE PERSON,19426,124,0.324157137
5/1/2025,ARSON AND CRIMINAL DAMAGE,4867,98,0.295951781
5/1/2025,BURGLARY,6116,16,-0.295951781
5/1/2025,DOMESTIC ABUSE,9484,2,-0.295951781
5/1/2025,DRUG OFFENCES,5101,100,0.295951781
5/1/2025,FRAUD AND FORGERY,2,25,0.295951781
5/1/2025,GUN CRIME,158,3,0.295951781
5/1/2025,HATE CRIME,5612,8,-0.295951781
5/1/2025,KNIFE CRIME,1724,82,0.295951781
5/1/2025,LETHAL BARREL DISCHARGE,15,14,0.295951781
5/1/2025,MISCELLANEOUS,5849,1,-0.295951781
5/1/2025,MISCELLANEOUS CRIMES AGAINST SOCIETY,1082,0,-0.295951781
5/1/2025,POSSESSION OF WEAPONS,551,28,0.295951781
5/1/2025,PUBLIC ORDER OFFENCES,4990,3,-0.295951781
5/1/2025,ROBBERY,2841,41,0.295951781
5/1/2025,SEXUAL OFFENCES,2336,89,0.295951781
5/1/2025,THEFT,24918,45,-0.295951781
5/1/2025,VEHICLE OFFENCES,7337,1,-0.295951781
5/1/2025,VIOLENCE AGAINST THE PERSON,20786,242,0.295951781
6/1/2025,ARSON AND CRIMINAL DAMAGE,4837,13,0.266481197
6/1/2025,BURGLARY,5810,5,-0.266481197
6/1/2025,DOMESTIC ABUSE,9674,0,-0.266481197
6/1/2025,DRUG OFFENCES,4519,60,0.266481197
6/1/2025,FRAUD AND FORGERY,3,11,0.266481197
6/1/2025,GUN CRIME,209,5,0.266481197
6/1/2025,HATE CRIME,6136,9,-0.266481197
6/1/2025,KNIFE CRIME,1836,27,0.266481197
6/1/2025,LETHAL BARREL DISCHARGE,22,3,0.266481197
6/1/2025,MISCELLANEOUS,5736,1,-0.266481197
6/1/2025,MISCELLANEOUS CRIMES AGAINST SOCIETY,1108,1,-0.266481197
6/1/2025,POSSESSION OF WEAPONS,611,13,0.266481197
6/1/2025,PUBLIC ORDER OFFENCES,5199,2,-0.266481197
6/1/2025,ROBBERY,2825,20,0.266481197
6/1/2025,SEXUAL OFFENCES,2534,10,0.266481197
6/1/2025,THEFT,24475,20,-0.266481197
6/1/2025,VEHICLE OFFENCES,7008,2,-0.266481197
6/1/2025,VIOLENCE AGAINST THE PERSON,21681,68,0.266481197
7/1/2025,ARSON AND CRIMINAL DAMAGE,5227,22,-0.3093965
7/1/2025,BURGLARY,6074,16,-0.3093965
7/1/2025,DOMESTIC ABUSE,10525,4,-0.3093965
7/1/2025,DRUG OFFENCES,4736,71,0.3093965
7/1/2025,FRAUD AND FORGERY,1,23,0.3093965
7/1/2025,GUN CRIME,175,20,0.3093965
7/1/2025,HATE CRIME,6383,34,-0.3093965
7/1/2025,KNIFE CRIME,1911,110,0.3093965
7/1/2025,LETHAL BARREL DISCHARGE,12,31,0.3093965
7/1/2025,MISCELLANEOUS,5404,2,-0.3093965
7/1/2025,MISCELLANEOUS CRIMES AGAINST SOCIETY,1168,2,-0.3093965
7/1/2025,POSSESSION OF WEAPONS,615,49,0.3093965
7/1/2025,PUBLIC ORDER OFFENCES,5605,3,-0.3093965
7/1/2025,ROBBERY,2897,18,0.3093965
7/1/2025,SEXUAL OFFENCES,2633,98,0.3093965
7/1/2025,THEFT,25683,40,-0.3093965
7/1/2025,VEHICLE OFFENCES,7265,3,-0.3093965
7/1/2025,VIOLENCE AGAINST THE PERSON,22872,130,-0.3093965
8/1/2025,ARSON AND CRIMINAL DAMAGE,4856,20,-0.302532238
8/1/2025,BURGLARY,6404,16,-0.302532238
8/1/2025,DOMESTIC ABUSE,9847,2,-0.302532238
8/1/2025,DRUG OFFENCES,4810,90,0.302532238
8/1/2025,FRAUD AND FORGERY,1,15,0.302532238
8/1/2025,GUN CRIME,132,20,0.302532238
8/1/2025,HATE CRIME,6262,29,-0.302532238
8/1/2025,KNIFE CRIME,1585,72,0.302532238
8/1/2025,LETHAL BARREL DISCHARGE,11,47,0.302532238
8/1/2025,MISCELLANEOUS,5006,3,-0.302532238
8/1/2025,MISCELLANEOUS CRIMES AGAINST SOCIETY,1098,0,-0.302532238
8/1/2025,POSSESSION OF WEAPONS,616,38,0.302532238
8/1/2025,PUBLIC ORDER OFFENCES,5005,10,-0.302532238
8/1/2025,ROBBERY,2745,33,0.302532238
8/1/2025,SEXUAL OFFENCES,2372,135,0.302532238
8/1/2025,THEFT,24255,44,-0.302532238
8/1/2025,VEHICLE OFFENCES,7214,2,-0.302532238
8/1/2025,VIOLENCE AGAINST THE PERSON,20422,184,0.302532238
9/1/2025,ARSON AND CRIMINAL DAMAGE,4507,15,-0.276592087
9/1/2025,BURGLARY,3991,11,-0.276592087
9/1/2025,DOMESTIC ABUSE,8899,3,-0.276592087
9/1/2025,DRUG OFFENCES,4409,72,0.276592087
9/1/2025,FRAUD AND FORGERY,0,18,0.276592087
9/1/2025,GUN CRIME,162,12,0.276592087
9/1/2025,HATE CRIME,6457,36,-0.276592087
9/1/2025,KNIFE CRIME,1570,38,0.276592087
9/1/2025,LETHAL BARREL DISCHARGE,9,56,0.276592087
9/1/2025,MISCELLANEOUS,4746,0,-0.276592087
9/1/2025,MISCELLANEOUS CRIMES AGAINST SOCIETY,969,0,-0.276592087
9/1/2025,POSSESSION OF WEAPONS,533,25,0.276592087
9/1/2025,PUBLIC ORDER OFFENCES,4793,6,-0.276592087
9/1/2025,ROBBERY,2579,23,0.276592087
9/1/2025,SEXUAL OFFENCES,2203,101,0.276592087
9/1/2025,THEFT,22728,51,-0.276592087
9/1/2025,VEHICLE OFFENCES,7254,3,-0.276592087
9/1/2025,VIOLENCE AGAINST THE PERSON,19891,177,0.276592087
10/1/2025,ARSON AND CRIMINAL DAMAGE,4653,23,-0.294400101
10/1/2025,BURGLARY,4268,18,-0.294400101
10/1/2025,DOMESTIC ABUSE,9453,1,-0.294400101
10/1/2025,DRUG OFFENCES,4588,61,0.294400101
10/1/2025,FRAUD AND FORGERY,3,36,0.294400101
10/1/2025,GUN CRIME,163,15,0.294400101
10/1/2025,HATE CRIME,6708,68,0.294400101
10/1/2025,KNIFE CRIME,1671,121,0.294400101
10/1/2025,LETHAL BARREL DISCHARGE,7,52,0.294400101
10/1/2025,MISCELLANEOUS,5165,6,-0.294400101
10/1/2025,MISCELLANEOUS CRIMES AGAINST SOCIETY,1071,5,-0.294400101
10/1/2025,POSSESSION OF WEAPONS,510,39,0.294400101
10/1/2025,PUBLIC ORDER OFFENCES,4846,0,-0.294400101
10/1/2025,ROBBERY,2638,27,0.294400101
10/1/2025,SEXUAL OFFENCES,2235,182,0.294400101
10/1/2025,THEFT,23526,65,-0.294400101
10/1/2025,VEHICLE OFFENCES,7425,8,-0.294400101
10/1/2025,VIOLENCE AGAINST THE PERSON,21204,282,0.294400101
11/1/2025,ARSON AND CRIMINAL DAMAGE,4447,11,-0.379971323
11/1/2025,BURGLARY,4398,9,-0.379971323
11/1/2025,DOMESTIC ABUSE,9139,4,-0.379971323
11/1/2025,DRUG OFFENCES,4437,52,0.379971323
11/1/2025,FRAUD AND FORGERY,8,42,0.379971323
11/1/2025,GUN CRIME,155,8,0.379971323
11/1/2025,HATE CRIME,5568,56,0.379971323
11/1/2025,KNIFE CRIME,1541,248,0.379971323
11/1/2025,LETHAL BARREL DISCHARGE,6,15,0.379971323
11/1/2025,MISCELLANEOUS,6389,1,-0.379971323
11/1/2025,MISCELLANEOUS CRIMES AGAINST SOCIETY,999,3,-0.379971323
11/1/2025,POSSESSION OF WEAPONS,567,59,0.379971323
11/1/2025,PUBLIC ORDER OFFENCES,4449,0,-0.379971323
11/1/2025,ROBBERY,2764,41,0.379971323
11/1/2025,SEXUAL OFFENCES,2176,146,0.379971323
11/1/2025,THEFT,24353,41,-0.379971323
11/1/2025,VEHICLE OFFENCES,7227,6,-0.379971323
11/1/2025,VIOLENCE AGAINST THE PERSON,20191,176,-0.379971323
12/1/2025,ARSON AND CRIMINAL DAMAGE,4184,1,-0.33029525
12/1/2025,BURGLARY,4173,10,-0.33029525
12/1/2025,DOMESTIC ABUSE,9566,0,-0.33029525
12/1/2025,DRUG OFFENCES,4253,38,0.33029525
12/1/2025,GUN CRIME,170,23,0.33029525
12/1/2025,HATE CRIME,4921,61,0.33029525
12/1/2025,KNIFE CRIME,1362,95,0.33029525
12/1/2025,LETHAL BARREL DISCHARGE,9,52,0.33029525
12/1/2025,MISCELLANEOUS,5980,0,-0.33029525
12/1/2025,MISCELLANEOUS CRIMES AGAINST SOCIETY,955,4,-0.33029525
12/1/2025,POSSESSION OF WEAPONS,543,34,0.33029525
12/1/2025,PUBLIC ORDER OFFENCES,4247,0,-0.33029525
12/1/2025,ROBBERY,2579,24,0.33029525
12/1/2025,SEXUAL OFFENCES,2112,79,0.33029525
12/1/2025,THEFT,23925,42,-0.33029525
12/1/2025,VEHICLE OFFENCES,6365,10,-0.33029525
12/1/2025,VIOLENCE AGAINST THE PERSON,20058,189,0.33029525
1/1/2026,ARSON AND CRIMINAL DAMAGE,4260,14,-0.314135169
1/1/2026,BURGLARY,4270,18,-0.314135169
1/1/2026,DOMESTIC ABUSE,9514,0,-0.314135169
1/1/2026,DRUG OFFENCES,4225,48,0.314135169
1/1/2026,FRAUD AND FORGERY,5,26,0.314135169
1/1/2026,GUN CRIME,129,11,0.314135169
1/1/2026,HATE CRIME,4732,24,-0.314135169
1/1/2026,KNIFE CRIME,1516,69,0.314135169
1/1/2026,LETHAL BARREL DISCHARGE,12,30,0.314135169
1/1/2026,MISCELLANEOUS,4929,5,-0.314135169
1/1/2026,MISCELLANEOUS CRIMES AGAINST SOCIETY,1041,2,-0.314135169
1/1/2026,POSSESSION OF WEAPONS,529,39,0.314135169
1/1/2026,PUBLIC ORDER OFFENCES,4018,1,-0.314135169
1/1/2026,ROBBERY,2459,30,0.314135169
1/1/2026,SEXUAL OFFENCES,2282,127,0.314135169
1/1/2026,THEFT,20937,38,-0.314135169
1/1/2026,VEHICLE OFFENCES,6698,7,-0.314135169
1/1/2026,VIOLENCE AGAINST THE PERSON,19582,111,-0.314135169
2/1/2026,ARSON AND CRIMINAL DAMAGE,3971,8,-0.334361537
2/1/2026,BURGLARY,3977,14,-0.334361537
2/1/2026,DOMESTIC ABUSE,9021,4,-0.334361537
2/1/2026,DRUG OFFENCES,3498,47,0.334361537
2/1/2026,FRAUD AND FORGERY,0,22,0.334361537
2/1/2026,GUN CRIME,136,16,0.334361537
2/1/2026,HATE CRIME,4570,15,-0.334361537
2/1/2026,KNIFE CRIME,1422,123,0.334361537
2/1/2026,LETHAL BARREL DISCHARGE,3,20,0.334361537
2/1/2026,MISCELLANEOUS,5100,1,-0.334361537
2/1/2026,MISCELLANEOUS CRIMES AGAINST SOCIETY,1108,2,-0.334361537
2/1/2026,POSSESSION OF WEAPONS,527,41,0.334361537
2/1/2026,PUBLIC ORDER OFFENCES,3967,0,-0.334361537
2/1/2026,ROBBERY,2287,34,0.334361537
2/1/2026,SEXUAL OFFENCES,2010,103,0.334361537
2/1/2026,THEFT,20751,52,-0.334361537
2/1/2026,VEHICLE OFFENCES,6220,4,-0.334361537
2/1/2026,VIOLENCE AGAINST THE PERSON,19153,110,-0.334361537
