quarter,quarter_start,borough,crime_count
Q1_1516,04/01/2015,Barking and Dagenham,1499.0
Q1_1516,04/01/2015,Barnet,1648.0
Q1_1516,04/01/2015,Bexley,792.0
Q1_1516,04/01/2015,Brent,1736.0
Q1_1516,04/01/2015,Bromley,1345.0
Q1_1516,04/01/2015,Camden,2099.0
Q1_1516,04/01/2015,Croydon,2057.0
Q1_1516,04/01/2015,Ealing,1725.0
Q1_1516,04/01/2015,Enfield,1519.0
Q1_1516,04/01/2015,Greenwich,1641.0
Q1_1516,04/01/2015,Hackney,2351.0
Q1_1516,04/01/2015,Hammersmith and Fulham,1100.0
Q1_1516,04/01/2015,Haringey,1716.0
Q1_1516,04/01/2015,Harrow,1007.0
Q1_1516,04/01/2015,Havering,1079.0
Q1_1516,04/01/2015,Hillingdon,1473.0
Q1_1516,04/01/2015,Hounslow,1417.0
Q1_1516,04/01/2015,Islington,2502.0
Q1_1516,04/01/2015,Kensington and Chelsea,951.0
Q1_1516,04/01/2015,Kingston upon Thames,564.0
Q1_1516,04/01/2015,Lambeth,2107.0
Q1_1516,04/01/2015,Lewisham,1796.0
Q1_1516,04/01/2015,Merton,776.0
Q1_1516,04/01/2015,Newham,2036.0
Q1_1516,04/01/2015,Redbridge,1312.0
Q1_1516,04/01/2015,Richmond upon Thames,564.0
Q1_1516,04/01/2015,Southwark,2047.0
Q1_1516,04/01/2015,Sutton,805.0
Q1_1516,04/01/2015,Tower Hamlets,2077.0
Q1_1516,04/01/2015,Waltham Forest,1512.0
Q1_1516,04/01/2015,Wandsworth,1312.0
Q1_1516,04/01/2015,Westminster,2429.0
Q1_1617,04/01/2016,Barking and Dagenham,1308.0
Q1_1617,04/01/2016,Barnet,1791.0
Q1_1617,04/01/2016,Bexley,909.0
Q1_1617,04/01/2016,Brent,1927.0
Q1_1617,04/01/2016,Bromley,1316.0
Q1_1617,04/01/2016,Camden,1604.0
Q1_1617,04/01/2016,Croydon,2156.0
Q1_1617,04/01/2016,Ealing,1891.0
Q1_1617,04/01/2016,Enfield,1652.0
Q1_1617,04/01/2016,Greenwich,1844.0
Q1_1617,04/01/2016,Hackney,2528.0
Q1_1617,04/01/2016,Hammersmith and Fulham,1214.0
Q1_1617,04/01/2016,Haringey,2369.0
Q1_1617,04/01/2016,Harrow,983.0
Q1_1617,04/01/2016,Havering,1211.0
Q1_1617,04/01/2016,Hillingdon,1485.0
Q1_1617,04/01/2016,Hounslow,1566.0
Q1_1617,04/01/2016,Islington,2521.0
Q1_1617,04/01/2016,Kensington and Chelsea,880.0
Q1_1617,04/01/2016,Kingston upon Thames,656.0
Q1_1617,04/01/2016,Lambeth,2293.0
Q1_1617,04/01/2016,Lewisham,1820.0
Q1_1617,04/01/2016,Merton,859.0
Q1_1617,04/01/2016,Newham,2057.0
Q1_1617,04/01/2016,Redbridge,1294.0
Q1_1617,04/01/2016,Richmond upon Thames,660.0
Q1_1617,04/01/2016,Southwark,2270.0
Q1_1617,04/01/2016,Sutton,773.0
Q1_1617,04/01/2016,Tower Hamlets,2540.0
Q1_1617,04/01/2016,Waltham Forest,1696.0
Q1_1617,04/01/2016,Wandsworth,1360.0
Q1_1617,04/01/2016,Westminster,2417.0
Q1_1718,04/01/2017,Barking and Dagenham,6234.0
Q1_1718,04/01/2017,Barnet,8523.0
Q1_1718,04/01/2017,Bexley,4487.0
Q1_1718,04/01/2017,Brent,9351.0
Q1_1718,04/01/2017,Bromley,7123.0
Q1_1718,04/01/2017,Camden,12734.0
Q1_1718,04/01/2017,Croydon,9752.0
Q1_1718,04/01/2017,Ealing,9160.0
Q1_1718,04/01/2017,Enfield,8117.0
Q1_1718,04/01/2017,Greenwich,8100.0
Q1_1718,04/01/2017,Hackney,10909.0
Q1_1718,04/01/2017,Hammersmith and Fulham,6551.0
Q1_1718,04/01/2017,Haringey,9908.0
Q1_1718,04/01/2017,Harrow,4682.0
Q1_1718,04/01/2017,Havering,5974.0
Q1_1718,04/01/2017,Hillingdon,7619.0
Q1_1718,04/01/2017,Hounslow,7942.0
Q1_1718,04/01/2017,Islington,11502.0
Q1_1718,04/01/2017,Kensington and Chelsea,6354.0
Q1_1718,04/01/2017,Kingston upon Thames,3345.0
Q1_1718,04/01/2017,Lambeth,10970.0
Q1_1718,04/01/2017,Lewisham,8216.0
Q1_1718,04/01/2017,Merton,4371.0
Q1_1718,04/01/2017,Newham,10456.0
Q1_1718,04/01/2017,Redbridge,7257.0
Q1_1718,04/01/2017,Richmond upon Thames,4221.0
Q1_1718,04/01/2017,Southwark,10710.0
Q1_1718,04/01/2017,Sutton,4059.0
Q1_1718,04/01/2017,Tower Hamlets,10845.0
Q1_1718,04/01/2017,Waltham Forest,7384.0
Q1_1718,04/01/2017,Wandsworth,7799.0
Q1_1718,04/01/2017,Westminster,17602.0
Q1_1819,04/01/2018,Barking and Dagenham,5843.0
Q1_1819,04/01/2018,Barnet,8979.0
Q1_1819,04/01/2018,Bexley,4850.0
Q1_1819,04/01/2018,Brent,9971.0
Q1_1819,04/01/2018,Bromley,7254.0
Q1_1819,04/01/2018,Camden,11324.0
Q1_1819,04/01/2018,Croydon,9717.0
Q1_1819,04/01/2018,Ealing,8833.0
Q1_1819,04/01/2018,Enfield,8988.0
Q1_1819,04/01/2018,Greenwich,8455.0
Q1_1819,04/01/2018,Hackney,9974.0
Q1_1819,04/01/2018,Hammersmith and Fulham,6675.0
Q1_1819,04/01/2018,Haringey,10486.0
Q1_1819,04/01/2018,Harrow,4634.0
Q1_1819,04/01/2018,Havering,5932.0
Q1_1819,04/01/2018,Hillingdon,7606.0
Q1_1819,04/01/2018,Hounslow,8034.0
Q1_1819,04/01/2018,Islington,9418.0
Q1_1819,04/01/2018,Kensington and Chelsea,6250.0
Q1_1819,04/01/2018,Kingston upon Thames,3554.0
Q1_1819,04/01/2018,Lambeth,11201.0
Q1_1819,04/01/2018,Lewisham,8118.0
Q1_1819,04/01/2018,Merton,4151.0
Q1_1819,04/01/2018,Newham,11446.0
Q1_1819,04/01/2018,Redbridge,7309.0
Q1_1819,04/01/2018,Richmond upon Thames,3751.0
Q1_1819,04/01/2018,Southwark,11282.0
Q1_1819,04/01/2018,Sutton,3821.0
Q1_1819,04/01/2018,Tower Hamlets,11134.0
Q1_1819,04/01/2018,Waltham Forest,7356.0
Q1_1819,04/01/2018,Wandsworth,8188.0
Q1_1819,04/01/2018,Westminster,17914.0
Q1_1920,04/01/2019,Barking and Dagenham,6754.0
Q1_1920,04/01/2019,Barnet,9742.0
Q1_1920,04/01/2019,Bexley,5719.0
Q1_1920,04/01/2019,Brent,9471.0
Q1_1920,04/01/2019,Bromley,7494.0
Q1_1920,04/01/2019,Camden,12197.0
Q1_1920,04/01/2019,Croydon,10241.0
Q1_1920,04/01/2019,Ealing,9516.0
Q1_1920,04/01/2019,Enfield,9321.0
Q1_1920,04/01/2019,Greenwich,9046.0
Q1_1920,04/01/2019,Hackney,11128.0
Q1_1920,04/01/2019,Hammersmith and Fulham,7387.0
Q1_1920,04/01/2019,Haringey,10428.0
Q1_1920,04/01/2019,Harrow,5363.0
Q1_1920,04/01/2019,Havering,6144.0
Q1_1920,04/01/2019,Hillingdon,8203.0
Q1_1920,04/01/2019,Hounslow,8461.0
Q1_1920,04/01/2019,Islington,9421.0
Q1_1920,04/01/2019,Kensington and Chelsea,6955.0
Q1_1920,04/01/2019,Kingston upon Thames,4094.0
Q1_1920,04/01/2019,Lambeth,11440.0
Q1_1920,04/01/2019,Lewisham,9387.0
Q1_1920,04/01/2019,Merton,4330.0
Q1_1920,04/01/2019,Newham,11515.0
Q1_1920,04/01/2019,Redbridge,7526.0
Q1_1920,04/01/2019,Richmond upon Thames,4023.0
Q1_1920,04/01/2019,Southwark,12836.0
Q1_1920,04/01/2019,Sutton,4547.0
Q1_1920,04/01/2019,Tower Hamlets,11318.0
Q1_1920,04/01/2019,Waltham Forest,7638.0
Q1_1920,04/01/2019,Wandsworth,7938.0
Q1_1920,04/01/2019,Westminster,25789.0
Q1_2021,04/01/2020,Barking and Dagenham,5887.0
Q1_2021,04/01/2020,Barnet,7506.0
Q1_2021,04/01/2020,Bexley,4442.0
Q1_2021,04/01/2020,Brent,8707.0
Q1_2021,04/01/2020,Bromley,6214.0
Q1_2021,04/01/2020,Camden,7281.0
Q1_2021,04/01/2020,Croydon,9927.0
Q1_2021,04/01/2020,Ealing,8540.0
Q1_2021,04/01/2020,Enfield,8464.0
Q1_2021,04/01/2020,Greenwich,7886.0
Q1_2021,04/01/2020,Hackney,8327.0
Q1_2021,04/01/2020,Hammersmith and Fulham,5093.0
Q1_2021,04/01/2020,Haringey,8314.0
Q1_2021,04/01/2020,Harrow,4390.0
Q1_2021,04/01/2020,Havering,4422.0
Q1_2021,04/01/2020,Hillingdon,7373.0
Q1_2021,04/01/2020,Hounslow,7363.0
Q1_2021,04/01/2020,Islington,6802.0
Q1_2021,04/01/2020,Kensington and Chelsea,4219.0
Q1_2021,04/01/2020,Kingston upon Thames,3146.0
Q1_2021,04/01/2020,Lambeth,8762.0
Q1_2021,04/01/2020,Lewisham,8625.0
Q1_2021,04/01/2020,Merton,3970.0
Q1_2021,04/01/2020,Newham,9215.0
Q1_2021,04/01/2020,Redbridge,6495.0
Q1_2021,04/01/2020,Richmond upon Thames,3463.0
Q1_2021,04/01/2020,Southwark,8696.0
Q1_2021,04/01/2020,Sutton,3906.0
Q1_2021,04/01/2020,Tower Hamlets,8833.0
Q1_2021,04/01/2020,Waltham Forest,7151.0
Q1_2021,04/01/2020,Wandsworth,6721.0
Q1_2021,04/01/2020,Westminster,9001.0
Q1_2122,04/01/2021,Barking and Dagenham,6451.0
Q1_2122,04/01/2021,Barnet,9335.0
Q1_2122,04/01/2021,Bexley,4849.0
Q1_2122,04/01/2021,Brent,8848.0
Q1_2122,04/01/2021,Bromley,7036.0
Q1_2122,04/01/2021,Camden,9353.0
Q1_2122,04/01/2021,Croydon,10774.0
Q1_2122,04/01/2021,Ealing,9548.0
Q1_2122,04/01/2021,Enfield,9720.0
Q1_2122,04/01/2021,Greenwich,8752.0
Q1_2122,04/01/2021,Hackney,10379.0
Q1_2122,04/01/2021,Hammersmith and Fulham,6403.0
Q1_2122,04/01/2021,Haringey,9774.0
Q1_2122,04/01/2021,Harrow,4780.0
Q1_2122,04/01/2021,Havering,5494.0
Q1_2122,04/01/2021,Hillingdon,7934.0
Q1_2122,04/01/2021,Hounslow,8063.0
Q1_2122,04/01/2021,Islington,8313.0
Q1_2122,04/01/2021,Kensington and Chelsea,5673.0
Q1_2122,04/01/2021,Kingston upon Thames,3657.0
Q1_2122,04/01/2021,Lambeth,10653.0
Q1_2122,04/01/2021,Lewisham,8914.0
Q1_2122,04/01/2021,Merton,4260.0
Q1_2122,04/01/2021,Newham,10698.0
Q1_2122,04/01/2021,Redbridge,8070.0
Q1_2122,04/01/2021,Richmond upon Thames,3587.0
Q1_2122,04/01/2021,Southwark,10560.0
Q1_2122,04/01/2021,Sutton,4376.0
Q1_2122,04/01/2021,Tower Hamlets,11175.0
Q1_2122,04/01/2021,Waltham Forest,7638.0
Q1_2122,04/01/2021,Wandsworth,8031.0
Q1_2122,04/01/2021,Westminster,15050.0
Q1_2223,04/01/2022,Barking and Dagenham,6561.0
Q1_2223,04/01/2022,Barnet,8733.0
Q1_2223,04/01/2022,Bexley,5208.0
Q1_2223,04/01/2022,Brent,9594.0
Q1_2223,04/01/2022,Bromley,7280.0
Q1_2223,04/01/2022,Camden,11563.0
Q1_2223,04/01/2022,Croydon,11189.0
Q1_2223,04/01/2022,Ealing,9443.0
Q1_2223,04/01/2022,Enfield,9899.0
Q1_2223,04/01/2022,Greenwich,8849.0
Q1_2223,04/01/2022,Hackney,11068.0
Q1_2223,04/01/2022,Hammersmith and Fulham,6281.0
Q1_2223,04/01/2022,Haringey,9424.0
Q1_2223,04/01/2022,Harrow,4725.0
Q1_2223,04/01/2022,Havering,6470.0
Q1_2223,04/01/2022,Hillingdon,8353.0
Q1_2223,04/01/2022,Hounslow,8191.0
Q1_2223,04/01/2022,Islington,8949.0
Q1_2223,04/01/2022,Kensington and Chelsea,6309.0
Q1_2223,04/01/2022,Kingston upon Thames,3687.0
Q1_2223,04/01/2022,Lambeth,10859.0
Q1_2223,04/01/2022,Lewisham,9098.0
Q1_2223,04/01/2022,Merton,4572.0
Q1_2223,04/01/2022,Newham,10999.0
Q1_2223,04/01/2022,Redbridge,7938.0
Q1_2223,04/01/2022,Richmond upon Thames,3679.0
Q1_2223,04/01/2022,Southwark,11844.0
Q1_2223,04/01/2022,Sutton,4260.0
Q1_2223,04/01/2022,Tower Hamlets,11065.0
Q1_2223,04/01/2022,Waltham Forest,7143.0
Q1_2223,04/01/2022,Wandsworth,7817.0
Q1_2223,04/01/2022,Westminster,22633.0
Q1_2324,04/01/2023,Barking and Dagenham,7607.0
Q1_2324,04/01/2023,Barnet,9089.0
Q1_2324,04/01/2023,Bexley,5494.0
Q1_2324,04/01/2023,Brent,10673.0
Q1_2324,04/01/2023,Bromley,7566.0
Q1_2324,04/01/2023,Camden,13733.0
Q1_2324,04/01/2023,Croydon,10889.0
Q1_2324,04/01/2023,Ealing,9937.0
Q1_2324,04/01/2023,Enfield,9690.0
Q1_2324,04/01/2023,Greenwich,9687.0
Q1_2324,04/01/2023,Hackney,10940.0
Q1_2324,04/01/2023,Hammersmith and Fulham,7163.0
Q1_2324,04/01/2023,Haringey,10041.0
Q1_2324,04/01/2023,Harrow,5175.0
Q1_2324,04/01/2023,Havering,6892.0
Q1_2324,04/01/2023,Hillingdon,7709.0
Q1_2324,04/01/2023,Hounslow,8658.0
Q1_2324,04/01/2023,Islington,9820.0
Q1_2324,04/01/2023,Kensington and Chelsea,6982.0
Q1_2324,04/01/2023,Kingston upon Thames,3986.0
Q1_2324,04/01/2023,Lambeth,12312.0
Q1_2324,04/01/2023,Lewisham,10441.0
Q1_2324,04/01/2023,Merton,4594.0
Q1_2324,04/01/2023,Newham,12394.0
Q1_2324,04/01/2023,Redbridge,8289.0
Q1_2324,04/01/2023,Richmond upon Thames,3664.0
Q1_2324,04/01/2023,Southwark,13239.0
Q1_2324,04/01/2023,Sutton,4275.0
Q1_2324,04/01/2023,Tower Hamlets,11664.0
Q1_2324,04/01/2023,Waltham Forest,7411.0
Q1_2324,04/01/2023,Wandsworth,8667.0
Q1_2324,04/01/2023,Westminster,28235.0
Q1_2425,04/01/2024,Barking and Dagenham,6658.0
Q1_2425,04/01/2024,Barnet,9034.0
Q1_2425,04/01/2024,Bexley,5478.0
Q1_2425,04/01/2024,Brent,10986.0
Q1_2425,04/01/2024,Bromley,7541.0
Q1_2425,04/01/2024,Camden,14400.0
Q1_2425,04/01/2024,Croydon,11471.0
Q1_2425,04/01/2024,Ealing,9998.0
Q1_2425,04/01/2024,Enfield,9803.0
Q1_2425,04/01/2024,Greenwich,9183.0
Q1_2425,04/01/2024,Hackney,11775.0
Q1_2425,04/01/2024,Hammersmith and Fulham,6566.0
Q1_2425,04/01/2024,Haringey,9722.0
Q1_2425,04/01/2024,Harrow,5084.0
Q1_2425,04/01/2024,Havering,6714.0
Q1_2425,04/01/2024,Hillingdon,9215.0
Q1_2425,04/01/2024,Hounslow,8424.0
Q1_2425,04/01/2024,Islington,10302.0
Q1_2425,04/01/2024,Kensington and Chelsea,7157.0
Q1_2425,04/01/2024,Kingston upon Thames,3531.0
Q1_2425,04/01/2024,Lambeth,13402.0
Q1_2425,04/01/2024,Lewisham,10336.0
Q1_2425,04/01/2024,Merton,4447.0
Q1_2425,04/01/2024,Newham,13550.0
Q1_2425,04/01/2024,Redbridge,8186.0
Q1_2425,04/01/2024,Richmond upon Thames,3857.0
Q1_2425,04/01/2024,Southwark,13238.0
Q1_2425,04/01/2024,Sutton,4299.0
Q1_2425,04/01/2024,Tower Hamlets,12136.0
Q1_2425,04/01/2024,Waltham Forest,8408.0
Q1_2425,04/01/2024,Wandsworth,8282.0
Q1_2425,04/01/2024,Westminster,29504.0
Q1_2526,04/01/2025,Barking and Dagenham,7328.0
Q1_2526,04/01/2025,Barnet,9368.0
Q1_2526,04/01/2025,Bexley,5324.0
Q1_2526,04/01/2025,Brent,10848.0
Q1_2526,04/01/2025,Bromley,7803.0
Q1_2526,04/01/2025,Camden,13502.0
Q1_2526,04/01/2025,Croydon,11674.0
Q1_2526,04/01/2025,Ealing,10557.0
Q1_2526,04/01/2025,Enfield,9546.0
Q1_2526,04/01/2025,Greenwich,9733.0
Q1_2526,04/01/2025,Hackney,11530.0
Q1_2526,04/01/2025,Hammersmith and Fulham,7326.0
Q1_2526,04/01/2025,Haringey,10292.0
Q1_2526,04/01/2025,Harrow,5583.0
Q1_2526,04/01/2025,Havering,6548.0
Q1_2526,04/01/2025,Hillingdon,9802.0
Q1_2526,04/01/2025,Hounslow,9044.0
Q1_2526,04/01/2025,Islington,11011.0
Q1_2526,04/01/2025,Kensington and Chelsea,7104.0
Q1_2526,04/01/2025,Kingston upon Thames,3698.0
Q1_2526,04/01/2025,Lambeth,13324.0
Q1_2526,04/01/2025,Lewisham,10151.0
Q1_2526,04/01/2025,Merton,4580.0
Q1_2526,04/01/2025,Newham,13381.0
Q1_2526,04/01/2025,Redbridge,8258.0
Q1_2526,04/01/2025,Richmond upon Thames,4053.0
Q1_2526,04/01/2025,Southwark,13850.0
Q1_2526,04/01/2025,Sutton,4657.0
Q1_2526,04/01/2025,Tower Hamlets,12312.0
Q1_2526,04/01/2025,Waltham Forest,8139.0
Q1_2526,04/01/2025,Wandsworth,8964.0
Q1_2526,04/01/2025,Westminster,27476.0
Q2_1516,07/01/2015,Barking and Dagenham,1508.0
Q2_1516,07/01/2015,Barnet,1645.0
Q2_1516,07/01/2015,Bexley,765.0
Q2_1516,07/01/2015,Brent,1573.0
Q2_1516,07/01/2015,Bromley,1313.0
Q2_1516,07/01/2015,Camden,1760.0
Q2_1516,07/01/2015,Croydon,1925.0
Q2_1516,07/01/2015,Ealing,1903.0
Q2_1516,07/01/2015,Enfield,1580.0
Q2_1516,07/01/2015,Greenwich,1714.0
Q2_1516,07/01/2015,Hackney,2215.0
Q2_1516,07/01/2015,Hammersmith and Fulham,1019.0
Q2_1516,07/01/2015,Haringey,2003.0
Q2_1516,07/01/2015,Harrow,945.0
Q2_1516,07/01/2015,Havering,1007.0
Q2_1516,07/01/2015,Hillingdon,1453.0
Q2_1516,07/01/2015,Hounslow,1562.0
Q2_1516,07/01/2015,Islington,2049.0
Q2_1516,07/01/2015,Kensington and Chelsea,1157.0
Q2_1516,07/01/2015,Kingston upon Thames,649.0
Q2_1516,07/01/2015,Lambeth,2156.0
Q2_1516,07/01/2015,Lewisham,1842.0
Q2_1516,07/01/2015,Merton,883.0
Q2_1516,07/01/2015,Newham,2252.0
Q2_1516,07/01/2015,Redbridge,1295.0
Q2_1516,07/01/2015,Richmond upon Thames,608.0
Q2_1516,07/01/2015,Southwark,1960.0
Q2_1516,07/01/2015,Sutton,728.0
Q2_1516,07/01/2015,Tower Hamlets,2076.0
Q2_1516,07/01/2015,Waltham Forest,1488.0
Q2_1516,07/01/2015,Wandsworth,1318.0
Q2_1516,07/01/2015,Westminster,2232.0
Q2_1617,07/01/2016,Barking and Dagenham,1430.0
Q2_1617,07/01/2016,Barnet,1883.0
Q2_1617,07/01/2016,Bexley,972.0
Q2_1617,07/01/2016,Brent,1943.0
Q2_1617,07/01/2016,Bromley,1507.0
Q2_1617,07/01/2016,Camden,2122.0
Q2_1617,07/01/2016,Croydon,2749.0
Q2_1617,07/01/2016,Ealing,2206.0
Q2_1617,07/01/2016,Enfield,1763.0
Q2_1617,07/01/2016,Greenwich,1995.0
Q2_1617,07/01/2016,Hackney,2683.0
Q2_1617,07/01/2016,Hammersmith and Fulham,1296.0
Q2_1617,07/01/2016,Haringey,2424.0
Q2_1617,07/01/2016,Harrow,1062.0
Q2_1617,07/01/2016,Havering,1211.0
Q2_1617,07/01/2016,Hillingdon,1671.0
Q2_1617,07/01/2016,Hounslow,1669.0
Q2_1617,07/01/2016,Islington,2450.0
Q2_1617,07/01/2016,Kensington and Chelsea,1309.0
Q2_1617,07/01/2016,Kingston upon Thames,687.0
Q2_1617,07/01/2016,Lambeth,2542.0
Q2_1617,07/01/2016,Lewisham,2034.0
Q2_1617,07/01/2016,Merton,906.0
Q2_1617,07/01/2016,Newham,2391.0
Q2_1617,07/01/2016,Redbridge,1593.0
Q2_1617,07/01/2016,Richmond upon Thames,674.0
Q2_1617,07/01/2016,Southwark,2527.0
Q2_1617,07/01/2016,Sutton,723.0
Q2_1617,07/01/2016,Tower Hamlets,2672.0
Q2_1617,07/01/2016,Waltham Forest,1714.0
Q2_1617,07/01/2016,Wandsworth,1502.0
Q2_1617,07/01/2016,Westminster,3036.0
Q2_1718,07/01/2017,Barking and Dagenham,6385.0
Q2_1718,07/01/2017,Barnet,8435.0
Q2_1718,07/01/2017,Bexley,4686.0
Q2_1718,07/01/2017,Brent,9510.0
Q2_1718,07/01/2017,Bromley,6784.0
Q2_1718,07/01/2017,Camden,13643.0
Q2_1718,07/01/2017,Croydon,9938.0
Q2_1718,07/01/2017,Ealing,8987.0
Q2_1718,07/01/2017,Enfield,7828.0
Q2_1718,07/01/2017,Greenwich,8200.0
Q2_1718,07/01/2017,Hackney,10420.0
Q2_1718,07/01/2017,Hammersmith and Fulham,6596.0
Q2_1718,07/01/2017,Haringey,10647.0
Q2_1718,07/01/2017,Harrow,4485.0
Q2_1718,07/01/2017,Havering,5832.0
Q2_1718,07/01/2017,Hillingdon,7451.0
Q2_1718,07/01/2017,Hounslow,7874.0
Q2_1718,07/01/2017,Islington,11537.0
Q2_1718,07/01/2017,Kensington and Chelsea,7334.0
Q2_1718,07/01/2017,Kingston upon Thames,3457.0
Q2_1718,07/01/2017,Lambeth,11724.0
Q2_1718,07/01/2017,Lewisham,8286.0
Q2_1718,07/01/2017,Merton,4269.0
Q2_1718,07/01/2017,Newham,11077.0
Q2_1718,07/01/2017,Redbridge,7615.0
Q2_1718,07/01/2017,Richmond upon Thames,4214.0
Q2_1718,07/01/2017,Southwark,11327.0
Q2_1718,07/01/2017,Sutton,3791.0
Q2_1718,07/01/2017,Tower Hamlets,10574.0
Q2_1718,07/01/2017,Waltham Forest,7266.0
Q2_1718,07/01/2017,Wandsworth,7865.0
Q2_1718,07/01/2017,Westminster,18535.0
Q2_1819,07/01/2018,Barking and Dagenham,5857.0
Q2_1819,07/01/2018,Barnet,8649.0
Q2_1819,07/01/2018,Bexley,4730.0
Q2_1819,07/01/2018,Brent,9727.0
Q2_1819,07/01/2018,Bromley,7147.0
Q2_1819,07/01/2018,Camden,11095.0
Q2_1819,07/01/2018,Croydon,9862.0
Q2_1819,07/01/2018,Ealing,9137.0
Q2_1819,07/01/2018,Enfield,8575.0
Q2_1819,07/01/2018,Greenwich,8559.0
Q2_1819,07/01/2018,Hackney,10206.0
Q2_1819,07/01/2018,Hammersmith and Fulham,7018.0
Q2_1819,07/01/2018,Haringey,10310.0
Q2_1819,07/01/2018,Harrow,4743.0
Q2_1819,07/01/2018,Havering,5901.0
Q2_1819,07/01/2018,Hillingdon,7537.0
Q2_1819,07/01/2018,Hounslow,7787.0
Q2_1819,07/01/2018,Islington,9514.0
Q2_1819,07/01/2018,Kensington and Chelsea,7194.0
Q2_1819,07/01/2018,Kingston upon Thames,4050.0
Q2_1819,07/01/2018,Lambeth,11274.0
Q2_1819,07/01/2018,Lewisham,8478.0
Q2_1819,07/01/2018,Merton,4383.0
Q2_1819,07/01/2018,Newham,11272.0
Q2_1819,07/01/2018,Redbridge,7200.0
Q2_1819,07/01/2018,Richmond upon Thames,3971.0
Q2_1819,07/01/2018,Southwark,11846.0
Q2_1819,07/01/2018,Sutton,3934.0
Q2_1819,07/01/2018,Tower Hamlets,11313.0
Q2_1819,07/01/2018,Waltham Forest,7663.0
Q2_1819,07/01/2018,Wandsworth,8065.0
Q2_1819,07/01/2018,Westminster,19310.0
Q2_1920,07/01/2019,Barking and Dagenham,6606.0
Q2_1920,07/01/2019,Barnet,9914.0
Q2_1920,07/01/2019,Bexley,5728.0
Q2_1920,07/01/2019,Brent,9590.0
Q2_1920,07/01/2019,Bromley,7900.0
Q2_1920,07/01/2019,Camden,12488.0
Q2_1920,07/01/2019,Croydon,11245.0
Q2_1920,07/01/2019,Ealing,10031.0
Q2_1920,07/01/2019,Enfield,9665.0
Q2_1920,07/01/2019,Greenwich,9767.0
Q2_1920,07/01/2019,Hackney,12095.0
Q2_1920,07/01/2019,Hammersmith and Fulham,7660.0
Q2_1920,07/01/2019,Haringey,10649.0
Q2_1920,07/01/2019,Harrow,5444.0
Q2_1920,07/01/2019,Havering,5924.0
Q2_1920,07/01/2019,Hillingdon,8409.0
Q2_1920,07/01/2019,Hounslow,8388.0
Q2_1920,07/01/2019,Islington,10233.0
Q2_1920,07/01/2019,Kensington and Chelsea,8392.0
Q2_1920,07/01/2019,Kingston upon Thames,4101.0
Q2_1920,07/01/2019,Lambeth,11944.0
Q2_1920,07/01/2019,Lewisham,9968.0
Q2_1920,07/01/2019,Merton,4898.0
Q2_1920,07/01/2019,Newham,11339.0
Q2_1920,07/01/2019,Redbridge,7373.0
Q2_1920,07/01/2019,Richmond upon Thames,3807.0
Q2_1920,07/01/2019,Southwark,13333.0
Q2_1920,07/01/2019,Sutton,4360.0
Q2_1920,07/01/2019,Tower Hamlets,10868.0
Q2_1920,07/01/2019,Waltham Forest,7537.0
Q2_1920,07/01/2019,Wandsworth,8097.0
Q2_1920,07/01/2019,Westminster,24805.0
Q2_2021,07/01/2020,Barking and Dagenham,6618.0
Q2_2021,07/01/2020,Barnet,9109.0
Q2_2021,07/01/2020,Bexley,5576.0
Q2_2021,07/01/2020,Brent,9910.0
Q2_2021,07/01/2020,Bromley,7272.0
Q2_2021,07/01/2020,Camden,9870.0
Q2_2021,07/01/2020,Croydon,11692.0
Q2_2021,07/01/2020,Ealing,10006.0
Q2_2021,07/01/2020,Enfield,9789.0
Q2_2021,07/01/2020,Greenwich,8938.0
Q2_2021,07/01/2020,Hackney,11964.0
Q2_2021,07/01/2020,Hammersmith and Fulham,6480.0
Q2_2021,07/01/2020,Haringey,10026.0
Q2_2021,07/01/2020,Harrow,5206.0
Q2_2021,07/01/2020,Havering,5793.0
Q2_2021,07/01/2020,Hillingdon,8727.0
Q2_2021,07/01/2020,Hounslow,8396.0
Q2_2021,07/01/2020,Islington,9357.0
Q2_2021,07/01/2020,Kensington and Chelsea,6056.0
Q2_2021,07/01/2020,Kingston upon Thames,3951.0
Q2_2021,07/01/2020,Lambeth,11551.0
Q2_2021,07/01/2020,Lewisham,9824.0
Q2_2021,07/01/2020,Merton,4833.0
Q2_2021,07/01/2020,Newham,11574.0
Q2_2021,07/01/2020,Redbridge,7690.0
Q2_2021,07/01/2020,Richmond upon Thames,4280.0
Q2_2021,07/01/2020,Southwark,12056.0
Q2_2021,07/01/2020,Sutton,4068.0
Q2_2021,07/01/2020,Tower Hamlets,11290.0
Q2_2021,07/01/2020,Waltham Forest,8058.0
Q2_2021,07/01/2020,Wandsworth,9009.0
Q2_2021,07/01/2020,Westminster,16525.0
Q2_2122,07/01/2021,Barking and Dagenham,6517.0
Q2_2122,07/01/2021,Barnet,8768.0
Q2_2122,07/01/2021,Bexley,5116.0
Q2_2122,07/01/2021,Brent,9568.0
Q2_2122,07/01/2021,Bromley,7372.0
Q2_2122,07/01/2021,Camden,10174.0
Q2_2122,07/01/2021,Croydon,10823.0
Q2_2122,07/01/2021,Ealing,9481.0
Q2_2122,07/01/2021,Enfield,9297.0
Q2_2122,07/01/2021,Greenwich,8601.0
Q2_2122,07/01/2021,Hackney,11025.0
Q2_2122,07/01/2021,Hammersmith and Fulham,6441.0
Q2_2122,07/01/2021,Haringey,9855.0
Q2_2122,07/01/2021,Harrow,4982.0
Q2_2122,07/01/2021,Havering,5909.0
Q2_2122,07/01/2021,Hillingdon,7697.0
Q2_2122,07/01/2021,Hounslow,7853.0
Q2_2122,07/01/2021,Islington,8998.0
Q2_2122,07/01/2021,Kensington and Chelsea,6150.0
Q2_2122,07/01/2021,Kingston upon Thames,3790.0
Q2_2122,07/01/2021,Lambeth,11912.0
Q2_2122,07/01/2021,Lewisham,8733.0
Q2_2122,07/01/2021,Merton,4451.0
Q2_2122,07/01/2021,Newham,11015.0
Q2_2122,07/01/2021,Redbridge,7854.0
Q2_2122,07/01/2021,Richmond upon Thames,3447.0
Q2_2122,07/01/2021,Southwark,10990.0
Q2_2122,07/01/2021,Sutton,4374.0
Q2_2122,07/01/2021,Tower Hamlets,11245.0
Q2_2122,07/01/2021,Waltham Forest,7300.0
Q2_2122,07/01/2021,Wandsworth,8376.0
Q2_2122,07/01/2021,Westminster,18307.0
Q2_2223,07/01/2022,Barking and Dagenham,6421.0
Q2_2223,07/01/2022,Barnet,8793.0
Q2_2223,07/01/2022,Bexley,5269.0
Q2_2223,07/01/2022,Brent,9767.0
Q2_2223,07/01/2022,Bromley,7261.0
Q2_2223,07/01/2022,Camden,11183.0
Q2_2223,07/01/2022,Croydon,11447.0
Q2_2223,07/01/2022,Ealing,9408.0
Q2_2223,07/01/2022,Enfield,9654.0
Q2_2223,07/01/2022,Greenwich,8617.0
Q2_2223,07/01/2022,Hackney,10321.0
Q2_2223,07/01/2022,Hammersmith and Fulham,6527.0
Q2_2223,07/01/2022,Haringey,9456.0
Q2_2223,07/01/2022,Harrow,4965.0
Q2_2223,07/01/2022,Havering,6436.0
Q2_2223,07/01/2022,Hillingdon,8454.0
Q2_2223,07/01/2022,Hounslow,7901.0
Q2_2223,07/01/2022,Islington,9185.0
Q2_2223,07/01/2022,Kensington and Chelsea,6808.0
Q2_2223,07/01/2022,Kingston upon Thames,3461.0
Q2_2223,07/01/2022,Lambeth,11636.0
Q2_2223,07/01/2022,Lewisham,9264.0
Q2_2223,07/01/2022,Merton,4736.0
Q2_2223,07/01/2022,Newham,10917.0
Q2_2223,07/01/2022,Redbridge,7574.0
Q2_2223,07/01/2022,Richmond upon Thames,3441.0
Q2_2223,07/01/2022,Southwark,11485.0
Q2_2223,07/01/2022,Sutton,4613.0
Q2_2223,07/01/2022,Tower Hamlets,10622.0
Q2_2223,07/01/2022,Waltham Forest,7313.0
Q2_2223,07/01/2022,Wandsworth,7677.0
Q2_2223,07/01/2022,Westminster,23101.0
Q2_2324,07/01/2023,Barking and Dagenham,7802.0
Q2_2324,07/01/2023,Barnet,9122.0
Q2_2324,07/01/2023,Bexley,5626.0
Q2_2324,07/01/2023,Brent,10768.0
Q2_2324,07/01/2023,Bromley,7877.0
Q2_2324,07/01/2023,Camden,13100.0
Q2_2324,07/01/2023,Croydon,11925.0
Q2_2324,07/01/2023,Ealing,10835.0
Q2_2324,07/01/2023,Enfield,9603.0
Q2_2324,07/01/2023,Greenwich,9613.0
Q2_2324,07/01/2023,Hackney,11356.0
Q2_2324,07/01/2023,Hammersmith and Fulham,7159.0
Q2_2324,07/01/2023,Haringey,10222.0
Q2_2324,07/01/2023,Harrow,4941.0
Q2_2324,07/01/2023,Havering,7198.0
Q2_2324,07/01/2023,Hillingdon,7683.0
Q2_2324,07/01/2023,Hounslow,9900.0
Q2_2324,07/01/2023,Islington,9595.0
Q2_2324,07/01/2023,Kensington and Chelsea,7823.0
Q2_2324,07/01/2023,Kingston upon Thames,3939.0
Q2_2324,07/01/2023,Lambeth,12245.0
Q2_2324,07/01/2023,Lewisham,10364.0
Q2_2324,07/01/2023,Merton,4956.0
Q2_2324,07/01/2023,Newham,12709.0
Q2_2324,07/01/2023,Redbridge,8310.0
Q2_2324,07/01/2023,Richmond upon Thames,4018.0
Q2_2324,07/01/2023,Southwark,13090.0
Q2_2324,07/01/2023,Sutton,4429.0
Q2_2324,07/01/2023,Tower Hamlets,12311.0
Q2_2324,07/01/2023,Waltham Forest,7761.0
Q2_2324,07/01/2023,Wandsworth,8753.0
Q2_2324,07/01/2023,Westminster,27269.0
Q2_2425,07/01/2024,Barking and Dagenham,6945.0
Q2_2425,07/01/2024,Barnet,9490.0
Q2_2425,07/01/2024,Bexley,5407.0
Q2_2425,07/01/2024,Brent,10931.0
Q2_2425,07/01/2024,Bromley,8152.0
Q2_2425,07/01/2024,Camden,14396.0
Q2_2425,07/01/2024,Croydon,12194.0
Q2_2425,07/01/2024,Ealing,10290.0
Q2_2425,07/01/2024,Enfield,10041.0
Q2_2425,07/01/2024,Greenwich,9453.0
Q2_2425,07/01/2024,Hackney,11562.0
Q2_2425,07/01/2024,Hammersmith and Fulham,7079.0
Q2_2425,07/01/2024,Haringey,9939.0
Q2_2425,07/01/2024,Harrow,5599.0
Q2_2425,07/01/2024,Havering,6849.0
Q2_2425,07/01/2024,Hillingdon,9786.0
Q2_2425,07/01/2024,Hounslow,9177.0
Q2_2425,07/01/2024,Islington,10406.0
Q2_2425,07/01/2024,Kensington and Chelsea,7639.0
Q2_2425,07/01/2024,Kingston upon Thames,3827.0
Q2_2425,07/01/2024,Lambeth,13793.0
Q2_2425,07/01/2024,Lewisham,10602.0
Q2_2425,07/01/2024,Merton,4971.0
Q2_2425,07/01/2024,Newham,13544.0
Q2_2425,07/01/2024,Redbridge,7826.0
Q2_2425,07/01/2024,Richmond upon Thames,3945.0
Q2_2425,07/01/2024,Southwark,13780.0
Q2_2425,07/01/2024,Sutton,4529.0
Q2_2425,07/01/2024,Tower Hamlets,13298.0
Q2_2425,07/01/2024,Waltham Forest,8340.0
Q2_2425,07/01/2024,Wandsworth,8647.0
Q2_2425,07/01/2024,Westminster,27237.0
Q2_2526,07/01/2025,Barking and Dagenham,6996.0
Q2_2526,07/01/2025,Barnet,9526.0
Q2_2526,07/01/2025,Bexley,5214.0
Q2_2526,07/01/2025,Brent,11570.0
Q2_2526,07/01/2025,Bromley,7970.0
Q2_2526,07/01/2025,Camden,13815.0
Q2_2526,07/01/2025,Croydon,11704.0
Q2_2526,07/01/2025,Ealing,10456.0
Q2_2526,07/01/2025,Enfield,9452.0
Q2_2526,07/01/2025,Greenwich,9585.0
Q2_2526,07/01/2025,Hackney,12176.0
Q2_2526,07/01/2025,Hammersmith and Fulham,6841.0
Q2_2526,07/01/2025,Haringey,10315.0
Q2_2526,07/01/2025,Harrow,5650.0
Q2_2526,07/01/2025,Havering,6674.0
Q2_2526,07/01/2025,Hillingdon,10372.0
Q2_2526,07/01/2025,Hounslow,9344.0
Q2_2526,07/01/2025,Islington,10469.0
Q2_2526,07/01/2025,Kensington and Chelsea,7857.0
Q2_2526,07/01/2025,Kingston upon Thames,3838.0
Q2_2526,07/01/2025,Lambeth,13298.0
Q2_2526,07/01/2025,Lewisham,9812.0
Q2_2526,07/01/2025,Merton,4567.0
Q2_2526,07/01/2025,Newham,13285.0
Q2_2526,07/01/2025,Redbridge,8259.0
Q2_2526,07/01/2025,Richmond upon Thames,3735.0
Q2_2526,07/01/2025,Southwark,13728.0
Q2_2526,07/01/2025,Sutton,4569.0
Q2_2526,07/01/2025,Tower Hamlets,13175.0
Q2_2526,07/01/2025,Waltham Forest,7536.0
Q2_2526,07/01/2025,Wandsworth,9165.0
Q2_2526,07/01/2025,Westminster,26574.0
Q3_1516,10/01/2015,Barking and Dagenham,1269.0
Q3_1516,10/01/2015,Barnet,1700.0
Q3_1516,10/01/2015,Bexley,873.0
Q3_1516,10/01/2015,Brent,1710.0
Q3_1516,10/01/2015,Bromley,1263.0
Q3_1516,10/01/2015,Camden,1705.0
Q3_1516,10/01/2015,Croydon,2132.0
Q3_1516,10/01/2015,Ealing,1941.0
Q3_1516,10/01/2015,Enfield,1667.0
Q3_1516,10/01/2015,Greenwich,1542.0
Q3_1516,10/01/2015,Hackney,2157.0
Q3_1516,10/01/2015,Hammersmith and Fulham,1246.0
Q3_1516,10/01/2015,Haringey,2141.0
Q3_1516,10/01/2015,Harrow,975.0
Q3_1516,10/01/2015,Havering,1236.0
Q3_1516,10/01/2015,Hillingdon,1408.0
Q3_1516,10/01/2015,Hounslow,1715.0
Q3_1516,10/01/2015,Islington,2341.0
Q3_1516,10/01/2015,Kensington and Chelsea,1014.0
Q3_1516,10/01/2015,Kingston upon Thames,647.0
Q3_1516,10/01/2015,Lambeth,2197.0
Q3_1516,10/01/2015,Lewisham,1858.0
Q3_1516,10/01/2015,Merton,887.0
Q3_1516,10/01/2015,Newham,2351.0
Q3_1516,10/01/2015,Redbridge,1382.0
Q3_1516,10/01/2015,Richmond upon Thames,565.0
Q3_1516,10/01/2015,Southwark,2108.0
Q3_1516,10/01/2015,Sutton,694.0
Q3_1516,10/01/2015,Tower Hamlets,2192.0
Q3_1516,10/01/2015,Waltham Forest,1626.0
Q3_1516,10/01/2015,Wandsworth,1380.0
Q3_1516,10/01/2015,Westminster,2571.0
Q3_1617,10/01/2016,Barking and Dagenham,1260.0
Q3_1617,10/01/2016,Barnet,1670.0
Q3_1617,10/01/2016,Bexley,1011.0
Q3_1617,10/01/2016,Brent,1911.0
Q3_1617,10/01/2016,Bromley,1374.0
Q3_1617,10/01/2016,Camden,2030.0
Q3_1617,10/01/2016,Croydon,2129.0
Q3_1617,10/01/2016,Ealing,1830.0
Q3_1617,10/01/2016,Enfield,1593.0
Q3_1617,10/01/2016,Greenwich,1729.0
Q3_1617,10/01/2016,Hackney,2476.0
Q3_1617,10/01/2016,Hammersmith and Fulham,1181.0
Q3_1617,10/01/2016,Haringey,2163.0
Q3_1617,10/01/2016,Harrow,889.0
Q3_1617,10/01/2016,Havering,1158.0
Q3_1617,10/01/2016,Hillingdon,1513.0
Q3_1617,10/01/2016,Hounslow,1666.0
Q3_1617,10/01/2016,Islington,2483.0
Q3_1617,10/01/2016,Kensington and Chelsea,976.0
Q3_1617,10/01/2016,Kingston upon Thames,575.0
Q3_1617,10/01/2016,Lambeth,2231.0
Q3_1617,10/01/2016,Lewisham,1944.0
Q3_1617,10/01/2016,Merton,770.0
Q3_1617,10/01/2016,Newham,2402.0
Q3_1617,10/01/2016,Redbridge,1123.0
Q3_1617,10/01/2016,Richmond upon Thames,597.0
Q3_1617,10/01/2016,Southwark,2290.0
Q3_1617,10/01/2016,Sutton,642.0
Q3_1617,10/01/2016,Tower Hamlets,2519.0
Q3_1617,10/01/2016,Waltham Forest,1592.0
Q3_1617,10/01/2016,Wandsworth,1359.0
Q3_1617,10/01/2016,Westminster,2713.0
Q3_1718,10/01/2017,Barking and Dagenham,5899.0
Q3_1718,10/01/2017,Barnet,8590.0
Q3_1718,10/01/2017,Bexley,4766.0
Q3_1718,10/01/2017,Brent,10096.0
Q3_1718,10/01/2017,Bromley,6948.0
Q3_1718,10/01/2017,Camden,13348.0
Q3_1718,10/01/2017,Croydon,9644.0
Q3_1718,10/01/2017,Ealing,9112.0
Q3_1718,10/01/2017,Enfield,8206.0
Q3_1718,10/01/2017,Greenwich,7987.0
Q3_1718,10/01/2017,Hackney,9785.0
Q3_1718,10/01/2017,Hammersmith and Fulham,6908.0
Q3_1718,10/01/2017,Haringey,10022.0
Q3_1718,10/01/2017,Harrow,4391.0
Q3_1718,10/01/2017,Havering,6089.0
Q3_1718,10/01/2017,Hillingdon,7942.0
Q3_1718,10/01/2017,Hounslow,7976.0
Q3_1718,10/01/2017,Islington,10546.0
Q3_1718,10/01/2017,Kensington and Chelsea,6261.0
Q3_1718,10/01/2017,Kingston upon Thames,3619.0
Q3_1718,10/01/2017,Lambeth,10930.0
Q3_1718,10/01/2017,Lewisham,7790.0
Q3_1718,10/01/2017,Merton,4234.0
Q3_1718,10/01/2017,Newham,11473.0
Q3_1718,10/01/2017,Redbridge,7378.0
Q3_1718,10/01/2017,Richmond upon Thames,3868.0
Q3_1718,10/01/2017,Southwark,11293.0
Q3_1718,10/01/2017,Sutton,3753.0
Q3_1718,10/01/2017,Tower Hamlets,9949.0
Q3_1718,10/01/2017,Waltham Forest,7217.0
Q3_1718,10/01/2017,Wandsworth,8069.0
Q3_1718,10/01/2017,Westminster,18233.0
Q3_1819,10/01/2018,Barking and Dagenham,5987.0
Q3_1819,10/01/2018,Barnet,9240.0
Q3_1819,10/01/2018,Bexley,5158.0
Q3_1819,10/01/2018,Brent,9675.0
Q3_1819,10/01/2018,Bromley,7216.0
Q3_1819,10/01/2018,Camden,11235.0
Q3_1819,10/01/2018,Croydon,10058.0
Q3_1819,10/01/2018,Ealing,9135.0
Q3_1819,10/01/2018,Enfield,9107.0
Q3_1819,10/01/2018,Greenwich,8578.0
Q3_1819,10/01/2018,Hackney,10763.0
Q3_1819,10/01/2018,Hammersmith and Fulham,6990.0
Q3_1819,10/01/2018,Haringey,9849.0
Q3_1819,10/01/2018,Harrow,5112.0
Q3_1819,10/01/2018,Havering,6103.0
Q3_1819,10/01/2018,Hillingdon,8352.0
Q3_1819,10/01/2018,Hounslow,8461.0
Q3_1819,10/01/2018,Islington,9461.0
Q3_1819,10/01/2018,Kensington and Chelsea,6699.0
Q3_1819,10/01/2018,Kingston upon Thames,4071.0
Q3_1819,10/01/2018,Lambeth,10788.0
Q3_1819,10/01/2018,Lewisham,8786.0
Q3_1819,10/01/2018,Merton,4636.0
Q3_1819,10/01/2018,Newham,11669.0
Q3_1819,10/01/2018,Redbridge,7589.0
Q3_1819,10/01/2018,Richmond upon Thames,4000.0
Q3_1819,10/01/2018,Southwark,11708.0
Q3_1819,10/01/2018,Sutton,4028.0
Q3_1819,10/01/2018,Tower Hamlets,10703.0
Q3_1819,10/01/2018,Waltham Forest,7827.0
Q3_1819,10/01/2018,Wandsworth,7642.0
Q3_1819,10/01/2018,Westminster,22417.0
Q3_1920,10/01/2019,Barking and Dagenham,6640.0
Q3_1920,10/01/2019,Barnet,10152.0
Q3_1920,10/01/2019,Bexley,5810.0
Q3_1920,10/01/2019,Brent,9606.0
Q3_1920,10/01/2019,Bromley,8210.0
Q3_1920,10/01/2019,Camden,13183.0
Q3_1920,10/01/2019,Croydon,11189.0
Q3_1920,10/01/2019,Ealing,10006.0
Q3_1920,10/01/2019,Enfield,10034.0
Q3_1920,10/01/2019,Greenwich,9204.0
Q3_1920,10/01/2019,Hackney,11140.0
Q3_1920,10/01/2019,Hammersmith and Fulham,7371.0
Q3_1920,10/01/2019,Haringey,10535.0
Q3_1920,10/01/2019,Harrow,5548.0
Q3_1920,10/01/2019,Havering,6122.0
Q3_1920,10/01/2019,Hillingdon,8694.0
Q3_1920,10/01/2019,Hounslow,8597.0
Q3_1920,10/01/2019,Islington,10304.0
Q3_1920,10/01/2019,Kensington and Chelsea,7848.0
Q3_1920,10/01/2019,Kingston upon Thames,4049.0
Q3_1920,10/01/2019,Lambeth,11357.0
Q3_1920,10/01/2019,Lewisham,9446.0
Q3_1920,10/01/2019,Merton,4518.0
Q3_1920,10/01/2019,Newham,11767.0
Q3_1920,10/01/2019,Redbridge,7741.0
Q3_1920,10/01/2019,Richmond upon Thames,4076.0
Q3_1920,10/01/2019,Southwark,13332.0
Q3_1920,10/01/2019,Sutton,4392.0
Q3_1920,10/01/2019,Tower Hamlets,11451.0
Q3_1920,10/01/2019,Waltham Forest,7461.0
Q3_1920,10/01/2019,Wandsworth,8211.0
Q3_1920,10/01/2019,Westminster,26198.0
Q3_2021,10/01/2020,Barking and Dagenham,6286.0
Q3_2021,10/01/2020,Barnet,8844.0
Q3_2021,10/01/2020,Bexley,5010.0
Q3_2021,10/01/2020,Brent,9176.0
Q3_2021,10/01/2020,Bromley,7075.0
Q3_2021,10/01/2020,Camden,9303.0
Q3_2021,10/01/2020,Croydon,10217.0
Q3_2021,10/01/2020,Ealing,9203.0
Q3_2021,10/01/2020,Enfield,9473.0
Q3_2021,10/01/2020,Greenwich,7953.0
Q3_2021,10/01/2020,Hackney,10528.0
Q3_2021,10/01/2020,Hammersmith and Fulham,5859.0
Q3_2021,10/01/2020,Haringey,9233.0
Q3_2021,10/01/2020,Harrow,5064.0
Q3_2021,10/01/2020,Havering,5442.0
Q3_2021,10/01/2020,Hillingdon,7867.0
Q3_2021,10/01/2020,Hounslow,7491.0
Q3_2021,10/01/2020,Islington,8099.0
Q3_2021,10/01/2020,Kensington and Chelsea,5497.0
Q3_2021,10/01/2020,Kingston upon Thames,3243.0
Q3_2021,10/01/2020,Lambeth,9792.0
Q3_2021,10/01/2020,Lewisham,8926.0
Q3_2021,10/01/2020,Merton,4351.0
Q3_2021,10/01/2020,Newham,11311.0
Q3_2021,10/01/2020,Redbridge,7425.0
Q3_2021,10/01/2020,Richmond upon Thames,3630.0
Q3_2021,10/01/2020,Southwark,10528.0
Q3_2021,10/01/2020,Sutton,4078.0
Q3_2021,10/01/2020,Tower Hamlets,10479.0
Q3_2021,10/01/2020,Waltham Forest,7304.0
Q3_2021,10/01/2020,Wandsworth,7910.0
Q3_2021,10/01/2020,Westminster,13886.0
Q3_2122,10/01/2021,Barking and Dagenham,6428.0
Q3_2122,10/01/2021,Barnet,8696.0
Q3_2122,10/01/2021,Bexley,5344.0
Q3_2122,10/01/2021,Brent,9182.0
Q3_2122,10/01/2021,Bromley,7778.0
Q3_2122,10/01/2021,Camden,10566.0
Q3_2122,10/01/2021,Croydon,11309.0
Q3_2122,10/01/2021,Ealing,9438.0
Q3_2122,10/01/2021,Enfield,9676.0
Q3_2122,10/01/2021,Greenwich,8583.0
Q3_2122,10/01/2021,Hackney,11473.0
Q3_2122,10/01/2021,Hammersmith and Fulham,6462.0
Q3_2122,10/01/2021,Haringey,9516.0
Q3_2122,10/01/2021,Harrow,5089.0
Q3_2122,10/01/2021,Havering,5836.0
Q3_2122,10/01/2021,Hillingdon,8599.0
Q3_2122,10/01/2021,Hounslow,7864.0
Q3_2122,10/01/2021,Islington,9254.0
Q3_2122,10/01/2021,Kensington and Chelsea,6604.0
Q3_2122,10/01/2021,Kingston upon Thames,3855.0
Q3_2122,10/01/2021,Lambeth,10857.0
Q3_2122,10/01/2021,Lewisham,9163.0
Q3_2122,10/01/2021,Merton,4150.0
Q3_2122,10/01/2021,Newham,11765.0
Q3_2122,10/01/2021,Redbridge,8120.0
Q3_2122,10/01/2021,Richmond upon Thames,3485.0
Q3_2122,10/01/2021,Southwark,10425.0
Q3_2122,10/01/2021,Sutton,4612.0
Q3_2122,10/01/2021,Tower Hamlets,10897.0
Q3_2122,10/01/2021,Waltham Forest,7182.0
Q3_2122,10/01/2021,Wandsworth,8407.0
Q3_2122,10/01/2021,Westminster,23268.0
Q3_2223,10/01/2022,Barking and Dagenham,7058.0
Q3_2223,10/01/2022,Barnet,8721.0
Q3_2223,10/01/2022,Bexley,5031.0
Q3_2223,10/01/2022,Brent,9503.0
Q3_2223,10/01/2022,Bromley,7011.0
Q3_2223,10/01/2022,Camden,11948.0
Q3_2223,10/01/2022,Croydon,10788.0
Q3_2223,10/01/2022,Ealing,9336.0
Q3_2223,10/01/2022,Enfield,9297.0
Q3_2223,10/01/2022,Greenwich,8645.0
Q3_2223,10/01/2022,Hackney,10262.0
Q3_2223,10/01/2022,Hammersmith and Fulham,6079.0
Q3_2223,10/01/2022,Haringey,8990.0
Q3_2223,10/01/2022,Harrow,5115.0
Q3_2223,10/01/2022,Havering,6058.0
Q3_2223,10/01/2022,Hillingdon,8755.0
Q3_2223,10/01/2022,Hounslow,7955.0
Q3_2223,10/01/2022,Islington,9549.0
Q3_2223,10/01/2022,Kensington and Chelsea,6564.0
Q3_2223,10/01/2022,Kingston upon Thames,3646.0
Q3_2223,10/01/2022,Lambeth,10986.0
Q3_2223,10/01/2022,Lewisham,8811.0
Q3_2223,10/01/2022,Merton,4413.0
Q3_2223,10/01/2022,Newham,11398.0
Q3_2223,10/01/2022,Redbridge,7896.0
Q3_2223,10/01/2022,Richmond upon Thames,3470.0
Q3_2223,10/01/2022,Southwark,11290.0
Q3_2223,10/01/2022,Sutton,4080.0
Q3_2223,10/01/2022,Tower Hamlets,10748.0
Q3_2223,10/01/2022,Waltham Forest,7174.0
Q3_2223,10/01/2022,Wandsworth,7413.0
Q3_2223,10/01/2022,Westminster,31453.0
Q3_2324,10/01/2023,Barking and Dagenham,6583.0
Q3_2324,10/01/2023,Barnet,10662.0
Q3_2324,10/01/2023,Bexley,5702.0
Q3_2324,10/01/2023,Brent,10566.0
Q3_2324,10/01/2023,Bromley,7618.0
Q3_2324,10/01/2023,Camden,13904.0
Q3_2324,10/01/2023,Croydon,11539.0
Q3_2324,10/01/2023,Ealing,10507.0
Q3_2324,10/01/2023,Enfield,9931.0
Q3_2324,10/01/2023,Greenwich,9236.0
Q3_2324,10/01/2023,Hackney,11663.0
Q3_2324,10/01/2023,Hammersmith and Fulham,7322.0
Q3_2324,10/01/2023,Haringey,10237.0
Q3_2324,10/01/2023,Harrow,5146.0
Q3_2324,10/01/2023,Havering,7255.0
Q3_2324,10/01/2023,Hillingdon,7509.0
Q3_2324,10/01/2023,Hounslow,9185.0
Q3_2324,10/01/2023,Islington,9340.0
Q3_2324,10/01/2023,Kensington and Chelsea,7744.0
Q3_2324,10/01/2023,Kingston upon Thames,3828.0
Q3_2324,10/01/2023,Lambeth,11913.0
Q3_2324,10/01/2023,Lewisham,9498.0
Q3_2324,10/01/2023,Merton,4650.0
Q3_2324,10/01/2023,Newham,13807.0
Q3_2324,10/01/2023,Redbridge,8030.0
Q3_2324,10/01/2023,Richmond upon Thames,3609.0
Q3_2324,10/01/2023,Southwark,12860.0
Q3_2324,10/01/2023,Sutton,4376.0
Q3_2324,10/01/2023,Tower Hamlets,13458.0
Q3_2324,10/01/2023,Waltham Forest,7772.0
Q3_2324,10/01/2023,Wandsworth,8938.0
Q3_2324,10/01/2023,Westminster,37710.0
Q3_2425,10/01/2024,Barking and Dagenham,7243.0
Q3_2425,10/01/2024,Barnet,9391.0
Q3_2425,10/01/2024,Bexley,5253.0
Q3_2425,10/01/2024,Brent,10605.0
Q3_2425,10/01/2024,Bromley,7849.0
Q3_2425,10/01/2024,Camden,15457.0
Q3_2425,10/01/2024,Croydon,11869.0
Q3_2425,10/01/2024,Ealing,10393.0
Q3_2425,10/01/2024,Enfield,10452.0
Q3_2425,10/01/2024,Greenwich,9471.0
Q3_2425,10/01/2024,Hackney,11690.0
Q3_2425,10/01/2024,Hammersmith and Fulham,7288.0
Q3_2425,10/01/2024,Haringey,9623.0
Q3_2425,10/01/2024,Harrow,6069.0
Q3_2425,10/01/2024,Havering,6362.0
Q3_2425,10/01/2024,Hillingdon,9593.0
Q3_2425,10/01/2024,Hounslow,8958.0
Q3_2425,10/01/2024,Islington,10474.0
Q3_2425,10/01/2024,Kensington and Chelsea,7536.0
Q3_2425,10/01/2024,Kingston upon Thames,3520.0
Q3_2425,10/01/2024,Lambeth,12982.0
Q3_2425,10/01/2024,Lewisham,10101.0
Q3_2425,10/01/2024,Merton,4472.0
Q3_2425,10/01/2024,Newham,13852.0
Q3_2425,10/01/2024,Redbridge,8046.0
Q3_2425,10/01/2024,Richmond upon Thames,3931.0
Q3_2425,10/01/2024,Southwark,14417.0
Q3_2425,10/01/2024,Sutton,4336.0
Q3_2425,10/01/2024,Tower Hamlets,12122.0
Q3_2425,10/01/2024,Waltham Forest,8512.0
Q3_2425,10/01/2024,Wandsworth,8340.0
Q3_2425,10/01/2024,Westminster,37408.0
Q3_2526,10/01/2025,Barking and Dagenham,6892.0
Q3_2526,10/01/2025,Barnet,9281.0
Q3_2526,10/01/2025,Bexley,5135.0
Q3_2526,10/01/2025,Brent,10592.0
Q3_2526,10/01/2025,Bromley,7391.0
Q3_2526,10/01/2025,Camden,13046.0
Q3_2526,10/01/2025,Croydon,10295.0
Q3_2526,10/01/2025,Ealing,10403.0
Q3_2526,10/01/2025,Enfield,9417.0
Q3_2526,10/01/2025,Greenwich,8795.0
Q3_2526,10/01/2025,Hackney,10619.0
Q3_2526,10/01/2025,Hammersmith and Fulham,6447.0
Q3_2526,10/01/2025,Haringey,9207.0
Q3_2526,10/01/2025,Harrow,5470.0
Q3_2526,10/01/2025,Havering,6162.0
Q3_2526,10/01/2025,Hillingdon,9607.0
Q3_2526,10/01/2025,Hounslow,8463.0
Q3_2526,10/01/2025,Islington,9661.0
Q3_2526,10/01/2025,Kensington and Chelsea,6573.0
Q3_2526,10/01/2025,Kingston upon Thames,3916.0
Q3_2526,10/01/2025,Lambeth,12196.0
Q3_2526,10/01/2025,Lewisham,9689.0
Q3_2526,10/01/2025,Merton,4280.0
Q3_2526,10/01/2025,Newham,13895.0
Q3_2526,10/01/2025,Redbridge,8361.0
Q3_2526,10/01/2025,Richmond upon Thames,3390.0
Q3_2526,10/01/2025,Southwark,13305.0
Q3_2526,10/01/2025,Sutton,4349.0
Q3_2526,10/01/2025,Tower Hamlets,12327.0
Q3_2526,10/01/2025,Waltham Forest,7366.0
Q3_2526,10/01/2025,Wandsworth,8320.0
Q3_2526,10/01/2025,Westminster,29500.0
Q4_1415,01/01/2015,Barking and Dagenham,1322.0
Q4_1415,01/01/2015,Barnet,1415.0
Q4_1415,01/01/2015,Bexley,728.0
Q4_1415,01/01/2015,Brent,1662.0
Q4_1415,01/01/2015,Bromley,1178.0
Q4_1415,01/01/2015,Camden,1737.0
Q4_1415,01/01/2015,Croydon,1970.0
Q4_1415,01/01/2015,Ealing,1412.0
Q4_1415,01/01/2015,Enfield,1429.0
Q4_1415,01/01/2015,Greenwich,1454.0
Q4_1415,01/01/2015,Hackney,2132.0
Q4_1415,01/01/2015,Hammersmith and Fulham,1088.0
Q4_1415,01/01/2015,Haringey,1712.0
Q4_1415,01/01/2015,Harrow,802.0
Q4_1415,01/01/2015,Havering,913.0
Q4_1415,01/01/2015,Hillingdon,1350.0
Q4_1415,01/01/2015,Hounslow,1233.0
Q4_1415,01/01/2015,Islington,2355.0
Q4_1415,01/01/2015,Kensington and Chelsea,958.0
Q4_1415,01/01/2015,Kingston upon Thames,505.0
Q4_1415,01/01/2015,Lambeth,1960.0
Q4_1415,01/01/2015,Lewisham,1613.0
Q4_1415,01/01/2015,Merton,744.0
Q4_1415,01/01/2015,Newham,2027.0
Q4_1415,01/01/2015,Redbridge,1115.0
Q4_1415,01/01/2015,Richmond upon Thames,509.0
Q4_1415,01/01/2015,Southwark,1946.0
Q4_1415,01/01/2015,Sutton,678.0
Q4_1415,01/01/2015,Tower Hamlets,1909.0
Q4_1415,01/01/2015,Waltham Forest,1499.0
Q4_1415,01/01/2015,Wandsworth,1187.0
Q4_1415,01/01/2015,Westminster,2310.0
Q4_1516,01/01/2016,Barking and Dagenham,1415.0
Q4_1516,01/01/2016,Barnet,1572.0
Q4_1516,01/01/2016,Bexley,892.0
Q4_1516,01/01/2016,Brent,1757.0
Q4_1516,01/01/2016,Bromley,1141.0
Q4_1516,01/01/2016,Camden,1678.0
Q4_1516,01/01/2016,Croydon,1808.0
Q4_1516,01/01/2016,Ealing,1733.0
Q4_1516,01/01/2016,Enfield,1450.0
Q4_1516,01/01/2016,Greenwich,1639.0
Q4_1516,01/01/2016,Hackney,1875.0
Q4_1516,01/01/2016,Hammersmith and Fulham,1054.0
Q4_1516,01/01/2016,Haringey,2020.0
Q4_1516,01/01/2016,Harrow,848.0
Q4_1516,01/01/2016,Havering,1136.0
Q4_1516,01/01/2016,Hillingdon,1298.0
Q4_1516,01/01/2016,Hounslow,1528.0
Q4_1516,01/01/2016,Islington,1923.0
Q4_1516,01/01/2016,Kensington and Chelsea,833.0
Q4_1516,01/01/2016,Kingston upon Thames,561.0
Q4_1516,01/01/2016,Lambeth,1957.0
Q4_1516,01/01/2016,Lewisham,1702.0
Q4_1516,01/01/2016,Merton,886.0
Q4_1516,01/01/2016,Newham,2110.0
Q4_1516,01/01/2016,Redbridge,1319.0
Q4_1516,01/01/2016,Richmond upon Thames,575.0
Q4_1516,01/01/2016,Southwark,2053.0
Q4_1516,01/01/2016,Sutton,700.0
Q4_1516,01/01/2016,Tower Hamlets,2025.0
Q4_1516,01/01/2016,Waltham Forest,1525.0
Q4_1516,01/01/2016,Wandsworth,1305.0
Q4_1516,01/01/2016,Westminster,2358.0
Q4_1617,01/01/2017,Barking and Dagenham,1224.0
Q4_1617,01/01/2017,Barnet,1745.0
Q4_1617,01/01/2017,Bexley,871.0
Q4_1617,01/01/2017,Brent,1812.0
Q4_1617,01/01/2017,Bromley,1392.0
Q4_1617,01/01/2017,Camden,2311.0
Q4_1617,01/01/2017,Croydon,2334.0
Q4_1617,01/01/2017,Ealing,1788.0
Q4_1617,01/01/2017,Enfield,1573.0
Q4_1617,01/01/2017,Greenwich,1644.0
Q4_1617,01/01/2017,Hackney,2846.0
Q4_1617,01/01/2017,Hammersmith and Fulham,1160.0
Q4_1617,01/01/2017,Haringey,2307.0
Q4_1617,01/01/2017,Harrow,830.0
Q4_1617,01/01/2017,Havering,1089.0
Q4_1617,01/01/2017,Hillingdon,1305.0
Q4_1617,01/01/2017,Hounslow,1593.0
Q4_1617,01/01/2017,Islington,2501.0
Q4_1617,01/01/2017,Kensington and Chelsea,1027.0
Q4_1617,01/01/2017,Kingston upon Thames,601.0
Q4_1617,01/01/2017,Lambeth,2148.0
Q4_1617,01/01/2017,Lewisham,1890.0
Q4_1617,01/01/2017,Merton,782.0
Q4_1617,01/01/2017,Newham,2311.0
Q4_1617,01/01/2017,Redbridge,1362.0
Q4_1617,01/01/2017,Richmond upon Thames,551.0
Q4_1617,01/01/2017,Southwark,2417.0
Q4_1617,01/01/2017,Sutton,819.0
Q4_1617,01/01/2017,Tower Hamlets,2152.0
Q4_1617,01/01/2017,Waltham Forest,1514.0
Q4_1617,01/01/2017,Wandsworth,1401.0
Q4_1617,01/01/2017,Westminster,2943.0
Q4_1718,01/01/2018,Barking and Dagenham,5713.0
Q4_1718,01/01/2018,Barnet,8232.0
Q4_1718,01/01/2018,Bexley,4281.0
Q4_1718,01/01/2018,Brent,9213.0
Q4_1718,01/01/2018,Bromley,6866.0
Q4_1718,01/01/2018,Camden,11444.0
Q4_1718,01/01/2018,Croydon,9454.0
Q4_1718,01/01/2018,Ealing,8219.0
Q4_1718,01/01/2018,Enfield,8204.0
Q4_1718,01/01/2018,Greenwich,7331.0
Q4_1718,01/01/2018,Hackney,8745.0
Q4_1718,01/01/2018,Hammersmith and Fulham,6245.0
Q4_1718,01/01/2018,Haringey,9182.0
Q4_1718,01/01/2018,Harrow,4388.0
Q4_1718,01/01/2018,Havering,5548.0
Q4_1718,01/01/2018,Hillingdon,7454.0
Q4_1718,01/01/2018,Hounslow,7527.0
Q4_1718,01/01/2018,Islington,8945.0
Q4_1718,01/01/2018,Kensington and Chelsea,6029.0
Q4_1718,01/01/2018,Kingston upon Thames,3499.0
Q4_1718,01/01/2018,Lambeth,10242.0
Q4_1718,01/01/2018,Lewisham,7704.0
Q4_1718,01/01/2018,Merton,4101.0
Q4_1718,01/01/2018,Newham,10702.0
Q4_1718,01/01/2018,Redbridge,7249.0
Q4_1718,01/01/2018,Richmond upon Thames,3486.0
Q4_1718,01/01/2018,Southwark,10182.0
Q4_1718,01/01/2018,Sutton,3540.0
Q4_1718,01/01/2018,Tower Hamlets,9547.0
Q4_1718,01/01/2018,Waltham Forest,7240.0
Q4_1718,01/01/2018,Wandsworth,7674.0
Q4_1718,01/01/2018,Westminster,17119.0
Q4_1819,01/01/2019,Barking and Dagenham,6302.0
Q4_1819,01/01/2019,Barnet,9821.0
Q4_1819,01/01/2019,Bexley,5311.0
Q4_1819,01/01/2019,Brent,9422.0
Q4_1819,01/01/2019,Bromley,7323.0
Q4_1819,01/01/2019,Camden,11976.0
Q4_1819,01/01/2019,Croydon,9976.0
Q4_1819,01/01/2019,Ealing,9632.0
Q4_1819,01/01/2019,Enfield,9247.0
Q4_1819,01/01/2019,Greenwich,8188.0
Q4_1819,01/01/2019,Hackney,10476.0
Q4_1819,01/01/2019,Hammersmith and Fulham,6768.0
Q4_1819,01/01/2019,Haringey,10080.0
Q4_1819,01/01/2019,Harrow,5261.0
Q4_1819,01/01/2019,Havering,5890.0
Q4_1819,01/01/2019,Hillingdon,8159.0
Q4_1819,01/01/2019,Hounslow,8239.0
Q4_1819,01/01/2019,Islington,9161.0
Q4_1819,01/01/2019,Kensington and Chelsea,6598.0
Q4_1819,01/01/2019,Kingston upon Thames,4023.0
Q4_1819,01/01/2019,Lambeth,10802.0
Q4_1819,01/01/2019,Lewisham,8710.0
Q4_1819,01/01/2019,Merton,4425.0
Q4_1819,01/01/2019,Newham,10954.0
Q4_1819,01/01/2019,Redbridge,7264.0
Q4_1819,01/01/2019,Richmond upon Thames,3746.0
Q4_1819,01/01/2019,Southwark,12125.0
Q4_1819,01/01/2019,Sutton,4225.0
Q4_1819,01/01/2019,Tower Hamlets,10844.0
Q4_1819,01/01/2019,Waltham Forest,7411.0
Q4_1819,01/01/2019,Wandsworth,7783.0
Q4_1819,01/01/2019,Westminster,24836.0
Q4_1920,01/01/2020,Barking and Dagenham,6623.0
Q4_1920,01/01/2020,Barnet,9527.0
Q4_1920,01/01/2020,Bexley,5488.0
Q4_1920,01/01/2020,Brent,8991.0
Q4_1920,01/01/2020,Bromley,7298.0
Q4_1920,01/01/2020,Camden,12082.0
Q4_1920,01/01/2020,Croydon,11148.0
Q4_1920,01/01/2020,Ealing,9331.0
Q4_1920,01/01/2020,Enfield,9279.0
Q4_1920,01/01/2020,Greenwich,8536.0
Q4_1920,01/01/2020,Hackney,10413.0
Q4_1920,01/01/2020,Hammersmith and Fulham,6477.0
Q4_1920,01/01/2020,Haringey,9335.0
Q4_1920,01/01/2020,Harrow,5338.0
Q4_1920,01/01/2020,Havering,5873.0
Q4_1920,01/01/2020,Hillingdon,8091.0
Q4_1920,01/01/2020,Hounslow,7938.0
Q4_1920,01/01/2020,Islington,9295.0
Q4_1920,01/01/2020,Kensington and Chelsea,6290.0
Q4_1920,01/01/2020,Kingston upon Thames,3880.0
Q4_1920,01/01/2020,Lambeth,10320.0
Q4_1920,01/01/2020,Lewisham,8605.0
Q4_1920,01/01/2020,Merton,4434.0
Q4_1920,01/01/2020,Newham,11063.0
Q4_1920,01/01/2020,Redbridge,7493.0
Q4_1920,01/01/2020,Richmond upon Thames,3721.0
Q4_1920,01/01/2020,Southwark,10986.0
Q4_1920,01/01/2020,Sutton,4624.0
Q4_1920,01/01/2020,Tower Hamlets,10175.0
Q4_1920,01/01/2020,Waltham Forest,7514.0
Q4_1920,01/01/2020,Wandsworth,7614.0
Q4_1920,01/01/2020,Westminster,22469.0
Q4_2021,01/01/2021,Barking and Dagenham,5737.0
Q4_2021,01/01/2021,Barnet,7953.0
Q4_2021,01/01/2021,Bexley,4318.0
Q4_2021,01/01/2021,Brent,7979.0
Q4_2021,01/01/2021,Bromley,6021.0
Q4_2021,01/01/2021,Camden,7000.0
Q4_2021,01/01/2021,Croydon,9532.0
Q4_2021,01/01/2021,Ealing,8128.0
Q4_2021,01/01/2021,Enfield,8328.0
Q4_2021,01/01/2021,Greenwich,7518.0
Q4_2021,01/01/2021,Hackney,8809.0
Q4_2021,01/01/2021,Hammersmith and Fulham,5223.0
Q4_2021,01/01/2021,Haringey,8096.0
Q4_2021,01/01/2021,Harrow,4237.0
Q4_2021,01/01/2021,Havering,4694.0
Q4_2021,01/01/2021,Hillingdon,7019.0
Q4_2021,01/01/2021,Hounslow,6752.0
Q4_2021,01/01/2021,Islington,6729.0
Q4_2021,01/01/2021,Kensington and Chelsea,4340.0
Q4_2021,01/01/2021,Kingston upon Thames,2659.0
Q4_2021,01/01/2021,Lambeth,8419.0
Q4_2021,01/01/2021,Lewisham,7944.0
Q4_2021,01/01/2021,Merton,3812.0
Q4_2021,01/01/2021,Newham,9473.0
Q4_2021,01/01/2021,Redbridge,6896.0
Q4_2021,01/01/2021,Richmond upon Thames,3028.0
Q4_2021,01/01/2021,Southwark,9088.0
Q4_2021,01/01/2021,Sutton,3449.0
Q4_2021,01/01/2021,Tower Hamlets,9569.0
Q4_2021,01/01/2021,Waltham Forest,6802.0
Q4_2021,01/01/2021,Wandsworth,7272.0
Q4_2021,01/01/2021,Westminster,8323.0
Q4_2122,01/01/2022,Barking and Dagenham,6365.0
Q4_2122,01/01/2022,Barnet,8630.0
Q4_2122,01/01/2022,Bexley,5194.0
Q4_2122,01/01/2022,Brent,9219.0
Q4_2122,01/01/2022,Bromley,7175.0
Q4_2122,01/01/2022,Camden,10452.0
Q4_2122,01/01/2022,Croydon,10550.0
Q4_2122,01/01/2022,Ealing,8915.0
Q4_2122,01/01/2022,Enfield,9605.0
Q4_2122,01/01/2022,Greenwich,8487.0
Q4_2122,01/01/2022,Hackney,10088.0
Q4_2122,01/01/2022,Hammersmith and Fulham,5874.0
Q4_2122,01/01/2022,Haringey,9032.0
Q4_2122,01/01/2022,Harrow,4744.0
Q4_2122,01/01/2022,Havering,5897.0
Q4_2122,01/01/2022,Hillingdon,8053.0
Q4_2122,01/01/2022,Hounslow,7611.0
Q4_2122,01/01/2022,Islington,8941.0
Q4_2122,01/01/2022,Kensington and Chelsea,6137.0
Q4_2122,01/01/2022,Kingston upon Thames,3651.0
Q4_2122,01/01/2022,Lambeth,10318.0
Q4_2122,01/01/2022,Lewisham,8803.0
Q4_2122,01/01/2022,Merton,4287.0
Q4_2122,01/01/2022,Newham,11665.0
Q4_2122,01/01/2022,Redbridge,7680.0
Q4_2122,01/01/2022,Richmond upon Thames,3469.0
Q4_2122,01/01/2022,Southwark,10139.0
Q4_2122,01/01/2022,Sutton,4257.0
Q4_2122,01/01/2022,Tower Hamlets,10259.0
Q4_2122,01/01/2022,Waltham Forest,7170.0
Q4_2122,01/01/2022,Wandsworth,7652.0
Q4_2122,01/01/2022,Westminster,21405.0
Q4_2223,01/01/2023,Barking and Dagenham,6808.0
Q4_2223,01/01/2023,Barnet,8829.0
Q4_2223,01/01/2023,Bexley,5341.0
Q4_2223,01/01/2023,Brent,9267.0
Q4_2223,01/01/2023,Bromley,7032.0
Q4_2223,01/01/2023,Camden,12110.0
Q4_2223,01/01/2023,Croydon,10222.0
Q4_2223,01/01/2023,Ealing,9692.0
Q4_2223,01/01/2023,Enfield,9628.0
Q4_2223,01/01/2023,Greenwich,8454.0
Q4_2223,01/01/2023,Hackney,9984.0
Q4_2223,01/01/2023,Hammersmith and Fulham,6322.0
Q4_2223,01/01/2023,Haringey,9672.0
Q4_2223,01/01/2023,Harrow,4853.0
Q4_2223,01/01/2023,Havering,6430.0
Q4_2223,01/01/2023,Hillingdon,8346.0
Q4_2223,01/01/2023,Hounslow,7977.0
Q4_2223,01/01/2023,Islington,9191.0
Q4_2223,01/01/2023,Kensington and Chelsea,6142.0
Q4_2223,01/01/2023,Kingston upon Thames,3709.0
Q4_2223,01/01/2023,Lambeth,10858.0
Q4_2223,01/01/2023,Lewisham,9358.0
Q4_2223,01/01/2023,Merton,4210.0
Q4_2223,01/01/2023,Newham,11174.0
Q4_2223,01/01/2023,Redbridge,7649.0
Q4_2223,01/01/2023,Richmond upon Thames,3581.0
Q4_2223,01/01/2023,Southwark,11409.0
Q4_2223,01/01/2023,Sutton,4260.0
Q4_2223,01/01/2023,Tower Hamlets,11377.0
Q4_2223,01/01/2023,Waltham Forest,6852.0
Q4_2223,01/01/2023,Wandsworth,7449.0
Q4_2223,01/01/2023,Westminster,28611.0
Q4_2324,01/01/2024,Barking and Dagenham,7095.0
Q4_2324,01/01/2024,Barnet,8930.0
Q4_2324,01/01/2024,Bexley,5541.0
Q4_2324,01/01/2024,Brent,10397.0
Q4_2324,01/01/2024,Bromley,7496.0
Q4_2324,01/01/2024,Camden,14211.0
Q4_2324,01/01/2024,Croydon,11727.0
Q4_2324,01/01/2024,Ealing,10199.0
Q4_2324,01/01/2024,Enfield,9337.0
Q4_2324,01/01/2024,Greenwich,8689.0
Q4_2324,01/01/2024,Hackney,11495.0
Q4_2324,01/01/2024,Hammersmith and Fulham,7057.0
Q4_2324,01/01/2024,Haringey,9101.0
Q4_2324,01/01/2024,Harrow,5298.0
Q4_2324,01/01/2024,Havering,6859.0
Q4_2324,01/01/2024,Hillingdon,8208.0
Q4_2324,01/01/2024,Hounslow,8561.0
Q4_2324,01/01/2024,Islington,9131.0
Q4_2324,01/01/2024,Kensington and Chelsea,7135.0
Q4_2324,01/01/2024,Kingston upon Thames,3579.0
Q4_2324,01/01/2024,Lambeth,12129.0
Q4_2324,01/01/2024,Lewisham,9680.0
Q4_2324,01/01/2024,Merton,4443.0
Q4_2324,01/01/2024,Newham,12968.0
Q4_2324,01/01/2024,Redbridge,8248.0
Q4_2324,01/01/2024,Richmond upon Thames,3602.0
Q4_2324,01/01/2024,Southwark,12856.0
Q4_2324,01/01/2024,Sutton,4396.0
Q4_2324,01/01/2024,Tower Hamlets,11560.0
Q4_2324,01/01/2024,Waltham Forest,7802.0
Q4_2324,01/01/2024,Wandsworth,8322.0
Q4_2324,01/01/2024,Westminster,33375.0
Q4_2425,01/01/2025,Barking and Dagenham,6540.0
Q4_2425,01/01/2025,Barnet,9162.0
Q4_2425,01/01/2025,Bexley,5214.0
Q4_2425,01/01/2025,Brent,10214.0
Q4_2425,01/01/2025,Bromley,7487.0
Q4_2425,01/01/2025,Camden,14023.0
Q4_2425,01/01/2025,Croydon,11167.0
Q4_2425,01/01/2025,Ealing,10319.0
Q4_2425,01/01/2025,Enfield,9581.0
Q4_2425,01/01/2025,Greenwich,8699.0
Q4_2425,01/01/2025,Hackney,10421.0
Q4_2425,01/01/2025,Hammersmith and Fulham,6622.0
Q4_2425,01/01/2025,Haringey,9170.0
Q4_2425,01/01/2025,Harrow,5269.0
Q4_2425,01/01/2025,Havering,6013.0
Q4_2425,01/01/2025,Hillingdon,9437.0
Q4_2425,01/01/2025,Hounslow,8014.0
Q4_2425,01/01/2025,Islington,10220.0
Q4_2425,01/01/2025,Kensington and Chelsea,6818.0
Q4_2425,01/01/2025,Kingston upon Thames,3659.0
Q4_2425,01/01/2025,Lambeth,11595.0
Q4_2425,01/01/2025,Lewisham,8933.0
Q4_2425,01/01/2025,Merton,4240.0
Q4_2425,01/01/2025,Newham,13067.0
Q4_2425,01/01/2025,Redbridge,7605.0
Q4_2425,01/01/2025,Richmond upon Thames,3445.0
Q4_2425,01/01/2025,Southwark,13151.0
Q4_2425,01/01/2025,Sutton,4100.0
Q4_2425,01/01/2025,Tower Hamlets,11150.0
Q4_2425,01/01/2025,Waltham Forest,7476.0
Q4_2425,01/01/2025,Wandsworth,7911.0
Q4_2425,01/01/2025,Westminster,30329.0
Q4_2526,01/01/2026,Barking and Dagenham,4111.0
Q4_2526,01/01/2026,Barnet,6097.0
Q4_2526,01/01/2026,Bexley,3032.0
Q4_2526,01/01/2026,Brent,6316.0
Q4_2526,01/01/2026,Bromley,4556.0
Q4_2526,01/01/2026,Camden,7929.0
Q4_2526,01/01/2026,Croydon,6982.0
Q4_2526,01/01/2026,Ealing,6224.0
Q4_2526,01/01/2026,Enfield,6115.0
Q4_2526,01/01/2026,Greenwich,5718.0
Q4_2526,01/01/2026,Hackney,6525.0
Q4_2526,01/01/2026,Hammersmith and Fulham,3983.0
Q4_2526,01/01/2026,Haringey,5059.0
Q4_2526,01/01/2026,Harrow,3490.0
Q4_2526,01/01/2026,Havering,3831.0
Q4_2526,01/01/2026,Hillingdon,6091.0
Q4_2526,01/01/2026,Hounslow,5373.0
Q4_2526,01/01/2026,Islington,6166.0
Q4_2526,01/01/2026,Kensington and Chelsea,3813.0
Q4_2526,01/01/2026,Kingston upon Thames,2310.0
Q4_2526,01/01/2026,Lambeth,7493.0
Q4_2526,01/01/2026,Lewisham,6024.0
Q4_2526,01/01/2026,Merton,2594.0
Q4_2526,01/01/2026,Newham,8646.0
Q4_2526,01/01/2026,Redbridge,4973.0
Q4_2526,01/01/2026,Richmond upon Thames,2153.0
Q4_2526,01/01/2026,Southwark,8359.0
Q4_2526,01/01/2026,Sutton,2574.0
Q4_2526,01/01/2026,Tower Hamlets,6970.0
Q4_2526,01/01/2026,Waltham Forest,4833.0
Q4_2526,01/01/2026,Wandsworth,5066.0
Q4_2526,01/01/2026,Westminster,15453.0
