source,target,weight
ENFIELDINDEPENDENT,THETOTTENHAMINDEPENDENT,2250
HARWICHANDMANNINGTREESTANDARD,MALDONANDBURNHAMSTANDARD,1517
LANCASHIRETELEGRAPH,WESTERNTELEGRAPH,1411
HARWICHANDMANNINGTREESTANDARD,LANCASHIRETELEGRAPH,1402
LANCASHIRETELEGRAPH,MALDONANDBURNHAMSTANDARD,1400
CHESTERSTANDARD,LANCASHIRETELEGRAPH,1398
LANCASHIRETELEGRAPH,WILTSGLOSSTANDARD,1384
LANCASHIRETELEGRAPH,THETOTTENHAMINDEPENDENT,1367
ENFIELDINDEPENDENT,LANCASHIRETELEGRAPH,1348
GREENOCKTELEGRAPH,LANCASHIRETELEGRAPH,1312
HARWICHANDMANNINGTREESTANDARD,WILTSGLOSSTANDARD,1219
MALDONANDBURNHAMSTANDARD,WESTERNTELEGRAPH,1196
MALDONANDBURNHAMSTANDARD,WILTSGLOSSTANDARD,1193
WESTERNTELEGRAPH,WILTSGLOSSTANDARD,1183
ENFIELDINDEPENDENT,HARWICHANDMANNINGTREESTANDARD,1176
ENFIELDINDEPENDENT,MALDONANDBURNHAMSTANDARD,1169
MALDONANDBURNHAMSTANDARD,THETOTTENHAMINDEPENDENT,1162
THETOTTENHAMINDEPENDENT,WILTSGLOSSTANDARD,1155
HARWICHANDMANNINGTREESTANDARD,THETOTTENHAMINDEPENDENT,1152
HARWICHANDMANNINGTREESTANDARD,WESTERNTELEGRAPH,1146
ENFIELDINDEPENDENT,WESTERNTELEGRAPH,1138
ENFIELDINDEPENDENT,WILTSGLOSSTANDARD,1132
THETOTTENHAMINDEPENDENT,WESTERNTELEGRAPH,1121
GREENOCKTELEGRAPH,WESTERNTELEGRAPH,1111
CHESTERSTANDARD,GREENOCKTELEGRAPH,1109
CHESTERSTANDARD,THETOTTENHAMINDEPENDENT,1102
GREENOCKTELEGRAPH,WILTSGLOSSTANDARD,1092
GREENOCKTELEGRAPH,MALDONANDBURNHAMSTANDARD,1085
CHESTERSTANDARD,HARWICHANDMANNINGTREESTANDARD,1079
CHESTERSTANDARD,WESTERNTELEGRAPH,1075
CHESTERSTANDARD,MALDONANDBURNHAMSTANDARD,1074
CHESTERSTANDARD,ENFIELDINDEPENDENT,1073
GREENOCKTELEGRAPH,HARWICHANDMANNINGTREESTANDARD,1071
CHESTERSTANDARD,WILTSGLOSSTANDARD,1071
GREENOCKTELEGRAPH,THETOTTENHAMINDEPENDENT,1059
ENFIELDINDEPENDENT,GREENOCKTELEGRAPH,1048
LANCASHIRETELEGRAPH,YEOVILEXPRESS,950
HARWICHANDMANNINGTREESTANDARD,YEOVILEXPRESS,884
WESTERNTELEGRAPH,YEOVILEXPRESS,863
MALDONANDBURNHAMSTANDARD,YEOVILEXPRESS,863
WILTSGLOSSTANDARD,YEOVILEXPRESS,859
ENFIELDINDEPENDENT,YEOVILEXPRESS,857
THETOTTENHAMINDEPENDENT,YEOVILEXPRESS,823
GREENOCKTELEGRAPH,YEOVILEXPRESS,727
CHESTERSTANDARD,YEOVILEXPRESS,701
BASILDONSTANDARD,MALDONANDBURNHAMSTANDARD,684
BELFASTTELEGRAPH,EVENINGTELEGRAPH,631
BASILDONSTANDARD,HARWICHANDMANNINGTREESTANDARD,532
BASILDONSTANDARD,WILTSGLOSSTANDARD,504
BASILDONSTANDARD,GREENOCKTELEGRAPH,477
BASILDONSTANDARD,THETOTTENHAMINDEPENDENT,476
BASILDONSTANDARD,ENFIELDINDEPENDENT,472
BASILDONSTANDARD,LANCASHIRETELEGRAPH,472
BASILDONSTANDARD,WESTERNTELEGRAPH,465
BASILDONSTANDARD,YEOVILEXPRESS,449
BASILDONSTANDARD,CHESTERSTANDARD,434
DAILYRECORD,MIRROR,342
ELYSTANDARD,LANCASHIRETELEGRAPH,287
ELYSTANDARD,WISBECHSTANDARD,283
LANCASHIRETELEGRAPH,WISBECHSTANDARD,279
DAILYMAIL,LANCASHIRETELEGRAPH,277
DAILYMAIL,WESTERNTELEGRAPH,262
CHESTERSTANDARD,ELYSTANDARD,258
DAILYMAIL,MALDONANDBURNHAMSTANDARD,254
CHESTERSTANDARD,WISBECHSTANDARD,254
DAILYMAIL,HARWICHANDMANNINGTREESTANDARD,237
DAILYMAIL,THETOTTENHAMINDEPENDENT,237
DAILYMAIL,WILTSGLOSSTANDARD,234
DAILYMAIL,ENFIELDINDEPENDENT,233
DAILYMAIL,YEOVILEXPRESS,224
ELYSTANDARD,THETOTTENHAMINDEPENDENT,216
ELYSTANDARD,GREENOCKTELEGRAPH,210
INDEPENDENT,STANDARD,207
GREENOCKTELEGRAPH,WISBECHSTANDARD,206
THETOTTENHAMINDEPENDENT,WISBECHSTANDARD,206
MALDONANDBURNHAMSTANDARD,WISBECHSTANDARD,206
ELYSTANDARD,WILTSGLOSSTANDARD,205
WILTSGLOSSTANDARD,WISBECHSTANDARD,205
ELYSTANDARD,HARWICHANDMANNINGTREESTANDARD,201
ELYSTANDARD,WESTERNTELEGRAPH,196
ELYSTANDARD,ENFIELDINDEPENDENT,194
HARWICHANDMANNINGTREESTANDARD,WISBECHSTANDARD,192
ELYSTANDARD,MALDONANDBURNHAMSTANDARD,191
WESTERNTELEGRAPH,WISBECHSTANDARD,189
DISSEXPRESS,LANCASHIRETELEGRAPH,184
ENFIELDINDEPENDENT,WISBECHSTANDARD,183
DAILYMAIL,GREENOCKTELEGRAPH,182
GRIMSBYTELEGRAPH,HULLDAILYMAIL,175
BASILDONSTANDARD,DAILYMAIL,166
CHESTERSTANDARD,DISSEXPRESS,156
DERBYTELEGRAPH,HULLDAILYMAIL,153
LANCASHIRETELEGRAPH,STANDARD,151
CHESTERSTANDARD,DAILYMAIL,145
DERBYTELEGRAPH,GRIMSBYTELEGRAPH,143
DISSEXPRESS,GREENOCKTELEGRAPH,141
INDEPENDENT,LANCASHIRETELEGRAPH,140
DISSEXPRESS,THETOTTENHAMINDEPENDENT,133
DISSEXPRESS,MALDONANDBURNHAMSTANDARD,129
DISSEXPRESS,WILTSGLOSSTANDARD,129
DISSEXPRESS,WESTERNTELEGRAPH,128
CHESTERSTANDARD,INDEPENDENT,125
DISSEXPRESS,HARWICHANDMANNINGTREESTANDARD,123
CHESTERSTANDARD,STANDARD,122
DISSEXPRESS,ENFIELDINDEPENDENT,122
GREENOCKTELEGRAPH,STANDARD,100
GREENOCKTELEGRAPH,INDEPENDENT,100
HARWICHANDMANNINGTREESTANDARD,INDEPENDENT,91
INDEPENDENT,WILTSGLOSSTANDARD,91
MALDONANDBURNHAMSTANDARD,STANDARD,90
INDEPENDENT,WISBECHSTANDARD,90
STANDARD,WILTSGLOSSTANDARD,89
ENFIELDINDEPENDENT,STANDARD,87
ENFIELDINDEPENDENT,INDEPENDENT,87
INDEPENDENT,THETOTTENHAMINDEPENDENT,87
STANDARD,THETOTTENHAMINDEPENDENT,86
HARWICHANDMANNINGTREESTANDARD,STANDARD,85
INDEPENDENT,MALDONANDBURNHAMSTANDARD,83
HULLDAILYMAIL,WALESONLINE,82
STANDARD,WESTERNTELEGRAPH,81
MANCHESTEREVENINGNEWS,WALESONLINE,80
INDEPENDENT,WESTERNTELEGRAPH,77
STANDARD,WISBECHSTANDARD,76
ELYSTANDARD,INDEPENDENT,73
DAVENTRYEXPRESS,NORTHANTSTELEGRAPH,71
ELYSTANDARD,STANDARD,68
ESSEXCOUNTYSTANDARD,LANCASHIRETELEGRAPH,67
ESSEXCOUNTYSTANDARD,WESTERNTELEGRAPH,61
ELYSTANDARD,YEOVILEXPRESS,61
WISBECHSTANDARD,YEOVILEXPRESS,57
GRIMSBYTELEGRAPH,WALESONLINE,55
DAVENTRYEXPRESS,WAKEFIELDEXPRESS,46
BIRMINGHAMMAIL,WALESONLINE,44
NORTHANTSTELEGRAPH,SUSSEXEXPRESS,44
NORTHANTSTELEGRAPH,WAKEFIELDEXPRESS,44
ESSEXCOUNTYSTANDARD,MALDONANDBURNHAMSTANDARD,41
SUSSEXEXPRESS,WAKEFIELDEXPRESS,38
BIRMINGHAMMAIL,MANCHESTEREVENINGNEWS,37
DAVENTRYEXPRESS,SUSSEXEXPRESS,37
DERBYTELEGRAPH,WALESONLINE,36
ESSEXCOUNTYSTANDARD,WILTSGLOSSTANDARD,34
ESSEXCOUNTYSTANDARD,YEOVILEXPRESS,34
ESSEXCOUNTYSTANDARD,HARWICHANDMANNINGTREESTANDARD,34
PONTEFRACTANDCASTLEFORDEXPRESS,WAKEFIELDEXPRESS,34
ESSEXCOUNTYSTANDARD,HARINGEYINDEPENDENT,32
HARINGEYINDEPENDENT,LANCASHIRETELEGRAPH,30
LANCASHIRETELEGRAPH,WALESONLINE,29
HARINGEYINDEPENDENT,HARWICHANDMANNINGTREESTANDARD,28
HARINGEYINDEPENDENT,WESTERNTELEGRAPH,28
HARINGEYINDEPENDENT,YEOVILEXPRESS,28
HARINGEYINDEPENDENT,MALDONANDBURNHAMSTANDARD,27
HARINGEYINDEPENDENT,WILTSGLOSSTANDARD,26
ENFIELDINDEPENDENT,ESSEXCOUNTYSTANDARD,25
HEMSWORTHANDSOUTHELMSALLEXPRESS,PONTEFRACTANDCASTLEFORDEXPRESS,24
HEMSWORTHANDSOUTHELMSALLEXPRESS,WAKEFIELDEXPRESS,24
STANDARD,YEOVILEXPRESS,24
INDEPENDENT,YEOVILEXPRESS,23
THETOTTENHAMINDEPENDENT,WALESONLINE,22
CHESTERSTANDARD,WALESONLINE,21
ENFIELDINDEPENDENT,HARINGEYINDEPENDENT,20
HARWICHANDMANNINGTREESTANDARD,WALESONLINE,20
MALDONANDBURNHAMSTANDARD,WALESONLINE,20
ENFIELDINDEPENDENT,WALESONLINE,19
WALESONLINE,WESTERNTELEGRAPH,19
DISSEXPRESS,STANDARD,19
SKEGNESSSTANDARD,SLEAFORDSTANDARD,17
GREENOCKTELEGRAPH,WALESONLINE,17
BOSTONSTANDARD,SKEGNESSSTANDARD,16
DAILYMAIL,ESSEXCOUNTYSTANDARD,15
WALESONLINE,WILTSGLOSSTANDARD,15
MALDONANDBURNHAMSTANDARD,SOUTHENDSTANDARD,14
BOSTONSTANDARD,SLEAFORDSTANDARD,14
WALESONLINE,YEOVILEXPRESS,12
LANCASHIRETELEGRAPH,MANCHESTEREVENINGNEWS,11
DAILYMAIL,STANDARD,10
DAILYSTAR,MIRROR,10
DISSEXPRESS,WALESONLINE,10
SOUTHENDSTANDARD,WESTERNTELEGRAPH,9
BROMSGROVESTANDARD,REDDITCHSTANDARD,9
DROITWICHSTANDARD,REDDITCHSTANDARD,9
BELFASTTELEGRAPH,DAILYMAIL,8
LANCASHIRETELEGRAPH,SOUTHENDSTANDARD,8
CHESTERSTANDARD,MANCHESTEREVENINGNEWS,8
ESSEXCOUNTYSTANDARD,SOUTHENDSTANDARD,7
HARINGEYINDEPENDENT,SOUTHENDSTANDARD,7
HARWICHANDMANNINGTREESTANDARD,SOUTHENDSTANDARD,7
BELFASTTELEGRAPH,EVENINGEXPRESS,7
BROMSGROVESTANDARD,DROITWICHSTANDARD,7
SOUTHENDSTANDARD,WILTSGLOSSTANDARD,6
SOUTHENDSTANDARD,YEOVILEXPRESS,6
DAILYMAIL,HARINGEYINDEPENDENT,6
BIRMINGHAMMAIL,LANCASHIRETELEGRAPH,6
HULLDAILYMAIL,MANCHESTEREVENINGNEWS,6
MANCHESTEREVENINGNEWS,MIRROR,6
MANCHESTEREVENINGNEWS,THETOTTENHAMINDEPENDENT,6
MANCHESTEREVENINGNEWS,WILTSGLOSSTANDARD,6
DAILYRECORD,LANCASHIRETELEGRAPH,5
BIRMINGHAMMAIL,MIRROR,5
METRO,STANDARD,5
DAILYMAIL,EXPRESS,5
DAVENTRYEXPRESS,LYTHAMSTANNESEXPRESS,5
DAVENTRYEXPRESS,PONTEFRACTANDCASTLEFORDEXPRESS,5
LYTHAMSTANNESEXPRESS,PONTEFRACTANDCASTLEFORDEXPRESS,5
LYTHAMSTANNESEXPRESS,WAKEFIELDEXPRESS,5
LANCASHIRETELEGRAPH,THEGUARDIAN,5
BOSTONSTANDARD,DAVENTRYEXPRESS,5
DAVENTRYEXPRESS,SKEGNESSSTANDARD,5
DAVENTRYEXPRESS,SLEAFORDSTANDARD,5
BBC,THEGUARDIAN,5
DERBYTELEGRAPH,MANCHESTEREVENINGNEWS,5
GRIMSBYTELEGRAPH,MANCHESTEREVENINGNEWS,5
MIRROR,WALESONLINE,5
HARWICHANDMANNINGTREESTANDARD,MANCHESTEREVENINGNEWS,5
CHESTERSTANDARD,HULLDAILYMAIL,5
ENFIELDINDEPENDENT,HULLDAILYMAIL,5
GREENOCKTELEGRAPH,HULLDAILYMAIL,5
HARWICHANDMANNINGTREESTANDARD,HULLDAILYMAIL,5
HULLDAILYMAIL,MALDONANDBURNHAMSTANDARD,5
HULLDAILYMAIL,WILTSGLOSSTANDARD,5
HULLDAILYMAIL,YEOVILEXPRESS,5
MALDONANDBURNHAMSTANDARD,MANCHESTEREVENINGNEWS,5
STANDARD,THEGUARDIAN,4
DAILYRECORD,HARWICHANDMANNINGTREESTANDARD,4
DAILYRECORD,WILTSGLOSSTANDARD,4
EXPRESS,GREENOCKTELEGRAPH,4
EXPRESS,LANCASHIRETELEGRAPH,4
EXPRESS,MALDONANDBURNHAMSTANDARD,4
EXPRESS,WESTERNTELEGRAPH,4
DAVENTRYEXPRESS,HEMSWORTHANDSOUTHELMSALLEXPRESS,4
HEMSWORTHANDSOUTHELMSALLEXPRESS,LYTHAMSTANNESEXPRESS,4
HEMSWORTHANDSOUTHELMSALLEXPRESS,NORTHANTSTELEGRAPH,4
LYTHAMSTANNESEXPRESS,NORTHANTSTELEGRAPH,4
LYTHAMSTANNESEXPRESS,SUSSEXEXPRESS,4
NORTHANTSTELEGRAPH,PONTEFRACTANDCASTLEFORDEXPRESS,4
DAILYRECORD,ENFIELDINDEPENDENT,4
DAILYRECORD,THETOTTENHAMINDEPENDENT,4
BASILDONSTANDARD,SOUTHENDSTANDARD,4
ENFIELDINDEPENDENT,THEGUARDIAN,4
HARWICHANDMANNINGTREESTANDARD,THEGUARDIAN,4
MALDONANDBURNHAMSTANDARD,THEGUARDIAN,4
BASILDONSTANDARD,STANDARD,4
BBC,CHESTERSTANDARD,4
BIRMINGHAMMAIL,GRIMSBYTELEGRAPH,4
LYTHAMSTANNESEXPRESS,SKEGNESSSTANDARD,4
LYTHAMSTANNESEXPRESS,SLEAFORDSTANDARD,4
PONTEFRACTANDCASTLEFORDEXPRESS,SKEGNESSSTANDARD,4
PONTEFRACTANDCASTLEFORDEXPRESS,SLEAFORDSTANDARD,4
SKEGNESSSTANDARD,WAKEFIELDEXPRESS,4
SLEAFORDSTANDARD,WAKEFIELDEXPRESS,4
HULLDAILYMAIL,LANCASHIRETELEGRAPH,4
HULLDAILYMAIL,THETOTTENHAMINDEPENDENT,4
HULLDAILYMAIL,WESTERNTELEGRAPH,4
ELYSTANDARD,MANCHESTEREVENINGNEWS,4
GREENOCKTELEGRAPH,MANCHESTEREVENINGNEWS,4
MANCHESTEREVENINGNEWS,WESTERNTELEGRAPH,4
DISSEXPRESS,INDEPENDENT,4
DAILYMAIL,SOUTHENDSTANDARD,3
DAILYRECORD,WESTERNTELEGRAPH,3
ENFIELDINDEPENDENT,EXPRESS,3
EXPRESS,HARWICHANDMANNINGTREESTANDARD,3
EXPRESS,THETOTTENHAMINDEPENDENT,3
EXPRESS,WILTSGLOSSTANDARD,3
HEMSWORTHANDSOUTHELMSALLEXPRESS,SUSSEXEXPRESS,3
PONTEFRACTANDCASTLEFORDEXPRESS,SUSSEXEXPRESS,3
DAILYRECORD,MALDONANDBURNHAMSTANDARD,3
DAILYMAIL,INDEPENDENT,3
THEGUARDIAN,WESTERNTELEGRAPH,3
MIRROR,STANDARD,3
INDEPENDENT,METRO,3
INDEPENDENT,THEGUARDIAN,3
BIRMINGHAMMAIL,DAILYMAIL,3
LANCASHIRETELEGRAPH,METRO,3
DAILYMAIL,EVENINGTELEGRAPH,3
BBC,WALESONLINE,3
BBC,HARWICHANDMANNINGTREESTANDARD,3
BBC,WILTSGLOSSTANDARD,3
ENFIELDINDEPENDENT,MANCHESTEREVENINGNEWS,3
BIRMINGHAMMAIL,HULLDAILYMAIL,3
BOSTONSTANDARD,GAINSBOROUGHSTANDARD,3
BOSTONSTANDARD,LYTHAMSTANNESEXPRESS,3
BOSTONSTANDARD,PONTEFRACTANDCASTLEFORDEXPRESS,3
BOSTONSTANDARD,WAKEFIELDEXPRESS,3
DAVENTRYEXPRESS,GAINSBOROUGHSTANDARD,3
GAINSBOROUGHSTANDARD,LYTHAMSTANNESEXPRESS,3
GAINSBOROUGHSTANDARD,PONTEFRACTANDCASTLEFORDEXPRESS,3
GAINSBOROUGHSTANDARD,SKEGNESSSTANDARD,3
GAINSBOROUGHSTANDARD,SLEAFORDSTANDARD,3
GAINSBOROUGHSTANDARD,WAKEFIELDEXPRESS,3
HEMSWORTHANDSOUTHELMSALLEXPRESS,SKEGNESSSTANDARD,3
HEMSWORTHANDSOUTHELMSALLEXPRESS,SLEAFORDSTANDARD,3
NORTHANTSTELEGRAPH,SKEGNESSSTANDARD,3
NORTHANTSTELEGRAPH,SLEAFORDSTANDARD,3
DAILYRECORD,THEGUARDIAN,3
BIRMINGHAMMAIL,CHESTERSTANDARD,3
BIRMINGHAMMAIL,HARWICHANDMANNINGTREESTANDARD,3
BBC,ENFIELDINDEPENDENT,3
BBC,LANCASHIRETELEGRAPH,3
INDEPENDENT,MANCHESTEREVENINGNEWS,3
HULLDAILYMAIL,INDEPENDENT,3
INDEPENDENT,WALESONLINE,3
CHESTERSTANDARD,MYLONDON,3
MYLONDON,WILTSGLOSSTANDARD,3
DISSEXPRESS,SKEGNESSSTANDARD,2
DISSEXPRESS,SLEAFORDSTANDARD,2
ENFIELDINDEPENDENT,SOUTHENDSTANDARD,2
MACCLESFIELD-EXPRESS,MANCHESTEREVENINGNEWS,2
BBC,THETIMES,2
EXPRESS,YEOVILEXPRESS,2
BELFASTTELEGRAPH,GREENOCKTELEGRAPH,2
BELFASTTELEGRAPH,LANCASHIRETELEGRAPH,2
BELFASTTELEGRAPH,THETOTTENHAMINDEPENDENT,2
DAILYRECORD,YEOVILEXPRESS,2
EXPRESS,MIRROR,2
GREENOCKTELEGRAPH,THEGUARDIAN,2
THEGUARDIAN,WILTSGLOSSTANDARD,2
THEGUARDIAN,YEOVILEXPRESS,2
HEMSWORTHANDSOUTHELMSALLEXPRESS,SHEFFIELDTELEGRAPH,2
PONTEFRACTANDCASTLEFORDEXPRESS,SHEFFIELDTELEGRAPH,2
SHEFFIELDTELEGRAPH,WAKEFIELDEXPRESS,2
DAILYMAIL,METRO,2
METRO,THETOTTENHAMINDEPENDENT,2
BBC,STANDARD,2
EVENINGTELEGRAPH,THEGUARDIAN,2
INDEPENDENT,MIRROR,2
BBC,YEOVILEXPRESS,2
BIRMINGHAMMAIL,DERBYTELEGRAPH,2
BOSTONSTANDARD,HEMSWORTHANDSOUTHELMSALLEXPRESS,2
BOSTONSTANDARD,NORTHANTSTELEGRAPH,2
GAINSBOROUGHSTANDARD,HEMSWORTHANDSOUTHELMSALLEXPRESS,2
GAINSBOROUGHSTANDARD,NORTHANTSTELEGRAPH,2
SKEGNESSSTANDARD,SUSSEXEXPRESS,2
SLEAFORDSTANDARD,SUSSEXEXPRESS,2
CHESTERSTANDARD,EVENINGTELEGRAPH,2
MIRROR,MYLONDON,2
MIRROR,OK,2
DAILYRECORD,WALESONLINE,2
CHESTERSTANDARD,DAILYSTAR,2
DAILYSTAR,GREENOCKTELEGRAPH,2
DAILYSTAR,LANCASHIRETELEGRAPH,2
DAILYSTAR,MALDONANDBURNHAMSTANDARD,2
DAILYSTAR,THETOTTENHAMINDEPENDENT,2
DAILYSTAR,WILTSGLOSSTANDARD,2
DAILYSTAR,STANDARD,2
CHESTERSTANDARD,DERBYTELEGRAPH,2
CHESTERSTANDARD,GRIMSBYTELEGRAPH,2
DERBYTELEGRAPH,ENFIELDINDEPENDENT,2
DERBYTELEGRAPH,GREENOCKTELEGRAPH,2
DERBYTELEGRAPH,HARWICHANDMANNINGTREESTANDARD,2
DERBYTELEGRAPH,MALDONANDBURNHAMSTANDARD,2
DERBYTELEGRAPH,WILTSGLOSSTANDARD,2
DERBYTELEGRAPH,YEOVILEXPRESS,2
ENFIELDINDEPENDENT,GRIMSBYTELEGRAPH,2
GREENOCKTELEGRAPH,GRIMSBYTELEGRAPH,2
GRIMSBYTELEGRAPH,HARWICHANDMANNINGTREESTANDARD,2
GRIMSBYTELEGRAPH,MALDONANDBURNHAMSTANDARD,2
GRIMSBYTELEGRAPH,WILTSGLOSSTANDARD,2
GRIMSBYTELEGRAPH,YEOVILEXPRESS,2
DERBYTELEGRAPH,WESTERNTELEGRAPH,2
BIRMINGHAMMAIL,ENFIELDINDEPENDENT,2
BIRMINGHAMMAIL,GREENOCKTELEGRAPH,2
BIRMINGHAMMAIL,MALDONANDBURNHAMSTANDARD,2
BIRMINGHAMMAIL,THETOTTENHAMINDEPENDENT,2
BIRMINGHAMMAIL,WESTERNTELEGRAPH,2
BBC,GREENOCKTELEGRAPH,2
BBC,MALDONANDBURNHAMSTANDARD,2
BBC,THETOTTENHAMINDEPENDENT,2
BBC,WESTERNTELEGRAPH,2
ELYSTANDARD,HULLDAILYMAIL,2
HULLDAILYMAIL,WISBECHSTANDARD,2
ELYSTANDARD,WALESONLINE,2
WALESONLINE,WISBECHSTANDARD,2
MANCHESTEREVENINGNEWS,STANDARD,2
DAILYMAIL,WISBECHSTANDARD,2
HULLDAILYMAIL,STANDARD,2
CHESTERSTANDARD,DAILYRECORD,2
ENFIELDINDEPENDENT,MYLONDON,2
LANCASHIRETELEGRAPH,MYLONDON,2
MYLONDON,THETOTTENHAMINDEPENDENT,2
MANCHESTEREVENINGNEWS,WISBECHSTANDARD,2
CHESTERSTANDARD,METRO,2
ENFIELDINDEPENDENT,METRO,2
GREENOCKTELEGRAPH,METRO,2
MALDONANDBURNHAMSTANDARD,METRO,2
METRO,WESTERNTELEGRAPH,2
METRO,WILTSGLOSSTANDARD,2
DAILYMAIL,DISSEXPRESS,2
BIRMINGHAMMAIL,DISSEXPRESS,2
CHESTERSTANDARD,EXPRESS,2
DISSEXPRESS,EXPRESS,2
DAILYRECORD,MANCHESTEREVENINGNEWS,2
DAILYRECORD,INDEPENDENT,2
DAILYSTAR,OK,2
BOSTONSTANDARD,DISSEXPRESS,1
DAILYSTAR,EXPRESS,1
ESSEXCOUNTYSTANDARD,THETOTTENHAMINDEPENDENT,1
BELFASTTELEGRAPH,ENFIELDINDEPENDENT,1
BELFASTTELEGRAPH,WESTERNTELEGRAPH,1
BELFASTTELEGRAPH,WILTSGLOSSTANDARD,1
DAILYMAIL,DAILYRECORD,1
BASILDONSTANDARD,THEGUARDIAN,1
THEGUARDIAN,THETOTTENHAMINDEPENDENT,1
BASILDONSTANDARD,EXPRESS,1
DAILYMAIL,WALESONLINE,1
BASILDONSTANDARD,METRO,1
BIRMINGHAMMAIL,YEOVILEXPRESS,1
BASILDONSTANDARD,BBC,1
BBC,DAILYMAIL,1
CHESTERSTANDARD,SOUTHENDSTANDARD,1
GREENOCKTELEGRAPH,SOUTHENDSTANDARD,1
SOUTHENDSTANDARD,THETOTTENHAMINDEPENDENT,1
BELFASTTELEGRAPH,CHESTERSTANDARD,1
BELFASTTELEGRAPH,HARWICHANDMANNINGTREESTANDARD,1
BELFASTTELEGRAPH,THEGUARDIAN,1
THEGUARDIAN,THETIMES,1
EVENINGTELEGRAPH,MALDONANDBURNHAMSTANDARD,1
EVENINGTELEGRAPH,WESTERNTELEGRAPH,1
BASILDONSTANDARD,MANCHESTEREVENINGNEWS,1
BASILDONSTANDARD,WALESONLINE,1
BOSTONSTANDARD,SHEFFIELDTELEGRAPH,1
BOSTONSTANDARD,SUSSEXEXPRESS,1
DAVENTRYEXPRESS,SHEFFIELDTELEGRAPH,1
GAINSBOROUGHSTANDARD,SHEFFIELDTELEGRAPH,1
GAINSBOROUGHSTANDARD,SUSSEXEXPRESS,1
LYTHAMSTANNESEXPRESS,SHEFFIELDTELEGRAPH,1
NORTHANTSTELEGRAPH,SHEFFIELDTELEGRAPH,1
SHEFFIELDTELEGRAPH,SKEGNESSSTANDARD,1
SHEFFIELDTELEGRAPH,SLEAFORDSTANDARD,1
SHEFFIELDTELEGRAPH,SUSSEXEXPRESS,1
DAILYMAIL,REUTERS,1
DAILYMAIL,OK,1
BASILDONSTANDARD,DAILYSTAR,1
DAILYSTAR,ENFIELDINDEPENDENT,1
DAILYSTAR,HARWICHANDMANNINGTREESTANDARD,1
DAILYSTAR,WESTERNTELEGRAPH,1
DAILYSTAR,YEOVILEXPRESS,1
BASILDONSTANDARD,INDEPENDENT,1
MYLONDON,WALESONLINE,1
MANCHESTEREVENINGNEWS,YEOVILEXPRESS,1
EVENINGTELEGRAPH,YEOVILEXPRESS,1
DAILYMAIL,THEGUARDIAN,1
MYLONDON,STANDARD,1
ENFIELDINDEPENDENT,MIRROR,1
MALDONANDBURNHAMSTANDARD,MIRROR,1
DERBYTELEGRAPH,LANCASHIRETELEGRAPH,1
DERBYTELEGRAPH,THETOTTENHAMINDEPENDENT,1
GRIMSBYTELEGRAPH,LANCASHIRETELEGRAPH,1
GRIMSBYTELEGRAPH,THETOTTENHAMINDEPENDENT,1
GRIMSBYTELEGRAPH,WESTERNTELEGRAPH,1
BIRMINGHAMMAIL,WILTSGLOSSTANDARD,1
CHESTERSTANDARD,THEGUARDIAN,1
BIRMINGHAMMAIL,DAILYRECORD,1
BIRMINGHAMMAIL,DAILYSTAR,1
CHESTERSTANDARD,MIRROR,1
GREENOCKTELEGRAPH,MIRROR,1
STANDARD,WALESONLINE,1
GREENOCKTELEGRAPH,THETIMES,1
HARWICHANDMANNINGTREESTANDARD,THETIMES,1
INDEPENDENT,THETIMES,1
LANCASHIRETELEGRAPH,THETIMES,1
MALDONANDBURNHAMSTANDARD,THETIMES,1
STANDARD,THETIMES,1
THETIMES,YEOVILEXPRESS,1
OK,STANDARD,1
MANCHESTEREVENINGNEWS,OK,1
OK,WALESONLINE,1
DAILYRECORD,ELYSTANDARD,1
DAILYRECORD,GREENOCKTELEGRAPH,1
DAILYRECORD,WISBECHSTANDARD,1
THETIMES,WALESONLINE,1
ELYSTANDARD,EXPRESS,1
EXPRESS,WISBECHSTANDARD,1
BBC,DERBYTELEGRAPH,1
BBC,RADIOTIMES,1
DERBYTELEGRAPH,RADIOTIMES,1
RADIOTIMES,WALESONLINE,1
RADIOTIMES,WESTERNTELEGRAPH,1
MANCHESTEREVENINGNEWS,THEGUARDIAN,1
DISSEXPRESS,MANCHESTEREVENINGNEWS,1
MIRROR,THESUN,1
GREENOCKTELEGRAPH,MYLONDON,1
HARWICHANDMANNINGTREESTANDARD,MYLONDON,1
MALDONANDBURNHAMSTANDARD,MYLONDON,1
DISSEXPRESS,MYLONDON,1
MYLONDON,WESTERNTELEGRAPH,1
DISSEXPRESS,THEGUARDIAN,1
DAILYRECORD,HULLDAILYMAIL,1
BBC,DAILYRECORD,1
BBC,DISSEXPRESS,1
BBC,INDEPENDENT,1
DAILYRECORD,DISSEXPRESS,1
DAILYSTAR,MANCHESTEREVENINGNEWS,1
DAILYRECORD,METRO,1
DAILYRECORD,OK,1
INDEPENDENT,OK,1
METRO,OK,1
METRO,THEGUARDIAN,1
OK,THEGUARDIAN,1
DISSEXPRESS,METRO,1
HARWICHANDMANNINGTREESTANDARD,METRO,1
EXPRESS,INDEPENDENT,1
METRO,MIRROR,1
BIRMINGHAMMAIL,EXPRESS,1
BBC,METRO,1
BBC,EXPRESS,1
DAILYSTAR,WALESONLINE,1
