crime_type,metric,n_obs,mean_residual,t_stat_mean,t_p_mean,durbin_watson,bp_stat,bp_p,shapiro_p,skew,kurtosis,max_cooks_d,max_leverage,png_path
ARSON AND CRIMINAL DAMAGE,Good job,36,-0.13333747049689007,-0.10823199137372087,0.9144297715764645,0.1908164075896179,3.966195585915926,0.046422544427184784,0.035719266614861134,0.06127491484500238,-1.334984624822912,0.23907332057570413,0.25633042529199257,C:\Users\einob\OneDrive - King's College London\AA - Individual Project Files\Data_Visuals\Scrollytelling_draft\data\multi_reg_diagnostics\residual_diagnostics_pngs\crime_type\ARSON_AND_CRIMINAL_DAMAGE__Good_job__residuals_diagnostics.png
BURGLARY,Good job,36,-0.12366819538825248,-0.10457336066112623,0.917311336694949,0.1848498541599461,0.3971231295882962,0.5285787449936947,0.57442945699661,0.23139691750112124,-0.7017742535492779,0.14765797251558865,0.4142801128814897,C:\Users\einob\OneDrive - King's College London\AA - Individual Project Files\Data_Visuals\Scrollytelling_draft\data\multi_reg_diagnostics\residual_diagnostics_pngs\crime_type\BURGLARY__Good_job__residuals_diagnostics.png
DOMESTIC ABUSE,Good job,36,-0.11269576723932584,-0.10377256909894635,0.9179421987706894,0.44792565677447427,0.14309186844381783,0.7052264204017313,0.25981478537824665,0.5096798135039867,0.24924835578999494,0.16414522144156735,0.19274450811173588,C:\Users\einob\OneDrive - King's College London\AA - Individual Project Files\Data_Visuals\Scrollytelling_draft\data\multi_reg_diagnostics\residual_diagnostics_pngs\crime_type\DOMESTIC_ABUSE__Good_job__residuals_diagnostics.png
DRUG OFFENCES,Good job,36,-0.08305983945190579,-0.09327615710829563,0.9262160829425914,0.3843033337456719,0.9031883814530572,0.34192822512289833,0.4423588273204747,0.1240634585413435,-0.819715784659043,0.20852252546284022,0.22771658320992538,C:\Users\einob\OneDrive - King's College London\AA - Individual Project Files\Data_Visuals\Scrollytelling_draft\data\multi_reg_diagnostics\residual_diagnostics_pngs\crime_type\DRUG_OFFENCES__Good_job__residuals_diagnostics.png
FRAUD AND FORGERY,Good job,22,-0.003750634857974172,-0.006884914015584877,0.9945716634676659,0.5934148459896914,2.061823279438718,0.15102936460371322,0.3710685787317125,0.7123321108048389,-0.01736308230124095,0.5285696766232572,0.364161182368244,C:\Users\einob\OneDrive - King's College London\AA - Individual Project Files\Data_Visuals\Scrollytelling_draft\data\multi_reg_diagnostics\residual_diagnostics_pngs\crime_type\FRAUD_AND_FORGERY__Good_job__residuals_diagnostics.png
GUN CRIME,Good job,36,-0.07932584675148457,-0.08801619330781515,0.930365485992275,0.4265754136002325,1.8958075280253208,0.1685483417036816,0.5017458627233053,-0.09939700343532228,-0.897432862742038,0.1409372719660738,0.1672691021004385,C:\Users\einob\OneDrive - King's College London\AA - Individual Project Files\Data_Visuals\Scrollytelling_draft\data\multi_reg_diagnostics\residual_diagnostics_pngs\crime_type\GUN_CRIME__Good_job__residuals_diagnostics.png
HATE CRIME,Good job,36,-0.09883603423344287,-0.1016505706585331,0.9196141647218189,0.633006337962453,0.12617281573155914,0.7224336743831292,0.9544939718040196,0.24402211862718556,-0.15449140906025338,0.1297363756302658,0.2711126745453247,C:\Users\einob\OneDrive - King's College London\AA - Individual Project Files\Data_Visuals\Scrollytelling_draft\data\multi_reg_diagnostics\residual_diagnostics_pngs\crime_type\HATE_CRIME__Good_job__residuals_diagnostics.png
KNIFE CRIME,Good job,36,-0.12869525290760042,-0.10678242563413695,0.9155713223477167,0.1456523741056124,0.11729057120868136,0.7319918668647527,0.03226684918023026,0.30872493553788827,-1.0432222030101226,0.27199017709658363,0.24491063513623912,C:\Users\einob\OneDrive - King's College London\AA - Individual Project Files\Data_Visuals\Scrollytelling_draft\data\multi_reg_diagnostics\residual_diagnostics_pngs\crime_type\KNIFE_CRIME__Good_job__residuals_diagnostics.png
LETHAL BARREL DISCHARGE,Good job,36,-0.0739224472631375,-0.10412213451278739,0.9176668051456981,1.281654104861144,0.7896630522722283,0.37420203053135803,0.7803997565447338,-0.2305583634414107,-0.5694299687519164,0.15962542033692562,0.20807693608068345,C:\Users\einob\OneDrive - King's College London\AA - Individual Project Files\Data_Visuals\Scrollytelling_draft\data\multi_reg_diagnostics\residual_diagnostics_pngs\crime_type\LETHAL_BARREL_DISCHARGE__Good_job__residuals_diagnostics.png
MISCELLANEOUS CRIMES AGAINST SOCIETY,Good job,36,-0.047138375057984225,-0.06223451828127808,0.9507301271693588,0.5050386114712925,0.6165604874583122,0.43232830939937883,0.13932778904407728,0.1690974389376118,-0.9701388322505933,0.11846933125081181,0.2856011408201372,C:\Users\einob\OneDrive - King's College London\AA - Individual Project Files\Data_Visuals\Scrollytelling_draft\data\multi_reg_diagnostics\residual_diagnostics_pngs\crime_type\MISCELLANEOUS_CRIMES_AGAINST_SOCIETY__Good_job__residuals_diagnostics.png
POSSESSION OF WEAPONS,Good job,23,-0.003130066331092522,-0.004297014572696359,0.9966102160312316,0.4078841454481256,3.9261291981250643,0.04754125268935596,0.19756768664947988,0.23258524524803614,-1.0831436725411285,0.4449042269169815,0.3356040322712977,C:\Users\einob\OneDrive - King's College London\AA - Individual Project Files\Data_Visuals\Scrollytelling_draft\data\multi_reg_diagnostics\residual_diagnostics_pngs\crime_type\POSSESSION_OF_WEAPONS__Good_job__residuals_diagnostics.png
PUBLIC ORDER OFFENCES,Good job,36,-0.1047591930206478,-0.1003297505203432,0.9206550536693165,0.6493385816840398,0.00048061413049360624,0.9825094469424263,0.41697235108899416,0.18952672292502828,-0.647797787568114,0.36729671808680087,0.22644165694025198,C:\Users\einob\OneDrive - King's College London\AA - Individual Project Files\Data_Visuals\Scrollytelling_draft\data\multi_reg_diagnostics\residual_diagnostics_pngs\crime_type\PUBLIC_ORDER_OFFENCES__Good_job__residuals_diagnostics.png
ROBBERY,Good job,36,-0.08727811070385605,-0.09717570972942292,0.9231412055680858,1.1971486124294108,0.4426210978394334,0.5058600686129564,0.6836381946511834,-0.32137988248182997,-0.5764090838216829,0.07843361511856779,0.2799624219825224,C:\Users\einob\OneDrive - King's College London\AA - Individual Project Files\Data_Visuals\Scrollytelling_draft\data\multi_reg_diagnostics\residual_diagnostics_pngs\crime_type\ROBBERY__Good_job__residuals_diagnostics.png
SEXUAL OFFENCES,Good job,36,-0.07692169499465049,-0.09563713280528789,0.9243542646498139,0.7468112547879576,1.141454708537168,0.28534515003572836,0.02712412145140725,0.8133661221932529,0.10254798964372736,0.1954762385350902,0.3516314348961036,C:\Users\einob\OneDrive - King's College London\AA - Individual Project Files\Data_Visuals\Scrollytelling_draft\data\multi_reg_diagnostics\residual_diagnostics_pngs\crime_type\SEXUAL_OFFENCES__Good_job__residuals_diagnostics.png
THEFT,Good job,36,-0.08916365332694966,-0.09381442316609567,0.925791579587448,0.5705955060052411,2.3259233851645944,0.12723469888032424,0.2545996054322617,0.5779863060316076,0.24155070333687956,0.26089228013453086,0.3096135795182102,C:\Users\einob\OneDrive - King's College London\AA - Individual Project Files\Data_Visuals\Scrollytelling_draft\data\multi_reg_diagnostics\residual_diagnostics_pngs\crime_type\THEFT__Good_job__residuals_diagnostics.png
VEHICLE OFFENCES,Good job,36,-0.10802671656237145,-0.10076053171267939,0.9203155554475847,0.3401842589212661,0.018796440883074084,0.8909516634444158,0.0018311526489729112,0.8047411777675872,-0.5930434823782766,0.14373343156653456,0.19869918275138498,C:\Users\einob\OneDrive - King's College London\AA - Individual Project Files\Data_Visuals\Scrollytelling_draft\data\multi_reg_diagnostics\residual_diagnostics_pngs\crime_type\VEHICLE_OFFENCES__Good_job__residuals_diagnostics.png
VIOLENCE AGAINST THE PERSON,Good job,36,-0.033756988803988905,-0.05047224882822183,0.9600330125895445,1.1082232975841542,0.5287642622276056,0.4671268530692604,0.5871917074909798,-0.17227037033771003,-0.345341678198237,0.15166125868535418,0.2716881229329562,C:\Users\einob\OneDrive - King's College London\AA - Individual Project Files\Data_Visuals\Scrollytelling_draft\data\multi_reg_diagnostics\residual_diagnostics_pngs\crime_type\VIOLENCE_AGAINST_THE_PERSON__Good_job__residuals_diagnostics.png
ARSON AND CRIMINAL DAMAGE,Trust MPS,36,-0.6181439799966372,-0.6072097744586425,0.5476311105496589,0.16920680003302704,0.09977418998320653,0.7521007833190152,0.010096576277403,-0.04701822187004672,-1.4366504235826805,0.326303603541871,0.25633042529199257,C:\Users\einob\OneDrive - King's College London\AA - Individual Project Files\Data_Visuals\Scrollytelling_draft\data\multi_reg_diagnostics\residual_diagnostics_pngs\crime_type\ARSON_AND_CRIMINAL_DAMAGE__Trust_MPS__residuals_diagnostics.png
BURGLARY,Trust MPS,36,-0.5443642486197948,-0.5709993938841734,0.5716484702445843,0.17841635827943497,0.24374796733405057,0.621512144092513,0.2027073015076551,0.0567719608951539,-1.0611624051047437,0.20032035904420187,0.4142801128814897,C:\Users\einob\OneDrive - King's College London\AA - Individual Project Files\Data_Visuals\Scrollytelling_draft\data\multi_reg_diagnostics\residual_diagnostics_pngs\crime_type\BURGLARY__Trust_MPS__residuals_diagnostics.png
DOMESTIC ABUSE,Trust MPS,36,-0.4559321645636043,-0.5240111703635273,0.6035735954077316,0.5153643315681093,0.15491724527557516,0.693879865751444,0.40553658993035874,0.0737681228310635,-0.5862606299851629,0.1430722466931318,0.19274450811173588,C:\Users\einob\OneDrive - King's College London\AA - Individual Project Files\Data_Visuals\Scrollytelling_draft\data\multi_reg_diagnostics\residual_diagnostics_pngs\crime_type\DOMESTIC_ABUSE__Trust_MPS__residuals_diagnostics.png
DRUG OFFENCES,Trust MPS,36,-0.30776220221248773,-0.4315406892616045,0.668721951656901,0.4585818606024478,0.0007412605901531144,0.9782793976198083,0.7758929905237659,-0.3322877933661021,-0.40856299615971503,0.14229386468339636,0.22771658320992538,C:\Users\einob\OneDrive - King's College London\AA - Individual Project Files\Data_Visuals\Scrollytelling_draft\data\multi_reg_diagnostics\residual_diagnostics_pngs\crime_type\DRUG_OFFENCES__Trust_MPS__residuals_diagnostics.png
FRAUD AND FORGERY,Trust MPS,22,-0.11979490599602341,-0.1854110884513394,0.854685730698583,0.37711305474473444,5.648591464290578,0.017469398743461203,0.1901070923066545,0.20411925982046095,-1.2023523313502622,0.3485102391832856,0.364161182368244,C:\Users\einob\OneDrive - King's College London\AA - Individual Project Files\Data_Visuals\Scrollytelling_draft\data\multi_reg_diagnostics\residual_diagnostics_pngs\crime_type\FRAUD_AND_FORGERY__Trust_MPS__residuals_diagnostics.png
GUN CRIME,Trust MPS,36,-0.3230253067027706,-0.41214053849628496,0.6827498713903329,0.3880457316485101,7.262755281984699,0.007039920284261507,0.2673800630759835,0.08224673713222792,-0.9916975170560511,0.10065054546228032,0.1672691021004385,C:\Users\einob\OneDrive - King's College London\AA - Individual Project Files\Data_Visuals\Scrollytelling_draft\data\multi_reg_diagnostics\residual_diagnostics_pngs\crime_type\GUN_CRIME__Trust_MPS__residuals_diagnostics.png
HATE CRIME,Trust MPS,36,-0.4047975848057731,-0.4816000375735109,0.6330877789881169,0.6156244110359513,0.39086834149744343,0.5318433174701749,0.11319142734141696,-0.20100582043036638,-0.9519712837561141,0.1688828139895157,0.2711126745453247,C:\Users\einob\OneDrive - King's College London\AA - Individual Project Files\Data_Visuals\Scrollytelling_draft\data\multi_reg_diagnostics\residual_diagnostics_pngs\crime_type\HATE_CRIME__Trust_MPS__residuals_diagnostics.png
KNIFE CRIME,Trust MPS,36,-0.5968271734598071,-0.598322857952585,0.5534770893399662,0.1394577857113271,0.005682603776435702,0.9399099473535842,0.08602848957212417,-0.03309820756522056,-1.1980703649059452,0.21975023421605475,0.24491063513623912,C:\Users\einob\OneDrive - King's College London\AA - Individual Project Files\Data_Visuals\Scrollytelling_draft\data\multi_reg_diagnostics\residual_diagnostics_pngs\crime_type\KNIFE_CRIME__Trust_MPS__residuals_diagnostics.png
LETHAL BARREL DISCHARGE,Trust MPS,36,-0.2841557937767626,-0.39641261732555316,0.6942072809492899,0.7763624048535243,0.4782828737903855,0.48920113541067567,0.12626013392506058,-0.4919033599514566,-0.6618879956770432,0.14156950989019287,0.20807693608068345,C:\Users\einob\OneDrive - King's College London\AA - Individual Project Files\Data_Visuals\Scrollytelling_draft\data\multi_reg_diagnostics\residual_diagnostics_pngs\crime_type\LETHAL_BARREL_DISCHARGE__Trust_MPS__residuals_diagnostics.png
MISCELLANEOUS CRIMES AGAINST SOCIETY,Trust MPS,36,-0.1875869069486906,-0.3308805768271188,0.7427075059423628,0.5891214889624858,3.1513556222395875,0.0758639128831084,0.0014083697561711548,1.0642391741113717,0.5010912827470224,0.14695582761317794,0.2856011408201372,C:\Users\einob\OneDrive - King's College London\AA - Individual Project Files\Data_Visuals\Scrollytelling_draft\data\multi_reg_diagnostics\residual_diagnostics_pngs\crime_type\MISCELLANEOUS_CRIMES_AGAINST_SOCIETY__Trust_MPS__residuals_diagnostics.png
POSSESSION OF WEAPONS,Trust MPS,23,-0.14349784353307068,-0.20942210305730546,0.8360458598759621,0.7271085024865107,3.6984386599391965,0.05446341014228457,0.8931984760742205,0.2388800877101723,-0.3520057750957717,0.6644579233907772,0.3356040322712977,C:\Users\einob\OneDrive - King's College London\AA - Individual Project Files\Data_Visuals\Scrollytelling_draft\data\multi_reg_diagnostics\residual_diagnostics_pngs\crime_type\POSSESSION_OF_WEAPONS__Trust_MPS__residuals_diagnostics.png
PUBLIC ORDER OFFENCES,Trust MPS,36,-0.4705587832086192,-0.5205475409873911,0.605959653262367,0.5416452263503561,0.49701783897321317,0.4808133967736503,0.5933093481745086,-0.0662031654142724,-0.5387231831036892,0.33085743680586843,0.22644165694025198,C:\Users\einob\OneDrive - King's College London\AA - Individual Project Files\Data_Visuals\Scrollytelling_draft\data\multi_reg_diagnostics\residual_diagnostics_pngs\crime_type\PUBLIC_ORDER_OFFENCES__Trust_MPS__residuals_diagnostics.png
ROBBERY,Trust MPS,36,-0.34563282701860865,-0.4411800520916554,0.6617961161244368,1.0664779561711488,0.027572600342038456,0.8681176071144892,0.03760361791854775,-0.5266458599964527,-0.7972172649432805,0.19459890513237732,0.2799624219825224,C:\Users\einob\OneDrive - King's College London\AA - Individual Project Files\Data_Visuals\Scrollytelling_draft\data\multi_reg_diagnostics\residual_diagnostics_pngs\crime_type\ROBBERY__Trust_MPS__residuals_diagnostics.png
SEXUAL OFFENCES,Trust MPS,36,-0.3047234260385704,-0.41917872785705407,0.6776471197709196,0.6294722429471418,0.07702569085022004,0.7813693145598477,0.13355442169120207,-0.3943497003658918,-0.31034384444065566,0.07940586617343384,0.3516314348961036,C:\Users\einob\OneDrive - King's College London\AA - Individual Project Files\Data_Visuals\Scrollytelling_draft\data\multi_reg_diagnostics\residual_diagnostics_pngs\crime_type\SEXUAL_OFFENCES__Trust_MPS__residuals_diagnostics.png
THEFT,Trust MPS,36,-0.34352369413214534,-0.4699858436427331,0.6412804652331463,0.7200112474958553,0.2615078313371213,0.6090861418877189,0.8481336536925734,-0.02985432093669791,-0.22757197043871935,0.2002917887607835,0.3096135795182102,C:\Users\einob\OneDrive - King's College London\AA - Individual Project Files\Data_Visuals\Scrollytelling_draft\data\multi_reg_diagnostics\residual_diagnostics_pngs\crime_type\THEFT__Trust_MPS__residuals_diagnostics.png
VEHICLE OFFENCES,Trust MPS,36,-0.509956177462313,-0.5532503732571713,0.5836089898331901,0.2539125945843656,0.2219851249463427,0.6375314978469744,0.2597981754317322,0.03531330584600527,-0.8785865615566215,0.15791607934076374,0.19869918275138498,C:\Users\einob\OneDrive - King's College London\AA - Individual Project Files\Data_Visuals\Scrollytelling_draft\data\multi_reg_diagnostics\residual_diagnostics_pngs\crime_type\VEHICLE_OFFENCES__Trust_MPS__residuals_diagnostics.png
VIOLENCE AGAINST THE PERSON,Trust MPS,36,-0.21753033502263688,-0.34127722158577106,0.734935321217504,0.8502709210559908,1.3401788053951478,0.24700243798763183,0.9901642903292304,-0.18633211475079728,-0.13543624318672798,0.12295848799677349,0.2716881229329562,C:\Users\einob\OneDrive - King's College London\AA - Individual Project Files\Data_Visuals\Scrollytelling_draft\data\multi_reg_diagnostics\residual_diagnostics_pngs\crime_type\VIOLENCE_AGAINST_THE_PERSON__Trust_MPS__residuals_diagnostics.png
ARSON AND CRIMINAL DAMAGE,Fair treatment,36,-0.36857417389962666,-0.3510521055999661,0.727653668473505,0.14870823327315813,0.0036771339366215017,0.9516464135978041,0.0012576094922093534,0.12750208413109274,-1.5482511879396081,0.3811006328648113,0.25633042529199257,C:\Users\einob\OneDrive - King's College London\AA - Individual Project Files\Data_Visuals\Scrollytelling_draft\data\multi_reg_diagnostics\residual_diagnostics_pngs\crime_type\ARSON_AND_CRIMINAL_DAMAGE__Fair_treatment__residuals_diagnostics.png
BURGLARY,Fair treatment,36,-0.314347240574423,-0.32291665831660177,0.7486796815498206,0.1936534992281113,0.03782579948270204,0.8457933534882507,0.12568706834103993,0.09606442752853386,-1.072051278132547,0.25153643430963973,0.4142801128814897,C:\Users\einob\OneDrive - King's College London\AA - Individual Project Files\Data_Visuals\Scrollytelling_draft\data\multi_reg_diagnostics\residual_diagnostics_pngs\crime_type\BURGLARY__Fair_treatment__residuals_diagnostics.png
DOMESTIC ABUSE,Fair treatment,36,-0.25879626256248106,-0.2938310486498952,0.7706224685434264,0.5540844176819008,0.09172225581564764,0.7619989764259578,0.4594667482485295,0.0406818540102426,-0.5852934683040019,0.14327710512999678,0.19274450811173588,C:\Users\einob\OneDrive - King's College London\AA - Individual Project Files\Data_Visuals\Scrollytelling_draft\data\multi_reg_diagnostics\residual_diagnostics_pngs\crime_type\DOMESTIC_ABUSE__Fair_treatment__residuals_diagnostics.png
DRUG OFFENCES,Fair treatment,36,-0.15520046596705703,-0.22879750555994588,0.8203579491323614,0.5556737784943507,0.8450497177819036,0.3579565312493823,0.29767430056063227,-0.08719555925911868,-0.8780094298197496,0.19899692330308333,0.22771658320992538,C:\Users\einob\OneDrive - King's College London\AA - Individual Project Files\Data_Visuals\Scrollytelling_draft\data\multi_reg_diagnostics\residual_diagnostics_pngs\crime_type\DRUG_OFFENCES__Fair_treatment__residuals_diagnostics.png
FRAUD AND FORGERY,Fair treatment,22,-0.05419346233312112,-0.09440776364484638,0.9256802565370639,0.4035476114371696,6.5145774185771215,0.010699374348742043,0.3677567102967362,0.7250801274663937,0.6934411618205463,0.6483870016148339,0.364161182368244,C:\Users\einob\OneDrive - King's College London\AA - Individual Project Files\Data_Visuals\Scrollytelling_draft\data\multi_reg_diagnostics\residual_diagnostics_pngs\crime_type\FRAUD_AND_FORGERY__Fair_treatment__residuals_diagnostics.png
GUN CRIME,Fair treatment,36,-0.18483082358195724,-0.2426294022774691,0.8097087481648844,0.4138928060641516,1.7616834740698901,0.18441467264089378,0.7723845529218403,0.09576165140206422,-0.4277197309880294,0.10790535421823493,0.1672691021004385,C:\Users\einob\OneDrive - King's College London\AA - Individual Project Files\Data_Visuals\Scrollytelling_draft\data\multi_reg_diagnostics\residual_diagnostics_pngs\crime_type\GUN_CRIME__Fair_treatment__residuals_diagnostics.png
HATE CRIME,Fair treatment,36,-0.21728274011200174,-0.2688489297053986,0.7896244224054554,0.7505905156231282,0.0756278308655638,0.7833122839992792,0.34419430414017255,-0.20631511311159842,-0.8794440455948647,0.25700141328468257,0.2711126745453247,C:\Users\einob\OneDrive - King's College London\AA - Individual Project Files\Data_Visuals\Scrollytelling_draft\data\multi_reg_diagnostics\residual_diagnostics_pngs\crime_type\HATE_CRIME__Fair_treatment__residuals_diagnostics.png
KNIFE CRIME,Fair treatment,36,-0.32764558427872753,-0.3294120681133373,0.7438075451216041,0.19702169671823117,0.1853702689480592,0.6667981656017476,0.10435638852275603,0.11329886555785448,-1.2036604247273845,0.2670466008154661,0.24491063513623912,C:\Users\einob\OneDrive - King's College London\AA - Individual Project Files\Data_Visuals\Scrollytelling_draft\data\multi_reg_diagnostics\residual_diagnostics_pngs\crime_type\KNIFE_CRIME__Fair_treatment__residuals_diagnostics.png
LETHAL BARREL DISCHARGE,Fair treatment,36,-0.19953785686083755,-0.2584617098473713,0.7975645076933072,0.5886790110578829,0.0864237747354828,0.7687737913392692,0.43695694926795575,-0.19327199815839397,-0.8001209884053084,0.1505901635082735,0.20807693608068345,C:\Users\einob\OneDrive - King's College London\AA - Individual Project Files\Data_Visuals\Scrollytelling_draft\data\multi_reg_diagnostics\residual_diagnostics_pngs\crime_type\LETHAL_BARREL_DISCHARGE__Fair_treatment__residuals_diagnostics.png
MISCELLANEOUS CRIMES AGAINST SOCIETY,Fair treatment,36,-0.08622493953644052,-0.15963524908139273,0.8740861085457275,0.6598007850936477,2.7401759422190346,0.09785399235851407,0.00011818620652486135,1.7094679069253038,3.332600804730207,0.229022333819238,0.2856011408201372,C:\Users\einob\OneDrive - King's College London\AA - Individual Project Files\Data_Visuals\Scrollytelling_draft\data\multi_reg_diagnostics\residual_diagnostics_pngs\crime_type\MISCELLANEOUS_CRIMES_AGAINST_SOCIETY__Fair_treatment__residuals_diagnostics.png
POSSESSION OF WEAPONS,Fair treatment,23,-0.06728070854306573,-0.10677860013895794,0.9159323628199412,0.6855357552588875,6.588651738506445,0.010263086945735923,0.2989841054206547,0.5384625453494216,-0.2600831852784564,1.2070251282570588,0.3356040322712977,C:\Users\einob\OneDrive - King's College London\AA - Individual Project Files\Data_Visuals\Scrollytelling_draft\data\multi_reg_diagnostics\residual_diagnostics_pngs\crime_type\POSSESSION_OF_WEAPONS__Fair_treatment__residuals_diagnostics.png
PUBLIC ORDER OFFENCES,Fair treatment,36,-0.2798901880609562,-0.30452203628048397,0.7625335887812223,0.5432410785599506,0.18638327997851878,0.6659439853916382,0.9243673929085554,0.08609949701074371,-0.49858826261475775,0.3762936372070955,0.22644165694025198,C:\Users\einob\OneDrive - King's College London\AA - Individual Project Files\Data_Visuals\Scrollytelling_draft\data\multi_reg_diagnostics\residual_diagnostics_pngs\crime_type\PUBLIC_ORDER_OFFENCES__Fair_treatment__residuals_diagnostics.png
ROBBERY,Fair treatment,36,-0.211307364199686,-0.26477994409849487,0.7927321290852927,0.9192564193814073,0.2710038285826797,0.6026591892196325,0.099239046841996,-0.3299361086992838,-0.8788334666402808,0.49776477422588916,0.2799624219825224,C:\Users\einob\OneDrive - King's College London\AA - Individual Project Files\Data_Visuals\Scrollytelling_draft\data\multi_reg_diagnostics\residual_diagnostics_pngs\crime_type\ROBBERY__Fair_treatment__residuals_diagnostics.png
SEXUAL OFFENCES,Fair treatment,36,-0.14844076414643428,-0.22324275824527468,0.8246444264834368,0.8819458859718381,0.03024330165322109,0.8619393262814345,0.21927075770944743,-0.27444846487188707,-0.5102065658224642,0.09992174277332984,0.3516314348961036,C:\Users\einob\OneDrive - King's College London\AA - Individual Project Files\Data_Visuals\Scrollytelling_draft\data\multi_reg_diagnostics\residual_diagnostics_pngs\crime_type\SEXUAL_OFFENCES__Fair_treatment__residuals_diagnostics.png
THEFT,Fair treatment,36,-0.18757402354794497,-0.2550321276962625,0.800190963724064,0.8197751972428321,0.5560960454789194,0.45583749577886135,0.4654817246841433,0.060344324934451424,-0.4524627354377109,0.21140329167480273,0.3096135795182102,C:\Users\einob\OneDrive - King's College London\AA - Individual Project Files\Data_Visuals\Scrollytelling_draft\data\multi_reg_diagnostics\residual_diagnostics_pngs\crime_type\THEFT__Fair_treatment__residuals_diagnostics.png
VEHICLE OFFENCES,Fair treatment,36,-0.27438707031167614,-0.2994841839482223,0.7663419568893721,0.3145501527995499,1.3021184532021275,0.25382662607560064,0.05980305008226324,0.13595189055508117,-0.8085121167748337,0.24567886459801128,0.19869918275138498,C:\Users\einob\OneDrive - King's College London\AA - Individual Project Files\Data_Visuals\Scrollytelling_draft\data\multi_reg_diagnostics\residual_diagnostics_pngs\crime_type\VEHICLE_OFFENCES__Fair_treatment__residuals_diagnostics.png
VIOLENCE AGAINST THE PERSON,Fair treatment,36,-0.14711526127528796,-0.21682676606937623,0.8296022986656482,0.6868673796862744,0.2458593917230112,0.6200058166786723,0.9973628635319517,0.12789137379906537,-0.23579347202171297,0.2090768051140097,0.2716881229329562,C:\Users\einob\OneDrive - King's College London\AA - Individual Project Files\Data_Visuals\Scrollytelling_draft\data\multi_reg_diagnostics\residual_diagnostics_pngs\crime_type\VIOLENCE_AGAINST_THE_PERSON__Fair_treatment__residuals_diagnostics.png
