borough,quarter,date,Good_job_residual,Trust_MPS_residual,Fair_treatment_residual
Barking and Dagenham,Q1_1516,4/1/2015,-0.067426315,,-0.02933439
Barking and Dagenham,Q1_1617,4/1/2016,0.03628698,-0.022902959,-0.001897468
Barking and Dagenham,Q1_1718,4/1/2017,0.158424718,0.115250989,0.134205796
Barking and Dagenham,Q1_1819,4/1/2018,0.055555076,0.039047539,0.108958867
Barking and Dagenham,Q1_1920,4/1/2019,0.065540354,0.033501101,0.041183811
Barking and Dagenham,Q1_2021,4/1/2020,0.077003322,0.059745626,0.029549314
Barking and Dagenham,Q1_2122,4/1/2021,-0.047954667,0.016996205,-0.064318085
Barking and Dagenham,Q1_2223,4/1/2022,-0.044399881,-0.04129031,-0.022868805
Barking and Dagenham,Q1_2324,4/1/2023,0.006836155,-0.066233855,-0.05013393
Barking and Dagenham,Q1_2425,4/1/2024,-0.082951635,-0.050592223,-0.082278358
Barking and Dagenham,Q1_2526,4/1/2025,-0.061326687,-0.010168524,-0.023461905
Barking and Dagenham,Q2_1516,7/1/2015,-0.067130083,,-0.029213617
Barking and Dagenham,Q2_1617,7/1/2016,0.090302571,-0.010967356,-0.000260319
Barking and Dagenham,Q2_1718,7/1/2017,0.133394835,0.107646695,0.156232104
Barking and Dagenham,Q2_1819,7/1/2018,0.056015881,0.019269658,0.089146736
Barking and Dagenham,Q2_1920,7/1/2019,0.06066898,0.051152993,0.06919776
Barking and Dagenham,Q2_2021,7/1/2020,0.078694099,0.060201057,0.008392605
Barking and Dagenham,Q2_2122,7/1/2021,-0.075354407,-0.021750412,-0.063257964
Barking and Dagenham,Q2_2223,7/1/2022,-0.017296373,-0.022686483,-0.0140497
Barking and Dagenham,Q2_2324,7/1/2023,-0.007041714,-0.083282853,-0.077637948
Barking and Dagenham,Q2_2425,7/1/2024,-0.081530239,-0.03508686,-0.047621875
Barking and Dagenham,Q2_2526,7/1/2025,-0.041628983,-0.015134457,-0.027662133
Barking and Dagenham,Q3_1516,10/1/2015,-0.024996693,,-0.032420819
Barking and Dagenham,Q3_1617,10/1/2016,0.074707075,0.006335492,0.027458407
Barking and Dagenham,Q3_1718,10/1/2017,0.067398298,0.089936013,0.129710345
Barking and Dagenham,Q3_1819,10/1/2018,0.08029479,0.031332186,0.08089124
Barking and Dagenham,Q3_1920,10/1/2019,0.04178808,0.051692423,0.039654015
Barking and Dagenham,Q3_2021,10/1/2020,0.005363652,0.043775488,-0.037042195
Barking and Dagenham,Q3_2122,10/1/2021,-0.019402913,-0.013701881,-0.024908533
Barking and Dagenham,Q3_2223,10/1/2022,-0.040378225,-0.054531564,-0.027152201
Barking and Dagenham,Q3_2324,10/1/2023,-0.035749383,-0.0819408,-0.093418995
Barking and Dagenham,Q3_2425,10/1/2024,-0.065441023,-0.032151724,-0.035139313
Barking and Dagenham,Q3_2526,10/1/2025,-0.057323224,-0.027879206,-0.029983665
Barking and Dagenham,Q4_1415,1/1/2015,-0.113252215,,-0.051709599
Barking and Dagenham,Q4_1516,1/1/2016,-0.000191149,-0.04120534,-0.020461608
Barking and Dagenham,Q4_1617,1/1/2017,0.053522146,0.015764331,0.046975314
Barking and Dagenham,Q4_1718,1/1/2018,0.051276167,0.056985011,0.107214363
Barking and Dagenham,Q4_1819,1/1/2019,0.070662916,0.03632985,0.065118306
Barking and Dagenham,Q4_1920,1/1/2020,0.06122853,0.061422708,0.039425888
Barking and Dagenham,Q4_2021,1/1/2021,-0.041060776,0.005858554,-0.053738404
Barking and Dagenham,Q4_2122,1/1/2022,-0.06127905,-0.02460622,-0.02567343
Barking and Dagenham,Q4_2223,1/1/2023,-0.028244835,-0.078323443,-0.050359404
Barking and Dagenham,Q4_2324,1/1/2024,-0.020180737,-0.04443637,-0.067071686
Barking and Dagenham,Q4_2425,1/1/2025,-0.117921752,-0.052987929,-0.064304666
Barking and Dagenham,Q4_2526,1/1/2026,-0.105501665,-0.07038315,-0.025933857
Barnet,Q1_1516,4/1/2015,0.004974248,,-0.023623701
Barnet,Q1_1617,4/1/2016,0.017104709,0.005506124,0.0181478
Barnet,Q1_1718,4/1/2017,0.147400286,0.083813767,0.131544619
Barnet,Q1_1819,4/1/2018,0.134193926,0.047763305,0.057193601
Barnet,Q1_1920,4/1/2019,0.075561354,0.104371851,0.066645736
Barnet,Q1_2021,4/1/2020,0.022248682,0.06500526,0.068945902
Barnet,Q1_2122,4/1/2021,-0.032453949,-0.01028791,-1.91E-05
Barnet,Q1_2223,4/1/2022,-0.061705814,-0.055666557,-0.017712094
Barnet,Q1_2324,4/1/2023,-0.066774466,-0.072799678,-0.043611626
Barnet,Q1_2425,4/1/2024,-0.077653467,-0.103310692,-0.134342525
Barnet,Q1_2526,4/1/2025,-0.052558238,-0.040348539,-0.070105789
Barnet,Q2_1516,7/1/2015,0.004929553,,-0.033660865
Barnet,Q2_1617,7/1/2016,0.008475356,-0.003697039,0.049287507
Barnet,Q2_1718,7/1/2017,0.146089233,0.083051576,0.090454465
Barnet,Q2_1819,7/1/2018,0.149277476,0.064905087,0.063105522
Barnet,Q2_1920,7/1/2019,0.048123867,0.095861588,0.078776493
Barnet,Q2_2021,7/1/2020,0.054611079,0.07800582,0.067540469
Barnet,Q2_2122,7/1/2021,-0.061109881,-0.035320106,-0.007216569
Barnet,Q2_2223,7/1/2022,-0.061005592,-0.065259477,-0.017129852
Barnet,Q2_2324,7/1/2023,-0.075686887,-0.082167405,-0.052707294
Barnet,Q2_2425,7/1/2024,-0.100263894,-0.109014704,-0.148198018
Barnet,Q2_2526,7/1/2025,-0.070174504,-0.008962737,-0.04812369
Barnet,Q3_1516,10/1/2015,-0.014251039,,0.007020481
Barnet,Q3_1617,10/1/2016,0.005302011,0.014458111,0.036648838
Barnet,Q3_1718,10/1/2017,0.168398474,0.044394072,0.072374623
Barnet,Q3_1819,10/1/2018,0.108082391,0.100023895,0.060426901
Barnet,Q3_1920,10/1/2019,0.07166967,0.10792297,0.121724865
Barnet,Q3_2021,10/1/2020,-0.019679641,0.035511376,0.01397269
Barnet,Q3_2122,10/1/2021,-0.032122967,-0.025909072,0.011941039
Barnet,Q3_2223,10/1/2022,-0.061541932,-0.045571283,-0.007575825
Barnet,Q3_2324,10/1/2023,-0.054322678,-0.08974715,-0.104942731
Barnet,Q3_2425,10/1/2024,-0.082498644,-0.100313894,-0.060056236
Barnet,Q3_2526,10/1/2025,-0.094390732,-0.021413875,-0.101629527
Barnet,Q4_1415,1/1/2015,-0.018497064,,-0.076510133
Barnet,Q4_1516,1/1/2016,0.013841974,0.003609307,0.025434802
Barnet,Q4_1617,1/1/2017,0.036419386,0.025107706,0.037577947
Barnet,Q4_1718,1/1/2018,0.123064871,0.041293339,0.057939676
Barnet,Q4_1819,1/1/2019,0.076738322,0.095056091,0.047624398
Barnet,Q4_1920,1/1/2020,0.082358212,0.112509679,0.113982291
Barnet,Q4_2021,1/1/2021,-0.052075054,-0.011694798,-0.016334225
Barnet,Q4_2122,1/1/2022,-0.043240342,-0.036558667,0.00101193
Barnet,Q4_2223,1/1/2023,-0.071631322,-0.06562325,-0.017650153
Barnet,Q4_2324,1/1/2024,-0.069009216,-0.114098868,-0.125469844
Barnet,Q4_2425,1/1/2025,-0.085806074,-0.062236695,-0.072806399
Barnet,Q4_2526,1/1/2026,-0.140411683,-0.048168526,-0.119896428
Bexley,Q1_1516,4/1/2015,6.75E-05,,-0.041731739
Bexley,Q1_1617,4/1/2016,0.014170125,-0.00632871,0.019469619
Bexley,Q1_1718,4/1/2017,0.079634508,0.11235363,0.096208558
Bexley,Q1_1819,4/1/2018,0.182363286,0.081350749,0.069935846
Bexley,Q1_1920,4/1/2019,0.072835212,0.052889305,0.008858746
Bexley,Q1_2021,4/1/2020,0.00805656,0.071238285,0.075746498
Bexley,Q1_2122,4/1/2021,0.001872369,0.061003752,0.039792093
Bexley,Q1_2223,4/1/2022,-0.096065096,-0.030470053,-0.086675711
Bexley,Q1_2324,4/1/2023,-0.026387017,-0.063629269,-0.04384174
Bexley,Q1_2425,4/1/2024,-0.026632475,-0.033802767,-0.043913617
Bexley,Q1_2526,4/1/2025,-0.122874135,-0.038214577,-0.045741322
Bexley,Q2_1516,7/1/2015,-0.000879308,,-0.052008975
Bexley,Q2_1617,7/1/2016,0.006379252,0.005232773,0.020116503
Bexley,Q2_1718,7/1/2017,0.076612543,0.097285935,0.078251892
Bexley,Q2_1819,7/1/2018,0.158155426,0.078376494,0.058703684
Bexley,Q2_1920,7/1/2019,0.083150801,0.043112374,0.038951158
Bexley,Q2_2021,7/1/2020,-0.0028454,0.108874062,0.067195329
Bexley,Q2_2122,7/1/2021,0.000708877,0.047249686,0.012379632
Bexley,Q2_2223,7/1/2022,-0.074311821,-0.05923078,-0.086162311
Bexley,Q2_2324,7/1/2023,-0.041477846,-0.040159306,-0.042404219
Bexley,Q2_2425,7/1/2024,-0.049262388,-0.055661676,-0.024683717
Bexley,Q2_2526,7/1/2025,-0.085889769,-0.020346126,-0.046624371
Bexley,Q3_1516,10/1/2015,0.002907767,,-0.02090003
Bexley,Q3_1617,10/1/2016,0.017746807,0.006199406,0.040516956
Bexley,Q3_1718,10/1/2017,0.089417784,0.099268771,0.089073333
Bexley,Q3_1819,10/1/2018,0.143163462,0.068984667,0.023098393
Bexley,Q3_1920,10/1/2019,0.066026173,0.065144781,0.049793135
Bexley,Q3_2021,10/1/2020,0.007167261,0.084746355,0.061342563
Bexley,Q3_2122,10/1/2021,-0.021471515,0.052776841,0.024669398
Bexley,Q3_2223,10/1/2022,-0.092166495,-0.074782721,-0.098462345
Bexley,Q3_2324,10/1/2023,-0.018707671,-0.048201255,-0.051593046
Bexley,Q3_2425,10/1/2024,-0.075153393,-0.049825631,-0.016408743
Bexley,Q3_2526,10/1/2025,-0.098940468,-0.05250246,-0.077517688
Bexley,Q4_1415,1/1/2015,-0.032176732,,-0.032388891
Bexley,Q4_1516,1/1/2016,0.033574012,-0.006750063,-0.020704938
Bexley,Q4_1617,1/1/2017,-0.007162364,0.012729443,0.069079434
Bexley,Q4_1718,1/1/2018,0.102411013,0.077247827,0.074093348
Bexley,Q4_1819,1/1/2019,0.098528485,0.042776841,-0.015330602
Bexley,Q4_1920,1/1/2020,0.05473508,0.087163866,0.086486836
Bexley,Q4_2021,1/1/2021,-0.016887677,0.057743536,0.054298708
Bexley,Q4_2122,1/1/2022,-0.066275489,-0.010618766,-0.056737319
Bexley,Q4_2223,1/1/2023,-0.061857236,-0.047495799,-0.06544355
Bexley,Q4_2324,1/1/2024,-0.014142824,-0.032043,-0.043184588
Bexley,Q4_2425,1/1/2025,-0.08634562,-0.040668337,-0.026757855
Bexley,Q4_2526,1/1/2026,-0.181771525,-0.11398184,-0.118844345
Brent,Q1_1516,4/1/2015,0.002941492,,0.022639122
Brent,Q1_1617,4/1/2016,0.00492384,-0.006522932,-0.037353242
Brent,Q1_1718,4/1/2017,0.101975959,0.063657864,-0.037056416
Brent,Q1_1819,4/1/2018,0.098410807,0.008683738,0.042968373
Brent,Q1_1920,4/1/2019,-0.026778586,0.034630614,0.012948382
Brent,Q1_2021,4/1/2020,0.05529202,0.068437439,0.172917836
Brent,Q1_2122,4/1/2021,-0.014656086,-0.00152203,-0.007081964
Brent,Q1_2223,4/1/2022,0.022764747,-0.035726061,-0.017053377
Brent,Q1_2324,4/1/2023,0.002572701,-0.018065656,0.002984406
Brent,Q1_2425,4/1/2024,-0.044749572,-0.045974243,-0.077005279
Brent,Q1_2526,4/1/2025,-0.127001768,0.002266701,-0.067013955
Brent,Q2_1516,7/1/2015,-0.00875025,,-0.007367395
Brent,Q2_1617,7/1/2016,0.005089901,0.023606768,-0.027352602
Brent,Q2_1718,7/1/2017,0.113626186,-0.005053243,-0.047050059
Brent,Q2_1819,7/1/2018,0.075878383,0.036705814,0.032958617
Brent,Q2_1920,7/1/2019,-0.015543511,0.085595257,0.09295314
Brent,Q2_2021,7/1/2020,0.036781338,0.017411057,0.102962096
Brent,Q2_2122,7/1/2021,0.032173156,0.033811882,0.002944344
Brent,Q2_2223,7/1/2022,0.004248914,-0.064566868,0.00295234
Brent,Q2_2324,7/1/2023,-0.015590253,-0.036630849,-0.037008517
Brent,Q2_2425,7/1/2024,-0.074967526,-0.036144474,-0.077006119
Brent,Q2_2526,7/1/2025,-0.079279951,-0.00170225,-0.036984208
Brent,Q3_1516,10/1/2015,-0.027328356,,-0.017361918
Brent,Q3_1617,10/1/2016,0.01475778,0.013347368,-0.017353881
Brent,Q3_1718,10/1/2017,0.139708156,0.00969702,-0.037026629
Brent,Q3_1819,10/1/2018,0.005338686,0.026284289,0.022956538
Brent,Q3_1920,10/1/2019,0.01462255,0.095724957,0.14295378
Brent,Q3_2021,10/1/2020,0.027897096,0.010472108,0.052927871
Brent,Q3_2122,10/1/2021,0.038073535,0.010609914,-0.007071449
Brent,Q3_2223,10/1/2022,-0.008283511,-0.066544792,0.012942585
Brent,Q3_2324,10/1/2023,-0.039181314,-0.039435612,-0.067022351
Brent,Q3_2425,10/1/2024,-0.100084268,-0.040140855,-0.07702583
Brent,Q3_2526,10/1/2025,-0.080364496,-0.020359724,-0.047026909
Brent,Q4_1415,1/1/2015,-0.017826538,,0.072636163
Brent,Q4_1516,1/1/2016,0.013159447,-0.027900995,-0.027360039
Brent,Q4_1617,1/1/2017,-0.00626972,0.002544849,-0.03735784
Brent,Q4_1718,1/1/2018,0.140543686,0.022539201,0.012938067
Brent,Q4_1819,1/1/2019,-0.017287147,0.014233407,0.022946423
Brent,Q4_1920,1/1/2020,0.028239596,0.110739614,0.172929191
Brent,Q4_2021,1/1/2021,-0.003747904,-0.038623104,-0.007116988
Brent,Q4_2122,1/1/2022,0.018218838,-0.019276599,-0.027070889
Brent,Q4_2223,1/1/2023,0.018665126,-0.01892803,0.09293083
Brent,Q4_2324,1/1/2024,-0.071340102,-0.061121712,-0.137030667
Brent,Q4_2425,1/1/2025,-0.114879268,-0.023885943,-0.067044301
Brent,Q4_2526,1/1/2026,-0.121993812,-0.082873891,-0.047187277
Bromley,Q1_1516,4/1/2015,0.034041646,,-0.053235824
Bromley,Q1_1617,4/1/2016,-0.016568008,-0.017098512,0.006339356
Bromley,Q1_1718,4/1/2017,0.085509914,0.114371423,0.121405842
Bromley,Q1_1819,4/1/2018,0.128263868,0.066434891,0.033324855
Bromley,Q1_1920,4/1/2019,0.073309279,0.090215291,0.136840605
Bromley,Q1_2021,4/1/2020,0.05640042,0.090053157,0.118089941
Bromley,Q1_2122,4/1/2021,0.031894037,0.041662136,-0.001113778
Bromley,Q1_2223,4/1/2022,-0.023502026,-0.044888249,-0.087905657
Bromley,Q1_2324,4/1/2023,-0.036858902,-0.109910722,-0.053276587
Bromley,Q1_2425,4/1/2024,-0.097216285,-0.0601785,-0.123525619
Bromley,Q1_2526,4/1/2025,-0.131960648,-0.096240583,-0.06986338
Bromley,Q2_1516,7/1/2015,0.023368924,,-0.023704591
Bromley,Q2_1617,7/1/2016,-0.012552702,0.005910057,0.049137307
Bromley,Q2_1718,7/1/2017,0.078383271,0.059031607,0.076439846
Bromley,Q2_1819,7/1/2018,0.096014455,0.084749463,0.071757417
Bromley,Q2_1920,7/1/2019,0.121844432,0.106610468,0.142788081
Bromley,Q2_2021,7/1/2020,0.057359898,0.095757569,0.11269495
Bromley,Q2_2122,7/1/2021,0.018642274,0.016718421,-0.046411464
Bromley,Q2_2223,7/1/2022,-0.022324763,-0.064006156,-0.067085316
Bromley,Q2_2324,7/1/2023,-0.050215777,-0.094933195,-0.058647517
Bromley,Q2_2425,7/1/2024,-0.095233434,-0.06120005,-0.105175715
Bromley,Q2_2526,7/1/2025,-0.119543056,-0.084429142,-0.04817875
Bromley,Q3_1516,10/1/2015,-0.007682203,,0.015562962
Bromley,Q3_1617,10/1/2016,0.004651299,0.023815085,0.037188996
Bromley,Q3_1718,10/1/2017,0.081830969,0.071614881,0.078842275
Bromley,Q3_1819,10/1/2018,0.097465011,0.085836328,0.092768195
Bromley,Q3_1920,10/1/2019,0.088361421,0.101493485,0.107329257
Bromley,Q3_2021,10/1/2020,0.082734938,0.092292202,0.09947218
Bromley,Q3_2122,10/1/2021,-0.013369159,0.002704055,-0.08084486
Bromley,Q3_2223,10/1/2022,-0.03898891,-0.078999434,-0.041729035
Bromley,Q3_2324,10/1/2023,-0.066522541,-0.109658695,-0.103042204
Bromley,Q3_2425,10/1/2024,-0.111540198,-0.07592555,-0.119570401
Bromley,Q3_2526,10/1/2025,-0.131294659,-0.083234324,-0.046367517
Bromley,Q4_1415,1/1/2015,0.020530881,,-0.0656822
Bromley,Q4_1516,1/1/2016,-0.010246954,-0.009855053,0.003775789
Bromley,Q4_1617,1/1/2017,-0.014970295,0.004098615,0.017452677
Bromley,Q4_1718,1/1/2018,0.13010712,0.070323244,0.05764106
Bromley,Q4_1819,1/1/2019,0.079714423,0.087521756,0.124335633
Bromley,Q4_1920,1/1/2020,0.06918886,0.097127964,0.123969409
Bromley,Q4_2021,1/1/2021,0.011649325,0.05649328,0.054779277
Bromley,Q4_2122,1/1/2022,-0.005225875,-0.046179886,-0.119106871
Bromley,Q4_2223,1/1/2023,-0.048126986,-0.088353616,-0.051128427
Bromley,Q4_2324,1/1/2024,-0.079108314,-0.10159615,-0.114844025
Bromley,Q4_2425,1/1/2025,-0.148624795,-0.091233862,-0.094507099
Bromley,Q4_2526,1/1/2026,-0.189590178,-0.146913698,-0.106989071
Camden,Q1_1516,4/1/2015,0.020529443,,-0.035119219
Camden,Q1_1617,4/1/2016,0.0223918,0.029049249,0.069133661
Camden,Q1_1718,4/1/2017,0.175365461,0.143335276,0.158356778
Camden,Q1_1819,4/1/2018,0.092185509,0.140123839,0.091986194
Camden,Q1_1920,4/1/2019,0.086537352,0.068303686,0.132122024
Camden,Q1_2021,4/1/2020,0.005719875,0.012241682,-0.004954422
Camden,Q1_2122,4/1/2021,-0.022563305,-0.005380794,-0.049617159
Camden,Q1_2223,4/1/2022,-0.074056897,-0.079133537,-0.099484824
Camden,Q1_2324,4/1/2023,-0.051506326,-0.070581306,-0.106496345
Camden,Q1_2425,4/1/2024,-0.030141833,-0.089803611,-0.035532687
Camden,Q1_2526,4/1/2025,-0.14596148,-0.073120525,-0.079642748
Camden,Q2_1516,7/1/2015,0.014956391,,-0.019055125
Camden,Q2_1617,7/1/2016,0.060907556,0.053902813,0.095147819
Camden,Q2_1718,7/1/2017,0.160309132,0.141852437,0.11891058
Camden,Q2_1819,7/1/2018,0.098420822,0.117978152,0.099327426
Camden,Q2_1920,7/1/2019,0.051321299,0.081030302,0.135500634
Camden,Q2_2021,7/1/2020,0.050867915,-0.007725656,0.009868491
Camden,Q2_2122,7/1/2021,-0.049740353,0.001927661,-0.050561092
Camden,Q2_2223,7/1/2022,-0.066210495,-0.100360983,-0.111005779
Camden,Q2_2324,7/1/2023,-0.030433074,-0.075669115,-0.092800762
Camden,Q2_2425,7/1/2024,-0.076689499,-0.08783595,-0.043094515
Camden,Q2_2526,7/1/2025,-0.108481425,-0.06885726,-0.054360042
Camden,Q3_1516,10/1/2015,0.034052208,,0.030306306
Camden,Q3_1617,10/1/2016,0.019395105,0.04304079,0.064079667
Camden,Q3_1718,10/1/2017,0.125459426,0.149088342,0.115485529
Camden,Q3_1819,10/1/2018,0.090722378,0.099289926,0.100952874
Camden,Q3_1920,10/1/2019,0.122746878,0.097542323,0.133569822
Camden,Q3_2021,10/1/2020,0.005250217,-0.036626979,-0.021161335
Camden,Q3_2122,10/1/2021,-0.046123623,-0.03601098,-0.058006816
Camden,Q3_2223,10/1/2022,-0.108878397,-0.076182046,-0.135827566
Camden,Q3_2324,10/1/2023,-0.011720042,-0.080703113,-0.06664728
Camden,Q3_2425,10/1/2024,-0.086250301,-0.091886119,-0.035721947
Camden,Q3_2526,10/1/2025,-0.121255058,-0.066137605,-0.073381279
Camden,Q4_1415,1/1/2015,0.004578278,,-0.029322163
Camden,Q4_1516,1/1/2016,0.033608337,-0.000257384,0.039992827
Camden,Q4_1617,1/1/2017,0.034014656,0.045673708,0.057342174
Camden,Q4_1718,1/1/2018,0.064158271,0.141248217,0.093379436
Camden,Q4_1819,1/1/2019,0.092904182,0.096232958,0.119556138
Camden,Q4_1920,1/1/2020,0.114646788,0.047226158,0.070786834
Camden,Q4_2021,1/1/2021,-0.046461929,-0.02470135,-0.043557686
Camden,Q4_2122,1/1/2022,-0.079756793,-0.068081709,-0.100572702
Camden,Q4_2223,1/1/2023,-0.076330246,-0.084729724,-0.114027963
Camden,Q4_2324,1/1/2024,-0.013988718,-0.071996148,-0.058249507
Camden,Q4_2425,1/1/2025,-0.115829963,-0.093045567,-0.069549866
Camden,Q4_2526,1/1/2026,-0.21866952,-0.120260058,-0.148054384
Croydon,Q1_1516,4/1/2015,-0.005831757,,-0.04918816
Croydon,Q1_1617,4/1/2016,0.015680851,-0.016777999,0.041734881
Croydon,Q1_1718,4/1/2017,0.101739092,0.087345538,0.082557255
Croydon,Q1_1819,4/1/2018,0.081204332,0.066957923,0.042230928
Croydon,Q1_1920,4/1/2019,0.059210456,0.062761074,0.127116515
Croydon,Q1_2021,4/1/2020,0.044412893,0.059283613,0.054188892
Croydon,Q1_2122,4/1/2021,0.0256123,0.027401379,-0.008976879
Croydon,Q1_2223,4/1/2022,-0.089070656,-0.05874462,-0.065732252
Croydon,Q1_2324,4/1/2023,-0.093058439,-0.09163512,-0.058165723
Croydon,Q1_2425,4/1/2024,-0.044227257,-0.035233935,-0.072776658
Croydon,Q1_2526,4/1/2025,-0.051125648,-0.052985768,-0.040883959
Croydon,Q2_1516,7/1/2015,-0.017848566,,-0.03041888
Croydon,Q2_1617,7/1/2016,-0.005258784,-0.010210693,0.037263799
Croydon,Q2_1718,7/1/2017,0.144580961,0.109405435,0.094291452
Croydon,Q2_1819,7/1/2018,0.073419767,0.048563757,0.043582855
Croydon,Q2_1920,7/1/2019,0.094550434,0.113880088,0.14647745
Croydon,Q2_2021,7/1/2020,0.030020267,0.037844836,0.019815314
Croydon,Q2_2122,7/1/2021,0.016162339,0.017800069,-0.008641228
Croydon,Q2_2223,7/1/2022,-0.085021758,-0.05580982,-0.063261488
Croydon,Q2_2324,7/1/2023,-0.0782685,-0.070914796,-0.049140438
Croydon,Q2_2425,7/1/2024,-0.03330287,-0.037315514,-0.056110255
Croydon,Q2_2526,7/1/2025,-0.020804791,-0.052753199,-0.030688163
Croydon,Q3_1516,10/1/2015,-0.034685842,,-0.028488887
Croydon,Q3_1617,10/1/2016,0.035268322,0.002922984,0.051483142
Croydon,Q3_1718,10/1/2017,0.120088975,0.096149469,0.061550302
Croydon,Q3_1819,10/1/2018,0.066414424,0.040734401,0.065410289
Croydon,Q3_1920,10/1/2019,0.083694818,0.113259904,0.145955327
Croydon,Q3_2021,10/1/2020,0.016918627,0.011099866,-0.014282031
Croydon,Q3_2122,10/1/2021,-0.036885779,0.022839065,-0.004398972
Croydon,Q3_2223,10/1/2022,-0.095136365,-0.113141282,-0.089433738
Croydon,Q3_2324,10/1/2023,-0.085571797,-0.07620851,-0.083597139
Croydon,Q3_2425,10/1/2024,-0.01854352,-0.031114141,-0.039308264
Croydon,Q3_2526,10/1/2025,-0.042164642,-0.088235651,-0.073722612
Croydon,Q4_1415,1/1/2015,-0.057161018,,-0.059999317
Croydon,Q4_1516,1/1/2016,0.010363807,-0.010632,0.008490254
Croydon,Q4_1617,1/1/2017,-0.011599512,0.0051933,0.013394489
Croydon,Q4_1718,1/1/2018,0.097185991,0.074045273,0.03977881
Croydon,Q4_1819,1/1/2019,0.075161557,0.059826274,0.11464575
Croydon,Q4_1920,1/1/2020,0.053068385,0.08280584,0.095573057
Croydon,Q4_2021,1/1/2021,0.037262385,0.044100646,0.019825428
Croydon,Q4_2122,1/1/2022,-0.108344926,-0.085466972,-0.081391702
Croydon,Q4_2223,1/1/2023,-0.08433424,-0.07980826,-0.055046569
Croydon,Q4_2324,1/1/2024,-0.051828475,-0.023495205,-0.061312847
Croydon,Q4_2425,1/1/2025,-0.039147051,-0.068799993,-0.045778871
Croydon,Q4_2526,1/1/2026,-0.092798793,-0.124937257,-0.134621158
Ealing,Q1_1516,4/1/2015,-0.01419511,,0.008616099
Ealing,Q1_1617,4/1/2016,0.018563853,-0.012754325,-0.010849757
Ealing,Q1_1718,4/1/2017,0.119376482,0.07936599,0.002539981
Ealing,Q1_1819,4/1/2018,0.203941659,0.036121618,0.091487781
Ealing,Q1_1920,4/1/2019,0.065293293,0.06289809,0.093685496
Ealing,Q1_2021,4/1/2020,0.039071924,0.073214581,0.110544984
Ealing,Q1_2122,4/1/2021,-0.006418594,-0.008123838,-0.016645931
Ealing,Q1_2223,4/1/2022,-0.058280062,-0.02923506,-0.057006317
Ealing,Q1_2324,4/1/2023,-0.030867429,-0.014810014,0.034428794
Ealing,Q1_2425,4/1/2024,-0.089836973,-0.094194873,-0.145371707
Ealing,Q1_2526,4/1/2025,-0.142258137,-0.02967061,-0.083904418
Ealing,Q2_1516,7/1/2015,-0.031236704,,-0.000811144
Ealing,Q2_1617,7/1/2016,0.003799233,0.000370988,-0.039836169
Ealing,Q2_1718,7/1/2017,0.146501178,0.047649549,0.041983313
Ealing,Q2_1819,7/1/2018,0.188994216,0.059137793,0.082465973
Ealing,Q2_1920,7/1/2019,0.043852724,0.078007729,0.125342631
Ealing,Q2_2021,7/1/2020,0.072174078,0.077005644,0.08501764
Ealing,Q2_2122,7/1/2021,-0.047050163,-0.01850086,-0.056768205
Ealing,Q2_2223,7/1/2022,-0.038080619,-0.039116,-0.016967705
Ealing,Q2_2324,7/1/2023,-0.034995086,-0.025334859,-0.012498266
Ealing,Q2_2425,7/1/2024,-0.134917378,-0.101258071,-0.144419256
Ealing,Q2_2526,7/1/2025,-0.091875871,-0.019442413,-0.03383041
Ealing,Q3_1516,10/1/2015,-0.000605135,,-0.04068887
Ealing,Q3_1617,10/1/2016,-0.012449983,0.016640456,0.008953961
Ealing,Q3_1718,10/1/2017,0.19857871,0.048889752,0.03238553
Ealing,Q3_1819,10/1/2018,0.128960976,0.03911795,0.082459538
Ealing,Q3_1920,10/1/2019,0.033437217,0.107759688,0.145262188
Ealing,Q3_2021,10/1/2020,0.077382052,0.048175395,0.062153853
Ealing,Q3_2122,10/1/2021,-0.088678948,-0.029473179,-0.087083543
Ealing,Q3_2223,10/1/2022,-0.019892227,-0.050197458,0.002681562
Ealing,Q3_2324,10/1/2023,-0.041427124,-0.039174529,-0.043743531
Ealing,Q3_2425,10/1/2024,-0.163587757,-0.080464341,-0.154161837
Ealing,Q3_2526,10/1/2025,-0.073837061,-0.040613165,-0.024210103
Ealing,Q4_1415,1/1/2015,-0.009397249,,0.067608947
Ealing,Q4_1516,1/1/2016,-0.034062148,-0.024321942,-0.061358159
Ealing,Q4_1617,1/1/2017,0.006851966,0.026223747,0.028818816
Ealing,Q4_1718,1/1/2018,0.183736823,0.030029738,0.03951209
Ealing,Q4_1819,1/1/2019,0.117221242,0.064048999,0.094058754
Ealing,Q4_1920,1/1/2020,0.032218546,0.081062589,0.133090215
Ealing,Q4_2021,1/1/2021,0.000645455,0.008184315,-0.001086409
Ealing,Q4_2122,1/1/2022,-0.107437822,-0.054701877,-0.098779291
Ealing,Q4_2223,1/1/2023,-0.014789809,-0.027151518,0.063669408
Ealing,Q4_2324,1/1/2024,-0.056928428,-0.072458588,-0.104808602
Ealing,Q4_2425,1/1/2025,-0.155283023,-0.041476347,-0.114490046
Ealing,Q4_2526,1/1/2026,-0.182212788,-0.131430744,-0.087447878
Enfield,Q1_1516,4/1/2015,0.007444341,,-0.001293562
Enfield,Q1_1617,4/1/2016,-0.03081834,-0.032274493,0.009860528
Enfield,Q1_1718,4/1/2017,0.113631037,0.063423137,0.015959721
Enfield,Q1_1819,4/1/2018,0.035008517,0.070927024,0.03351771
Enfield,Q1_1920,4/1/2019,-0.050641654,0.013795905,0.006407274
Enfield,Q1_2021,4/1/2020,-0.001836259,0.02641263,0.008970768
Enfield,Q1_2122,4/1/2021,0.031526729,0.005226037,0.017847717
Enfield,Q1_2223,4/1/2022,-0.035926074,-0.063093988,-0.040460196
Enfield,Q1_2324,4/1/2023,-0.067924644,-0.044412122,0.008212166
Enfield,Q1_2425,4/1/2024,-0.036526952,-0.07349029,-0.060859355
Enfield,Q1_2526,4/1/2025,0.057412026,0.062512232,0.015114346
Enfield,Q2_1516,7/1/2015,-0.001758843,,-0.010764242
Enfield,Q2_1617,7/1/2016,-0.009368397,-0.001318199,-0.009176284
Enfield,Q2_1718,7/1/2017,0.08985596,0.070933328,0.033451961
Enfield,Q2_1819,7/1/2018,-0.000386316,0.037368924,0.019933956
Enfield,Q2_1920,7/1/2019,-0.036148138,0.016759553,-0.010607711
Enfield,Q2_2021,7/1/2020,0.024348239,0.037086932,0.049722029
Enfield,Q2_2122,7/1/2021,0.00661521,-0.008013299,-0.015414974
Enfield,Q2_2223,7/1/2022,-0.049701151,-0.075583797,-0.042967956
Enfield,Q2_2324,7/1/2023,-0.069374587,-0.055368415,0.017248978
Enfield,Q2_2425,7/1/2024,0.006699498,-0.031362322,-0.058716045
Enfield,Q2_2526,7/1/2025,0.057686339,0.042693152,0.03529657
Enfield,Q3_1516,10/1/2015,-0.010622402,,-9.31E-06
Enfield,Q3_1617,10/1/2016,-0.02158903,0.017217207,-0.000651436
Enfield,Q3_1718,10/1/2017,0.074793604,0.044189894,-0.013267993
Enfield,Q3_1819,10/1/2018,-0.00343704,0.04195224,0.044550317
Enfield,Q3_1920,10/1/2019,-0.031328057,0.019938582,0.022594238
Enfield,Q3_2021,10/1/2020,0.048848906,0.02345991,0.026068856
Enfield,Q3_2122,10/1/2021,-0.028747585,-0.014954883,-0.032334508
Enfield,Q3_2223,10/1/2022,-0.043985667,-0.048409601,-0.005814133
Enfield,Q3_2324,10/1/2023,-0.066997203,-0.083800439,-0.03117174
Enfield,Q3_2425,10/1/2024,0.028867881,0.020067811,-0.017275602
Enfield,Q3_2526,10/1/2025,0.056419272,-0.008142528,0.024454866
Enfield,Q4_1415,1/1/2015,0.016268712,,-0.012074525
Enfield,Q4_1516,1/1/2016,-0.023456975,-0.044014774,0.0181077
Enfield,Q4_1617,1/1/2017,-0.011850281,0.017044902,-0.030824984
Enfield,Q4_1718,1/1/2018,0.044767479,0.034172664,0.006714652
Enfield,Q4_1819,1/1/2019,0.008391717,0.063158376,0.045765148
Enfield,Q4_1920,1/1/2020,-0.041190281,-0.006565936,-0.023957176
Enfield,Q4_2021,1/1/2021,0.004584603,0.01405205,0.046593169
Enfield,Q4_2122,1/1/2022,-0.049701151,-0.045583797,-0.072967956
Enfield,Q4_2223,1/1/2023,-0.039688088,-0.045575182,-0.002959278
Enfield,Q4_2324,1/1/2024,-0.043515415,-0.078099452,-0.025501748
Enfield,Q4_2425,1/1/2025,0.048339467,0.043123915,-0.004269561
Enfield,Q4_2526,1/1/2026,0.045010993,-0.025452889,0.016947605
Greenwich,Q1_1516,4/1/2015,-0.029856771,,-0.084988494
Greenwich,Q1_1617,4/1/2016,-0.014767032,-0.025885503,0.028634643
Greenwich,Q1_1718,4/1/2017,0.182087176,0.148017249,0.110291508
Greenwich,Q1_1819,4/1/2018,0.14098795,0.105048175,0.106627535
Greenwich,Q1_1920,4/1/2019,0.085805859,0.056753183,0.067175682
Greenwich,Q1_2021,4/1/2020,-0.013278361,0.043778887,0.076472043
Greenwich,Q1_2122,4/1/2021,0.006779722,-0.010376771,0.000750415
Greenwich,Q1_2223,4/1/2022,-0.092768971,-0.080020273,-0.118928322
Greenwich,Q1_2324,4/1/2023,-0.06368872,-0.064948343,-0.065346021
Greenwich,Q1_2425,4/1/2024,-0.034946319,-0.06384098,-0.083359757
Greenwich,Q1_2526,4/1/2025,-0.052610598,-0.00409671,-0.014578559
Greenwich,Q2_1516,7/1/2015,0.00197353,,-0.013685593
Greenwich,Q2_1617,7/1/2016,-0.000981069,-0.002894884,0.031329685
Greenwich,Q2_1718,7/1/2017,0.174594436,0.129997791,0.112076304
Greenwich,Q2_1819,7/1/2018,0.143595501,0.10710794,0.078483723
Greenwich,Q2_1920,7/1/2019,0.053883206,0.071032896,0.120044064
Greenwich,Q2_2021,7/1/2020,0.0211925,0.063108984,0.063891657
Greenwich,Q2_2122,7/1/2021,0.003169267,-0.023228753,-0.041819692
Greenwich,Q2_2223,7/1/2022,-0.098209726,-0.094318051,-0.10280133
Greenwich,Q2_2324,7/1/2023,-0.074867132,-0.075879198,-0.086184875
Greenwich,Q2_2425,7/1/2024,-0.028552805,-0.048790596,-0.068808526
Greenwich,Q2_2526,7/1/2025,-0.053162195,-0.004532429,0.025028786
Greenwich,Q3_1516,10/1/2015,-0.032338958,,0.003244557
Greenwich,Q3_1617,10/1/2016,0.042349619,0.031836872,0.046582127
Greenwich,Q3_1718,10/1/2017,0.129253972,0.115779235,0.078274688
Greenwich,Q3_1819,10/1/2018,0.134071881,0.077484243,0.048822835
Greenwich,Q3_1920,10/1/2019,0.01976733,0.04988244,0.13999566
Greenwich,Q3_2021,10/1/2020,-0.014306338,0.012966865,-0.004259723
Greenwich,Q3_2122,10/1/2021,-0.048560743,-0.044595327,-0.063051202
Greenwich,Q3_2223,10/1/2022,-0.069237703,-0.085130074,-0.113533097
Greenwich,Q3_2324,10/1/2023,-0.064921246,-0.073821175,-0.083341909
Greenwich,Q3_2425,10/1/2024,-0.050182524,-0.020077949,-0.039968644
Greenwich,Q3_2526,10/1/2025,-0.064498981,-0.061386848,0.029840169
Greenwich,Q4_1415,1/1/2015,0.005454653,,-0.068326064
Greenwich,Q4_1516,1/1/2016,-0.069906916,-0.039945616,-0.02502419
Greenwich,Q4_1617,1/1/2017,0.070218447,0.040153411,0.06506505
Greenwich,Q4_1718,1/1/2018,0.082806344,0.082786875,0.056566423
Greenwich,Q4_1819,1/1/2019,0.114293565,0.059760126,0.031862129
Greenwich,Q4_1920,1/1/2020,0.003018831,0.046652415,0.11807322
Greenwich,Q4_2021,1/1/2021,-0.014159871,-0.024816668,-0.011273973
Greenwich,Q4_2122,1/1/2022,-0.100767132,-0.046338205,-0.104621822
Greenwich,Q4_2223,1/1/2023,-0.052722795,-0.087883028,-0.086013964
Greenwich,Q4_2324,1/1/2024,-0.087833637,-0.11402097,-0.112533611
Greenwich,Q4_2425,1/1/2025,-0.087457548,-0.013723888,-0.032265891
Greenwich,Q4_2526,1/1/2026,-0.100719696,-0.131595346,-0.014417643
Hackney,Q1_1516,4/1/2015,-0.009134942,,-0.036394844
Hackney,Q1_1617,4/1/2016,0.014829265,0.040749271,-0.023210154
Hackney,Q1_1718,4/1/2017,0.20253558,0.120588291,0.20758581
Hackney,Q1_1819,4/1/2018,0.071594713,0.116103208,-0.009237269
Hackney,Q1_1920,4/1/2019,0.007440446,0.053981054,-0.008473811
Hackney,Q1_2021,4/1/2020,-0.045292568,0.020587772,-0.048871078
Hackney,Q1_2122,4/1/2021,0.016286707,-0.017568412,0.006498485
Hackney,Q1_2223,4/1/2022,-0.011395136,-0.029047775,-0.003605586
Hackney,Q1_2324,4/1/2023,-0.066031242,-0.122254633,-0.067330053
Hackney,Q1_2425,4/1/2024,-0.044273001,-0.044121298,-0.017883939
Hackney,Q1_2526,4/1/2025,-0.048192415,-0.01683241,0.048967356
Hackney,Q2_1516,7/1/2015,0.007819114,,-0.058841838
Hackney,Q2_1617,7/1/2016,0.048300745,0.033150542,0.079578698
Hackney,Q2_1718,7/1/2017,0.091583619,0.10301267,0.10878743
Hackney,Q2_1819,7/1/2018,0.096790736,0.129697367,0.004937014
Hackney,Q2_1920,7/1/2019,0.019098006,0.058961883,-0.031074968
Hackney,Q2_2021,7/1/2020,0.03489853,0.049139912,0.037517724
Hackney,Q2_2122,7/1/2021,0.018985607,-0.00878441,-0.003299712
Hackney,Q2_2223,7/1/2022,-0.005930561,-0.039102127,0.004717218
Hackney,Q2_2324,7/1/2023,-0.057363739,-0.106259203,-0.050366918
Hackney,Q2_2425,7/1/2024,-0.084608951,-0.044353679,-0.018153828
Hackney,Q2_2526,7/1/2025,-0.002044431,-0.035662629,0.041940019
Hackney,Q3_1516,10/1/2015,0.006520108,,-0.079885408
Hackney,Q3_1617,10/1/2016,0.053664639,0.039943684,0.105854231
Hackney,Q3_1718,10/1/2017,0.077361746,0.073175207,0.04736213
Hackney,Q3_1819,10/1/2018,0.079265669,0.098326449,0.004958891
Hackney,Q3_1920,10/1/2019,0.017709206,0.064166959,-0.0582579
Hackney,Q3_2021,10/1/2020,-0.023489326,0.012586508,0.046678411
Hackney,Q3_2122,10/1/2021,0.001292462,-0.027188727,-0.031446474
Hackney,Q3_2223,10/1/2022,-0.030006751,-0.061921684,-0.008557435
Hackney,Q3_2324,10/1/2023,-0.042055733,-0.102587583,-0.036102672
Hackney,Q3_2425,10/1/2024,-0.055437627,-0.014926885,0.011180445
Hackney,Q3_2526,10/1/2025,-0.065079488,-0.118513429,-0.004599063
Hackney,Q4_1415,1/1/2015,-0.044039808,,0.009664777
Hackney,Q4_1516,1/1/2016,-0.009795747,-0.009367049,-0.054959321
Hackney,Q4_1617,1/1/2017,0.051951399,0.045675749,0.122511492
Hackney,Q4_1718,1/1/2018,0.054069231,0.057063456,-0.031350172
Hackney,Q4_1819,1/1/2019,0.042837831,0.073880226,-0.020204985
Hackney,Q4_1920,1/1/2020,-0.038573158,0.022904225,-0.061338518
Hackney,Q4_2021,1/1/2021,-0.007711406,0.008914629,0.019185721
Hackney,Q4_2122,1/1/2022,-0.022671952,-0.03376524,-0.010698554
Hackney,Q4_2223,1/1/2023,-0.064687651,-0.095159526,-0.052317888
Hackney,Q4_2324,1/1/2024,-0.047923655,-0.106646505,-0.070816733
Hackney,Q4_2425,1/1/2025,-0.068730142,-0.011038636,0.032468143
Hackney,Q4_2526,1/1/2026,-0.120365928,-0.177507223,-0.043114877
Hammersmith and Fulham,Q1_1516,4/1/2015,-0.033132685,,-0.039377432
Hammersmith and Fulham,Q1_1617,4/1/2016,0.090184186,0.028969316,0.042149352
Hammersmith and Fulham,Q1_1718,4/1/2017,0.175466132,0.113903011,0.133626971
Hammersmith and Fulham,Q1_1819,4/1/2018,0.129073957,0.096341044,0.105287684
Hammersmith and Fulham,Q1_1920,4/1/2019,0.099789854,0.070340068,0.044823391
Hammersmith and Fulham,Q1_2021,4/1/2020,-0.006954906,0.025236471,0.064100202
Hammersmith and Fulham,Q1_2122,4/1/2021,-0.003378858,0.0079259,-0.010444454
Hammersmith and Fulham,Q1_2223,4/1/2022,-0.057219446,-0.054669425,-0.08221231
Hammersmith and Fulham,Q1_2324,4/1/2023,-0.081906481,-0.127563876,-0.100560533
Hammersmith and Fulham,Q1_2425,4/1/2024,-0.088490838,-0.058770959,-0.058194456
Hammersmith and Fulham,Q1_2526,4/1/2025,-0.089171517,-0.02571569,-0.049301606
Hammersmith and Fulham,Q2_1516,7/1/2015,0.00451059,,-0.010462253
Hammersmith and Fulham,Q2_1617,7/1/2016,0.072570006,0.040581563,0.033247565
Hammersmith and Fulham,Q2_1718,7/1/2017,0.176775423,0.094787781,0.154229649
Hammersmith and Fulham,Q2_1819,7/1/2018,0.139053666,0.103084956,0.07988143
Hammersmith and Fulham,Q2_1920,7/1/2019,0.097732888,0.065707671,0.048479638
Hammersmith and Fulham,Q2_2021,7/1/2020,0.021247304,0.041052087,0.071685009
Hammersmith and Fulham,Q2_2122,7/1/2021,-0.031429469,-0.020756776,-0.029547133
Hammersmith and Fulham,Q2_2223,7/1/2022,-0.048519933,-0.058790621,-0.088207849
Hammersmith and Fulham,Q2_2324,7/1/2023,-0.100859048,-0.08685606,-0.100078391
Hammersmith and Fulham,Q2_2425,7/1/2024,-0.064117729,-0.059058153,-0.05157839
Hammersmith and Fulham,Q2_2526,7/1/2025,-0.099762229,-0.022872494,-0.024176602
Hammersmith and Fulham,Q3_1516,10/1/2015,0.001115237,,0.032577923
Hammersmith and Fulham,Q3_1617,10/1/2016,0.049224039,0.018320485,0.011707388
Hammersmith and Fulham,Q3_1718,10/1/2017,0.205853176,0.110922185,0.158408217
Hammersmith and Fulham,Q3_1819,10/1/2018,0.108238995,0.092534432,0.049506431
Hammersmith and Fulham,Q3_1920,10/1/2019,0.069324328,0.070025483,0.094609105
Hammersmith and Fulham,Q3_2021,10/1/2020,0.010444121,0.006994078,0.012109124
Hammersmith and Fulham,Q3_2122,10/1/2021,-0.052156853,-0.011248315,-0.019881954
Hammersmith and Fulham,Q3_2223,10/1/2022,-0.112165658,-0.118011888,-0.144489093
Hammersmith and Fulham,Q3_2324,10/1/2023,-0.069520662,-0.085951628,-0.07946232
Hammersmith and Fulham,Q3_2425,10/1/2024,-0.071120907,-0.047033014,-0.050198927
Hammersmith and Fulham,Q3_2526,10/1/2025,-0.142331425,-0.051366284,-0.059962311
Hammersmith and Fulham,Q4_1415,1/1/2015,-0.04348183,,-0.049538147
Hammersmith and Fulham,Q4_1516,1/1/2016,0.035528928,0.015823468,0.050006497
Hammersmith and Fulham,Q4_1617,1/1/2017,0.028613036,0.007907592,0.031426138
Hammersmith and Fulham,Q4_1718,1/1/2018,0.146562951,0.097886577,0.12952876
Hammersmith and Fulham,Q4_1819,1/1/2019,0.101779825,0.078169568,0.046533219
Hammersmith and Fulham,Q4_1920,1/1/2020,0.023313075,0.042448057,0.092635901
Hammersmith and Fulham,Q4_2021,1/1/2021,-0.005238279,-0.033603498,-0.04510962
Hammersmith and Fulham,Q4_2122,1/1/2022,-0.10917764,-0.052750322,-0.077716769
Hammersmith and Fulham,Q4_2223,1/1/2023,-0.076288394,-0.104040255,-0.081783738
Hammersmith and Fulham,Q4_2324,1/1/2024,-0.046910884,-0.060945662,-0.062864103
Hammersmith and Fulham,Q4_2425,1/1/2025,-0.139305508,-0.049321483,-0.078569455
Hammersmith and Fulham,Q4_2526,1/1/2026,-0.213760538,-0.099635391,-0.092841748
Haringey,Q1_1516,4/1/2015,-0.013762748,,0.010795655
Haringey,Q1_1617,4/1/2016,0.014544595,0.02760318,0.001498597
Haringey,Q1_1718,4/1/2017,0.120454329,0.130111146,0.135065943
Haringey,Q1_1819,4/1/2018,0.047807535,0.048736906,0.014539604
Haringey,Q1_1920,4/1/2019,0.02706967,0.057871345,0.06358896
Haringey,Q1_2021,4/1/2020,-0.019824238,0.03632315,-0.00106038
Haringey,Q1_2122,4/1/2021,0.043470054,0.031918166,0.066067605
Haringey,Q1_2223,4/1/2022,-0.00119885,-0.043558744,-0.069947678
Haringey,Q1_2324,4/1/2023,-0.045206877,-0.096529794,-0.062227792
Haringey,Q1_2425,4/1/2024,-0.078578157,-0.140484511,-0.086571252
Haringey,Q1_2526,4/1/2025,-0.033285884,0.025723648,0.030247161
Haringey,Q2_1516,7/1/2015,-0.010111588,,-0.014500295
Haringey,Q2_1617,7/1/2016,0.025244294,0.03842397,0.04240007
Haringey,Q2_1718,7/1/2017,0.139855747,0.111139583,0.107178461
Haringey,Q2_1819,7/1/2018,0.015568497,0.036110377,0.02165489
Haringey,Q2_1920,7/1/2019,0.049881191,0.07116943,0.057211241
Haringey,Q2_2021,7/1/2020,-0.000652469,0.068812805,0.043639977
Haringey,Q2_2122,7/1/2021,0.025594597,0.014410384,0.038804804
Haringey,Q2_2223,7/1/2022,0.008762984,-0.053603514,-0.069996849
Haringey,Q2_2324,7/1/2023,-0.072242695,-0.123052628,-0.068408825
Haringey,Q2_2425,7/1/2024,-0.056415449,-0.077947523,-0.053784881
Haringey,Q2_2526,7/1/2025,-0.041021401,0.028380024,0.013164655
Haringey,Q3_1516,10/1/2015,-0.038355978,,-0.022238418
Haringey,Q3_1617,10/1/2016,0.081923901,0.054528947,0.058122171
Haringey,Q3_1718,10/1/2017,0.071904615,0.07181242,0.036934451
Haringey,Q3_1819,10/1/2018,0.029703742,0.029230661,0.024098909
Haringey,Q3_1920,10/1/2019,0.008430904,0.039468155,0.035342734
Haringey,Q3_2021,10/1/2020,0.006880156,0.074187814,0.057577369
Haringey,Q3_2122,10/1/2021,0.010505872,-0.021559,-0.027751362
Haringey,Q3_2223,10/1/2022,-0.007407094,-0.060841392,-0.057946201
Haringey,Q3_2324,10/1/2023,-0.083514876,-0.124544974,-0.060047867
Haringey,Q3_2425,10/1/2024,-0.031071632,-0.043409509,-0.029783774
Haringey,Q3_2526,10/1/2025,-0.08429025,-0.037185145,-0.053930549
Haringey,Q4_1415,1/1/2015,0.066186365,,0.050730094
Haringey,Q4_1516,1/1/2016,-0.029895318,-0.007605108,-0.024221658
Haringey,Q4_1617,1/1/2017,0.053755842,0.056677925,0.070482391
Haringey,Q4_1718,1/1/2018,0.061218294,0.029276714,-0.006833499
Haringey,Q4_1819,1/1/2019,0.01264248,0.032677981,0.047885095
Haringey,Q4_1920,1/1/2020,-0.026835269,0.051560003,-0.014325765
Haringey,Q4_2021,1/1/2021,0.044311007,0.039443435,0.041383638
Haringey,Q4_2122,1/1/2022,-0.005944086,-0.049125194,-0.046061303
Haringey,Q4_2223,1/1/2023,-0.029036142,-0.061021756,-0.077161307
Haringey,Q4_2324,1/1/2024,-0.087152658,-0.160542923,-0.087618393
Haringey,Q4_2425,1/1/2025,-0.055651484,-0.008781955,-0.015684323
Haringey,Q4_2526,1/1/2026,-0.114261525,-0.095804496,-0.118312103
Harrow,Q1_1516,4/1/2015,0.054563775,,0.047318732
Harrow,Q1_1617,4/1/2016,-0.065843282,-0.005433448,-0.052794517
Harrow,Q1_1718,4/1/2017,0.106894254,0.062600123,0.034659989
Harrow,Q1_1819,4/1/2018,0.046080142,0.002106581,-0.005566509
Harrow,Q1_1920,4/1/2019,0.028444474,0.009602249,0.05787343
Harrow,Q1_2021,4/1/2020,0.001941737,0.059597743,0.063282126
Harrow,Q1_2122,4/1/2021,-0.043105746,0.012600123,0.014659989
Harrow,Q1_2223,4/1/2022,-0.074683089,-0.048356114,-0.065778851
Harrow,Q1_2324,4/1/2023,0.073474996,0.006589587,0.086490848
Harrow,Q1_2425,4/1/2024,-0.008797735,-0.034788218,-0.074141459
Harrow,Q1_2526,4/1/2025,-0.073556886,-0.051611042,-0.082683378
Harrow,Q2_1516,7/1/2015,-0.016487787,,0.067026172
Harrow,Q2_1617,7/1/2016,0.005496612,-0.004621161,-0.042421739
Harrow,Q2_1718,7/1/2017,0.043553001,0.040574545,0.013730403
Harrow,Q2_1819,7/1/2018,0.057928855,-0.006772667,0.00494783
Harrow,Q2_1920,7/1/2019,-0.000181712,0.050435101,0.078255646
Harrow,Q2_2021,7/1/2020,0.025052339,0.047545824,0.056929688
Harrow,Q2_2122,7/1/2021,-0.049781454,0.004615419,0.005584856
Harrow,Q2_2223,7/1/2022,-0.029900178,-0.035456556,-0.024448175
Harrow,Q2_2324,7/1/2023,0.059760608,0.004337802,0.045457451
Harrow,Q2_2425,7/1/2024,-0.029757695,-0.019307846,-0.071626387
Harrow,Q2_2526,7/1/2025,-0.070978863,-0.060048159,-0.091966134
Harrow,Q3_1516,10/1/2015,-0.035978967,,0.027167733
Harrow,Q3_1617,10/1/2016,0.002562415,-0.006399968,-0.033238076
Harrow,Q3_1718,10/1/2017,0.031958698,0.009608025,-0.006713155
Harrow,Q3_1819,10/1/2018,0.054187344,0.017021436,0.016689034
Harrow,Q3_1920,10/1/2019,0.011582198,0.061504441,0.098746391
Harrow,Q3_2021,10/1/2020,0.031609322,0.025458553,0.04597179
Harrow,Q3_2122,10/1/2021,-0.088797735,-0.004788218,-0.054141459
Harrow,Q3_2223,10/1/2022,0.031728046,-0.024469472,0.026004821
Harrow,Q3_2324,10/1/2023,0.052728726,0.006137173,0.016283225
Harrow,Q3_2425,10/1/2024,-0.055229195,-0.03656252,-0.080366491
Harrow,Q3_2526,10/1/2025,-0.04265797,-0.031066089,-0.072433286
Harrow,Q4_1415,1/1/2015,0.121086836,,0.046351396
Harrow,Q4_1516,1/1/2016,-0.058132973,0.003178465,-0.013431543
Harrow,Q4_1617,1/1/2017,0.001561735,0.022993387,-0.02351648
Harrow,Q4_1718,1/1/2018,0.051907816,-0.000422821,0.013272688
Harrow,Q4_1819,1/1/2019,0.046714485,0.028553472,0.037392122
Harrow,Q4_1920,1/1/2020,0.018020457,0.059345196,0.087755462
Harrow,Q4_2021,1/1/2021,-0.041365594,-0.002407271,0.012361977
Harrow,Q4_2122,1/1/2022,-0.083936819,-0.027903701,-0.085571228
Harrow,Q4_2223,1/1/2023,0.067742288,0.003114229,0.094895924
Harrow,Q4_2324,1/1/2024,0.005238906,-0.032341073,-0.043018406
Harrow,Q4_2425,1/1/2025,-0.067305195,-0.053883391,-0.083726212
Harrow,Q4_2526,1/1/2026,-0.09534119,-0.05087974,-0.091526239
Havering,Q1_1516,4/1/2015,-0.015378833,,-0.051414613
Havering,Q1_1617,4/1/2016,-0.001024803,-0.00229559,-0.000236343
Havering,Q1_1718,4/1/2017,0.16608312,0.099674725,0.092279572
Havering,Q1_1819,4/1/2018,0.094697747,0.058775554,0.081904668
Havering,Q1_1920,4/1/2019,0.031690584,0.013314228,0.063797041
Havering,Q1_2021,4/1/2020,0.01489028,0.006448202,0.038425972
Havering,Q1_2122,4/1/2021,-0.011662851,-0.001843232,-0.002522771
Havering,Q1_2223,4/1/2022,-0.019535386,-0.01099102,-0.083828566
Havering,Q1_2324,4/1/2023,-0.02657225,-0.042577345,-0.060320534
Havering,Q1_2425,4/1/2024,-0.081157176,-0.055553174,-0.051561288
Havering,Q1_2526,4/1/2025,-0.09702852,0.000636052,-0.013150168
Havering,Q2_1516,7/1/2015,-0.017753759,,-0.042057306
Havering,Q2_1617,7/1/2016,0.008975197,-0.00229559,0.019763657
Havering,Q2_1718,7/1/2017,0.131399239,0.07663467,0.091012039
Havering,Q2_1819,7/1/2018,0.07367521,0.04811188,0.051627953
Havering,Q2_1920,7/1/2019,0.034433867,0.018604283,0.061833258
Havering,Q2_2021,7/1/2020,0.089156254,0.025178868,0.050405051
Havering,Q2_2122,7/1/2021,0.001630135,0.006784531,0.001074523
Havering,Q2_2223,7/1/2022,-0.041844341,-0.022489639,-0.074453406
Havering,Q2_2324,7/1/2023,0.00434581,-0.045491018,-0.047365933
Havering,Q2_2425,7/1/2024,-0.117165982,-0.022962704,-0.060481207
Havering,Q2_2526,7/1/2025,-0.053367176,-0.006987566,-0.00215935
Havering,Q3_1516,10/1/2015,-0.000200176,,-1.32E-05
Havering,Q3_1617,10/1/2016,-0.022773012,-0.023430259,-0.000709436
Havering,Q3_1718,10/1/2017,0.139876404,0.082136742,0.083306095
Havering,Q3_1819,10/1/2018,0.050338195,0.022436466,0.053431063
Havering,Q3_1920,10/1/2019,0.060964912,0.042843234,0.073600663
Havering,Q3_2021,10/1/2020,0.056621925,0.027043508,0.047013062
Havering,Q3_2122,10/1/2021,-0.040579865,-0.014649861,-0.049523538
Havering,Q3_2223,10/1/2022,-0.022960312,-0.049704418,-0.067461565
Havering,Q3_2324,10/1/2023,-0.045159414,-0.055169885,-0.057232038
Havering,Q3_2425,10/1/2024,-0.113724491,-0.013709943,-0.054962204
Havering,Q3_2526,10/1/2025,-0.051278073,-0.038612568,-0.017006325
Havering,Q4_1415,1/1/2015,-0.010854356,,-0.042896377
Havering,Q4_1516,1/1/2016,-0.003498684,0.006098747,-0.010905814
Havering,Q4_1617,1/1/2017,0.004951017,-0.004907469,0.04867465
Havering,Q4_1718,1/1/2018,0.122031477,0.070554558,0.058476973
Havering,Q4_1819,1/1/2019,0.013312374,0.007876382,0.061529764
Havering,Q4_1920,1/1/2020,0.052751628,0.037512432,0.071378017
Havering,Q4_2021,1/1/2021,0.023004609,0.001714777,0.020621839
Havering,Q4_2122,1/1/2022,-0.068897626,-0.04355801,-0.089068297
Havering,Q4_2223,1/1/2023,-0.011745386,-0.032425412,-0.054426627
Havering,Q4_2324,1/1/2024,-0.057891654,-0.053433698,-0.050677586
Havering,Q4_2425,1/1/2025,-0.12612688,-0.011759667,-0.028318489
Havering,Q4_2526,1/1/2026,-0.116648975,-0.097531772,-0.057402895
Hillingdon,Q1_1516,4/1/2015,0.026452366,,0.068541692
Hillingdon,Q1_1617,4/1/2016,-0.033459871,-0.001879865,-0.061499192
Hillingdon,Q1_1718,4/1/2017,0.081401963,0.043071061,-0.032397765
Hillingdon,Q1_1819,4/1/2018,0.061306885,0.032996988,0.027646526
Hillingdon,Q1_1920,4/1/2019,-0.024326875,0.016398635,0.005612543
Hillingdon,Q1_2021,4/1/2020,-0.000397191,0.031669377,0.048440358
Hillingdon,Q1_2122,4/1/2021,0.033076785,0.034375881,0.04682203
Hillingdon,Q1_2223,4/1/2022,-0.053756411,-0.013156928,0.015346797
Hillingdon,Q1_2324,4/1/2023,0.041599431,0.023224904,0.077510246
Hillingdon,Q1_2425,4/1/2024,-0.017642213,-0.028393483,-0.05750146
Hillingdon,Q1_2526,4/1/2025,-0.034029278,-0.03557872,-0.059184521
Hillingdon,Q2_1516,7/1/2015,0.016306093,,0.028609832
Hillingdon,Q2_1617,7/1/2016,-0.052099535,-0.010820056,-0.072132895
Hillingdon,Q2_1718,7/1/2017,0.130173272,0.042113814,-0.031825388
Hillingdon,Q2_1819,7/1/2018,0.030802245,0.022603833,0.027881609
Hillingdon,Q2_1920,7/1/2019,-0.012820266,0.047572403,0.0349107
Hillingdon,Q2_2021,7/1/2020,-0.010779762,0.009162118,0.033960146
Hillingdon,Q2_2122,7/1/2021,0.01149704,0.043145134,0.027557944
Hillingdon,Q2_2223,7/1/2022,0.017187047,-0.012421899,0.064907293
Hillingdon,Q2_2324,7/1/2023,0.011511667,-0.00684347,0.02755113
Hillingdon,Q2_2425,7/1/2024,0.006446108,-0.025208356,-0.059405976
Hillingdon,Q2_2526,7/1/2025,-0.099772743,-0.052262541,-0.081167398
Hillingdon,Q3_1516,10/1/2015,0.01597698,,-0.001236852
Hillingdon,Q3_1617,10/1/2016,-0.043255089,-0.011720324,-0.061594588
Hillingdon,Q3_1718,10/1/2017,0.113764266,0.054911483,-0.033498228
Hillingdon,Q3_1819,10/1/2018,0.006762857,0.007247623,0.0251049
Hillingdon,Q3_1920,10/1/2019,0.00926412,0.049196305,0.023939704
Hillingdon,Q3_2021,10/1/2020,0.012637967,0.024034006,0.067026451
Hillingdon,Q3_2122,10/1/2021,0.007560043,0.007868694,-0.005266464
Hillingdon,Q3_2223,10/1/2022,0.029249492,0.019184909,0.073946518
Hillingdon,Q3_2324,10/1/2023,-6.81E-05,-0.028074217,0.008287043
Hillingdon,Q3_2425,10/1/2024,0.004588445,-0.026655623,-0.048540597
Hillingdon,Q3_2526,10/1/2025,-0.165579768,-0.116786675,-0.118462236
Hillingdon,Q4_1415,1/1/2015,0.065552789,,0.098960754
Hillingdon,Q4_1516,1/1/2016,-0.01482752,-0.012945373,-0.060862082
Hillingdon,Q4_1617,1/1/2017,-0.024776325,0.017094512,0.009114069
Hillingdon,Q4_1718,1/1/2018,0.070195213,0.032130907,-0.001835609
Hillingdon,Q4_1819,1/1/2019,0.025351325,-0.003852072,0.005762452
Hillingdon,Q4_1920,1/1/2020,-0.025146002,0.035760471,0.025994128
Hillingdon,Q4_2021,1/1/2021,0.036633473,0.029356029,0.049823603
Hillingdon,Q4_2122,1/1/2022,-0.046243047,0.004905785,0.036505179
Hillingdon,Q4_2223,1/1/2023,0.066185079,0.026797489,0.085374053
Hillingdon,Q4_2324,1/1/2024,-0.034926593,-0.034068592,-0.034108082
Hillingdon,Q4_2425,1/1/2025,-0.006801145,-0.027738224,-0.037893266
Hillingdon,Q4_2526,1/1/2026,-0.230775239,-0.206415945,-0.186725101
Hounslow,Q1_1516,4/1/2015,-0.016875588,,-0.01076312
Hounslow,Q1_1617,4/1/2016,-0.014676696,0.002729858,-5.81E-07
Hounslow,Q1_1718,4/1/2017,0.219418183,0.093095375,0.032629936
Hounslow,Q1_1819,4/1/2018,0.100775888,0.044399269,0.113100765
Hounslow,Q1_1920,4/1/2019,0.037077411,0.070451037,0.075286027
Hounslow,Q1_2021,4/1/2020,0.040873494,0.064889347,0.109666782
Hounslow,Q1_2122,4/1/2021,0.009905186,0.013563076,0.00279882
Hounslow,Q1_2223,4/1/2022,-0.028028741,-0.024452737,-0.026484701
Hounslow,Q1_2324,4/1/2023,-0.051432065,-0.048117514,-0.034197084
Hounslow,Q1_2425,4/1/2024,-0.095091966,-0.041632358,-0.125466276
Hounslow,Q1_2526,4/1/2025,-0.076119305,-0.08301532,-0.092354709
Hounslow,Q2_1516,7/1/2015,-0.014735726,,-0.040021052
Hounslow,Q2_1617,7/1/2016,-0.003156656,0.014189652,0.020526543
Hounslow,Q2_1718,7/1/2017,0.208414661,0.072131627,0.042281931
Hounslow,Q2_1819,7/1/2018,0.087130744,0.060898597,0.091836691
Hounslow,Q2_1920,7/1/2019,0.016000102,0.079416426,0.114912434
Hounslow,Q2_2021,7/1/2020,0.035513099,0.038948725,0.06474355
Hounslow,Q2_2122,7/1/2021,-0.003075863,-0.009299821,-0.008234957
Hounslow,Q2_2223,7/1/2022,-0.012515072,-0.018761257,-0.028040484
Hounslow,Q2_2324,7/1/2023,-0.063604804,-0.04099682,-0.038014891
Hounslow,Q2_2425,7/1/2024,-0.065145299,-0.022079918,-0.12201694
Hounslow,Q2_2526,7/1/2025,-0.103226802,-0.090237459,-0.071351638
Hounslow,Q3_1516,10/1/2015,-0.022477803,,-0.019238042
Hounslow,Q3_1617,10/1/2016,0.016799071,0.014147134,0.01051119
Hounslow,Q3_1718,10/1/2017,0.199919943,0.063577249,0.062803938
Hounslow,Q3_1819,10/1/2018,0.077077411,0.090451037,0.115286027
Hounslow,Q3_1920,10/1/2019,0.029084454,0.062378533,0.105982035
Hounslow,Q3_2021,10/1/2020,0.001449043,0.025442085,0.029866372
Hounslow,Q3_2122,10/1/2021,-0.013208682,0.010572624,0.001718983
Hounslow,Q3_2223,10/1/2022,-0.011791946,-0.058066791,-0.037789717
Hounslow,Q3_2324,10/1/2023,-0.084407416,-0.05137128,-0.061761055
Hounslow,Q3_2425,10/1/2024,-0.068642866,-0.055438862,-0.113229837
Hounslow,Q3_2526,10/1/2025,-0.155091966,-0.111632358,-0.105466276
Hounslow,Q4_1415,1/1/2015,0.020409002,,0.008295222
Hounslow,Q4_1516,1/1/2016,-0.025237487,-0.027808707,-0.000195054
Hounslow,Q4_1617,1/1/2017,0.045721761,0.003112522,-0.009862403
Hounslow,Q4_1718,1/1/2018,0.153293751,0.04721368,0.070506086
Hounslow,Q4_1819,1/1/2019,0.073801209,0.067304685,0.094149895
Hounslow,Q4_1920,1/1/2020,0.019359152,0.073038684,0.122609465
Hounslow,Q4_2021,1/1/2021,-0.009087931,-0.004677266,0.006212328
Hounslow,Q4_2122,1/1/2022,-0.016588187,-0.012672938,-0.009452972
Hounslow,Q4_2223,1/1/2023,-0.041629612,-0.047910891,-0.027733422
Hounslow,Q4_2324,1/1/2024,-0.113498138,-0.0501017,-0.134913564
Hounslow,Q4_2425,1/1/2025,-0.072205161,-0.068463629,-0.077933012
Hounslow,Q4_2526,1/1/2026,-0.210471789,-0.145213595,-0.101203233
Islington,Q1_1516,4/1/2015,0.019455404,,0.043072345
Islington,Q1_1617,4/1/2016,0.059952464,0.069399079,0.033508427
Islington,Q1_1718,4/1/2017,0.194904959,0.153497412,0.229637125
Islington,Q1_1819,4/1/2018,0.060385306,0.141662324,0.121805903
Islington,Q1_1920,4/1/2019,0.02046379,0.091693757,-0.008125242
Islington,Q1_2021,4/1/2020,-0.018052031,0.024253212,0.001764407
Islington,Q1_2122,4/1/2021,0.036068468,-0.036086543,-0.067074179
Islington,Q1_2223,4/1/2022,-0.018758116,-0.100009599,-0.093762227
Islington,Q1_2324,4/1/2023,-0.056992113,-0.121292328,-0.10466646
Islington,Q1_2425,4/1/2024,-0.052283122,-0.08940638,-0.020535165
Islington,Q1_2526,4/1/2025,-0.093630285,-0.06193593,-0.024170644
Islington,Q2_1516,7/1/2015,0.047604443,,0.022675252
Islington,Q2_1617,7/1/2016,0.018095029,0.048655177,0.05187886
Islington,Q2_1718,7/1/2017,0.195820596,0.173864124,0.200440433
Islington,Q2_1819,7/1/2018,0.042896768,0.132668163,0.09400926
Islington,Q2_1920,7/1/2019,0.041706572,0.080201478,0.030511491
Islington,Q2_2021,7/1/2020,0.047854158,0.036643607,0.020812066
Islington,Q2_2122,7/1/2021,0.041346528,-0.069967689,-0.06367042
Islington,Q2_2223,7/1/2022,-0.031746952,-0.117201632,-0.107611186
Islington,Q2_2324,7/1/2023,-0.063506217,-0.103901223,-0.070381419
Islington,Q2_2425,7/1/2024,-0.053754616,-0.065990718,-0.023052929
Islington,Q2_2526,7/1/2025,-0.134382481,-0.056242178,-0.053603769
Islington,Q3_1516,10/1/2015,0.055243473,,0.039377131
Islington,Q3_1617,10/1/2016,0.018958344,0.059000935,0.062636264
Islington,Q3_1718,10/1/2017,0.139894984,0.163480932,0.157695355
Islington,Q3_1819,10/1/2018,0.011510232,0.132112856,0.072792823
Islington,Q3_1920,10/1/2019,0.043564007,0.05094538,0.022141058
Islington,Q3_2021,10/1/2020,0.037147546,0.030340633,-0.014900689
Islington,Q3_2122,10/1/2021,0.024014956,-0.078898985,-0.081329353
Islington,Q3_2223,10/1/2022,-0.046724028,-0.115189954,-0.103204471
Islington,Q3_2324,10/1/2023,-0.080281932,-0.116614892,-0.066325895
Islington,Q3_2425,10/1/2024,-0.076553849,-0.067111809,-0.025508755
Islington,Q3_2526,10/1/2025,-0.138378649,-0.081847635,-0.045882897
Islington,Q4_1415,1/1/2015,0.025609728,,0.029698454
Islington,Q4_1516,1/1/2016,0.034308149,0.08313354,0.049783345
Islington,Q4_1617,1/1/2017,-0.010570757,0.049189529,0.043049394
Islington,Q4_1718,1/1/2018,0.078011124,0.136706472,0.090949776
Islington,Q4_1819,1/1/2019,0.013661914,0.108969609,0.045907331
Islington,Q4_1920,1/1/2020,0.017167496,0.040373593,0.008982851
Islington,Q4_2021,1/1/2021,0.018030284,0.008679187,-0.050445867
Islington,Q4_2122,1/1/2022,-0.011400384,-0.131067826,-0.116080342
Islington,Q4_2223,1/1/2023,-0.042767233,-0.107610254,-0.108506301
Islington,Q4_2324,1/1/2024,-0.096194332,-0.108982805,-0.061512966
Islington,Q4_2425,1/1/2025,-0.090530331,-0.068704388,-0.038997405
Islington,Q4_2526,1/1/2026,-0.227169293,-0.117408234,-0.123780771
Kensington and Chelsea,Q1_1516,4/1/2015,0.020052482,,-0.032551121
Kensington and Chelsea,Q1_1617,4/1/2016,0.058634207,0.03495772,0.027377995
Kensington and Chelsea,Q1_1718,4/1/2017,0.117981181,0.088568161,0.102843058
Kensington and Chelsea,Q1_1819,4/1/2018,0.155903708,0.087549621,0.092739228
Kensington and Chelsea,Q1_1920,4/1/2019,0.179986576,0.084454144,0.113443077
Kensington and Chelsea,Q1_2021,4/1/2020,-0.004666935,0.017658718,0.070711544
Kensington and Chelsea,Q1_2122,4/1/2021,-0.048658576,-0.04958995,-0.057988582
Kensington and Chelsea,Q1_2223,4/1/2022,-0.099050265,-0.054879204,-0.107508367
Kensington and Chelsea,Q1_2324,4/1/2023,-0.047684093,-0.049306617,-0.056940296
Kensington and Chelsea,Q1_2425,4/1/2024,-0.07518713,-0.028082411,-0.0368155
Kensington and Chelsea,Q1_2526,4/1/2025,-0.194448029,-0.087720046,-0.066778561
Kensington and Chelsea,Q2_1516,7/1/2015,0.044167476,,-0.042345457
Kensington and Chelsea,Q2_1617,7/1/2016,0.047203782,0.039159196,0.067806295
Kensington and Chelsea,Q2_1718,7/1/2017,0.137557365,0.098165938,0.093821458
Kensington and Chelsea,Q2_1819,7/1/2018,0.164760768,0.086794827,0.103681686
Kensington and Chelsea,Q2_1920,7/1/2019,0.198691654,0.08852762,0.114877731
Kensington and Chelsea,Q2_2021,7/1/2020,0.040050829,0.014680082,0.052446706
Kensington and Chelsea,Q2_2122,7/1/2021,-0.069050265,-0.034879204,-0.107508367
Kensington and Chelsea,Q2_2223,7/1/2022,-0.099581784,-0.060237014,-0.097035141
Kensington and Chelsea,Q2_2324,7/1/2023,-0.030425089,-0.040844904,-0.036077707
Kensington and Chelsea,Q2_2425,7/1/2024,-0.095179305,-0.033175792,-0.036315318
Kensington and Chelsea,Q2_2526,7/1/2025,-0.160445065,-0.080854697,-0.086078705
Kensington and Chelsea,Q3_1516,10/1/2015,0.051310951,,-0.012488224
Kensington and Chelsea,Q3_1617,10/1/2016,0.020551875,0.03589791,0.087473838
Kensington and Chelsea,Q3_1718,10/1/2017,0.146123441,0.097657351,0.08275021
Kensington and Chelsea,Q3_1819,10/1/2018,0.184872797,0.09194697,0.133187495
Kensington and Chelsea,Q3_1920,10/1/2019,0.167824874,0.103199874,0.124334619
Kensington and Chelsea,Q3_2021,10/1/2020,-0.003352865,-0.061891458,-0.008223198
Kensington and Chelsea,Q3_2122,10/1/2021,-0.094715538,-0.002753982,-0.097291722
Kensington and Chelsea,Q3_2223,10/1/2022,-0.104635636,-0.082714808,-0.117287728
Kensington and Chelsea,Q3_2324,10/1/2023,-0.026477726,-0.02381238,-0.006380212
Kensington and Chelsea,Q3_2425,10/1/2024,-0.128675053,-0.044889681,-0.076490033
Kensington and Chelsea,Q3_2526,10/1/2025,-0.17461566,-0.102705014,-0.09728673
Kensington and Chelsea,Q4_1415,1/1/2015,-0.009807688,,-0.022544132
Kensington and Chelsea,Q4_1516,1/1/2016,0.04769535,0.034497418,0.007331072
Kensington and Chelsea,Q4_1617,1/1/2017,0.021570635,0.046397386,0.097524755
Kensington and Chelsea,Q4_1718,1/1/2018,0.151489079,0.085385224,0.082518589
Kensington and Chelsea,Q4_1819,1/1/2019,0.182855251,0.080957811,0.12308666
Kensington and Chelsea,Q4_1920,1/1/2020,0.046702736,0.047941367,0.082779162
Kensington and Chelsea,Q4_2021,1/1/2021,-0.004187519,-0.042106235,0.000735504
Kensington and Chelsea,Q4_2122,1/1/2022,-0.123365016,-0.056994633,-0.137724015
Kensington and Chelsea,Q4_2223,1/1/2023,-0.093145283,-0.056886902,-0.067713033
Kensington and Chelsea,Q4_2324,1/1/2024,-0.059501881,-0.030197839,-0.027031148
Kensington and Chelsea,Q4_2425,1/1/2025,-0.152378382,-0.071608125,-0.077174913
Kensington and Chelsea,Q4_2526,1/1/2026,-0.286752233,-0.168266441,-0.149892469
Kingston upon Thames,Q1_1516,4/1/2015,-0.0145381,,-0.04268378
Kingston upon Thames,Q1_1617,4/1/2016,0.03902503,0.011911544,-0.003376675
Kingston upon Thames,Q1_1718,4/1/2017,0.133169122,0.091443314,0.066371202
Kingston upon Thames,Q1_1819,4/1/2018,0.121263624,0.056070365,0.054797125
Kingston upon Thames,Q1_1920,4/1/2019,0.062177647,0.028025425,0.090730131
Kingston upon Thames,Q1_2021,4/1/2020,0.035461917,0.057037653,0.077869965
Kingston upon Thames,Q1_2122,4/1/2021,0.042348054,0.026690257,0.054586244
Kingston upon Thames,Q1_2223,4/1/2022,-0.046412596,-0.052601295,-0.025654763
Kingston upon Thames,Q1_2324,4/1/2023,-0.145723206,-0.056490931,-0.137733449
Kingston upon Thames,Q1_2425,4/1/2024,-0.063306478,-0.096542037,-0.094314162
Kingston upon Thames,Q1_2526,4/1/2025,-0.105676732,-0.012180654,-0.065797861
Kingston upon Thames,Q2_1516,7/1/2015,-0.021246078,,-0.023323955
Kingston upon Thames,Q2_1617,7/1/2016,0.03022565,0.012597853,0.016389849
Kingston upon Thames,Q2_1718,7/1/2017,0.157506845,0.083922882,0.065527678
Kingston upon Thames,Q2_1819,7/1/2018,0.130473542,0.067051309,0.081061516
Kingston upon Thames,Q2_1920,7/1/2019,0.072448755,0.038180398,0.060677411
Kingston upon Thames,Q2_2021,7/1/2020,0.02470282,0.053752598,0.062183705
Kingston upon Thames,Q2_2122,7/1/2021,0.046879426,0.03928052,0.033705062
Kingston upon Thames,Q2_2223,7/1/2022,-0.053267748,-0.046519898,-0.034321693
Kingston upon Thames,Q2_2324,7/1/2023,-0.145916855,-0.096601626,-0.117695792
Kingston upon Thames,Q2_2425,7/1/2024,-0.070564415,-0.069258306,-0.116792015
Kingston upon Thames,Q2_2526,7/1/2025,-0.089596174,-0.018704831,-0.056980302
Kingston upon Thames,Q3_1516,10/1/2015,-0.001323537,,0.006691108
Kingston upon Thames,Q3_1617,10/1/2016,0.025887926,0.020118285,0.037233374
Kingston upon Thames,Q3_1718,10/1/2017,0.153781052,0.0675094,0.034307579
Kingston upon Thames,Q3_1819,10/1/2018,0.121286865,0.077516228,0.100903355
Kingston upon Thames,Q3_1920,10/1/2019,0.070434812,0.03702917,0.081069047
Kingston upon Thames,Q3_2021,10/1/2020,-0.013376193,0.027701823,0.047644021
Kingston upon Thames,Q3_2122,10/1/2021,0.037925127,0.019878273,0.053501712
Kingston upon Thames,Q3_2223,10/1/2022,-0.098775106,-0.063951774,-0.095195344
Kingston upon Thames,Q3_2324,10/1/2023,-0.112772007,-0.100520229,-0.126362721
Kingston upon Thames,Q3_2425,10/1/2024,-0.094081071,-0.056984817,-0.084163532
Kingston upon Thames,Q3_2526,10/1/2025,-0.088008257,-0.037797132,-0.047289092
Kingston upon Thames,Q4_1415,1/1/2015,0.003176849,,0.007760577
Kingston upon Thames,Q4_1516,1/1/2016,-0.004654289,-0.000191661,-0.002661186
Kingston upon Thames,Q4_1617,1/1/2017,0.056894898,0.020693899,0.037037555
Kingston upon Thames,Q4_1718,1/1/2018,0.129133491,0.05485272,0.035211356
Kingston upon Thames,Q4_1819,1/1/2019,0.11942784,0.046453556,0.101264866
Kingston upon Thames,Q4_1920,1/1/2020,0.033889497,0.073287679,0.112341866
Kingston upon Thames,Q4_2021,1/1/2021,-0.01390292,0.015968154,0.0416357
Kingston upon Thames,Q4_2122,1/1/2022,-0.010517941,-0.034948029,0.025143573
Kingston upon Thames,Q4_2223,1/1/2023,-0.116490055,-0.042645573,-0.1056397
Kingston upon Thames,Q4_2324,1/1/2024,-0.091137616,-0.115302253,-0.124735924
Kingston upon Thames,Q4_2425,1/1/2025,-0.087225919,-0.023066214,-0.075496602
Kingston upon Thames,Q4_2526,1/1/2026,-0.159007493,-0.102666056,-0.005427027
Lambeth,Q1_1516,4/1/2015,-0.042844822,,-0.040271547
Lambeth,Q1_1617,4/1/2016,0.050431575,0.03939777,0.051784193
Lambeth,Q1_1718,4/1/2017,0.163277278,0.15785283,0.207685563
Lambeth,Q1_1819,4/1/2018,0.097346352,0.141272574,0.130238659
Lambeth,Q1_1920,4/1/2019,0.111556347,0.11481075,0.122880174
Lambeth,Q1_2021,4/1/2020,0.01438327,0.005165406,-0.006718059
Lambeth,Q1_2122,4/1/2021,-0.028471954,-0.002021496,-0.069686364
Lambeth,Q1_2223,4/1/2022,-0.088278188,-0.151858651,-0.209564788
Lambeth,Q1_2324,4/1/2023,-0.060134697,-0.116610442,-0.068180853
Lambeth,Q1_2425,4/1/2024,-0.042819112,-0.062058025,-0.017316378
Lambeth,Q1_2526,4/1/2025,-0.048385465,0.003263884,-0.010808925
Lambeth,Q2_1516,7/1/2015,0.028018314,,-0.019729981
Lambeth,Q2_1617,7/1/2016,0.03481772,0.033083988,0.074536232
Lambeth,Q2_1718,7/1/2017,0.166559018,0.169015111,0.196019046
Lambeth,Q2_1819,7/1/2018,0.07863225,0.122353272,0.111045482
Lambeth,Q2_1920,7/1/2019,0.120434327,0.11227201,0.128450566
Lambeth,Q2_2021,7/1/2020,0.039953378,0.033463578,-0.008125591
Lambeth,Q2_2122,7/1/2021,-0.020768838,-0.027143389,-0.108578738
Lambeth,Q2_2223,7/1/2022,-0.085665819,-0.191258925,-0.191651295
Lambeth,Q2_2324,7/1/2023,-0.04735152,-0.084271396,-0.046434579
Lambeth,Q2_2425,7/1/2024,-0.036530543,-0.016772966,0.006629316
Lambeth,Q2_2526,7/1/2025,-0.065091453,-0.003967752,-0.018742133
Lambeth,Q3_1516,10/1/2015,-0.021259469,,-0.029276834
Lambeth,Q3_1617,10/1/2016,0.059339442,0.028479917,0.081098946
Lambeth,Q3_1718,10/1/2017,0.152572677,0.177260666,0.187243468
Lambeth,Q3_1819,10/1/2018,0.070071341,0.105158486,0.105674033
Lambeth,Q3_1920,10/1/2019,0.100094299,0.083582011,0.121962828
Lambeth,Q3_2021,10/1/2020,-0.00432549,-0.015345174,-0.069633493
Lambeth,Q3_2122,10/1/2021,-0.067802582,-0.061458941,-0.139266375
Lambeth,Q3_2223,10/1/2022,-0.07929986,-0.172717288,-0.170205826
Lambeth,Q3_2324,10/1/2023,-0.046194271,-0.091703048,-0.031982866
Lambeth,Q3_2425,10/1/2024,-0.065132025,-0.022406081,-0.015041981
Lambeth,Q3_2526,10/1/2025,-0.145560129,-0.061170101,-0.051584981
Lambeth,Q4_1415,1/1/2015,0.004565767,,-0.011896244
Lambeth,Q4_1516,1/1/2016,0.034512921,-0.005576403,0.008070598
Lambeth,Q4_1617,1/1/2017,0.007877394,0.037251178,0.0801816
Lambeth,Q4_1718,1/1/2018,0.120453529,0.137075455,0.139639441
Lambeth,Q4_1819,1/1/2019,0.100317951,0.105365743,0.115828766
Lambeth,Q4_1920,1/1/2020,0.021827502,0.018230173,0.030501526
Lambeth,Q4_2021,1/1/2021,-0.015569228,-0.003198902,-0.052962645
Lambeth,Q4_2122,1/1/2022,-0.127526084,-0.139630797,-0.20536728
Lambeth,Q4_2223,1/1/2023,-0.041167055,-0.134286521,-0.101377376
Lambeth,Q4_2324,1/1/2024,-0.0538867,-0.079763712,-0.030535006
Lambeth,Q4_2425,1/1/2025,-0.08461426,-0.038779401,-0.037265897
Lambeth,Q4_2526,1/1/2026,-0.25836309,-0.14235539,-0.137264405
Lewisham,Q1_1516,4/1/2015,-0.034695166,,-0.030767936
Lewisham,Q1_1617,4/1/2016,0.015801989,-0.011661971,-0.010385177
Lewisham,Q1_1718,4/1/2017,0.138293781,0.134913941,0.131620323
Lewisham,Q1_1819,4/1/2018,0.126263732,0.112514873,0.110057387
Lewisham,Q1_1920,4/1/2019,0.1425508,0.123580356,0.160295814
Lewisham,Q1_2021,4/1/2020,0.07676613,0.024926378,-0.001856811
Lewisham,Q1_2122,4/1/2021,-0.049463778,-0.02061821,-0.048954215
Lewisham,Q1_2223,4/1/2022,-0.106439419,-0.057044088,-0.09662576
Lewisham,Q1_2324,4/1/2023,-0.070525217,-0.07641925,-0.076674403
Lewisham,Q1_2425,4/1/2024,-0.024564601,-0.041192906,-0.019784326
Lewisham,Q1_2526,4/1/2025,-0.107402527,-0.024546705,-0.041969247
Lewisham,Q2_1516,7/1/2015,-0.043742286,,-0.020034313
Lewisham,Q2_1617,7/1/2016,0.030234954,0.013576811,0.013027765
Lewisham,Q2_1718,7/1/2017,0.139743817,0.136627561,0.102736706
Lewisham,Q2_1819,7/1/2018,0.133721056,0.101327776,0.115798785
Lewisham,Q2_1920,7/1/2019,0.124586092,0.127803403,0.149561792
Lewisham,Q2_2021,7/1/2020,0.079697402,0.012026055,-0.004202013
Lewisham,Q2_2122,7/1/2021,-0.082964577,-0.024755378,-0.051649483
Lewisham,Q2_2223,7/1/2022,-0.072337891,-0.042196991,-0.063467991
Lewisham,Q2_2324,7/1/2023,-0.0627417,-0.099038641,-0.068380874
Lewisham,Q2_2425,7/1/2024,-0.070980943,-0.046957816,-0.027025266
Lewisham,Q2_2526,7/1/2025,-0.062726228,-0.040838139,-0.036067967
Lewisham,Q3_1516,10/1/2015,-0.033410849,,0.01022086
Lewisham,Q3_1617,10/1/2016,0.018370623,0.001373585,0.011592416
Lewisham,Q3_1718,10/1/2017,0.139469281,0.134485339,0.094826336
Lewisham,Q3_1819,10/1/2018,0.160101211,0.108867704,0.15071087
Lewisham,Q3_1920,10/1/2019,0.083772972,0.115024693,0.111236766
Lewisham,Q3_2021,10/1/2020,0.01927262,-0.052111507,-0.039927063
Lewisham,Q3_2122,10/1/2021,-0.065942264,-0.016456561,-0.076243
Lewisham,Q3_2223,10/1/2022,-0.123296014,-0.065147063,-0.081904656
Lewisham,Q3_2324,10/1/2023,-0.051343581,-0.131021938,-0.092702471
Lewisham,Q3_2425,10/1/2024,-0.110364742,-0.058047386,-0.064249858
Lewisham,Q3_2526,10/1/2025,-0.037242052,-0.056174841,-0.009544703
Lewisham,Q4_1415,1/1/2015,-0.038485972,,-0.04368648
Lewisham,Q4_1516,1/1/2016,0.003357644,-0.034550644,0.007732921
Lewisham,Q4_1617,1/1/2017,0.007252024,-0.009948351,0.030731206
Lewisham,Q4_1718,1/1/2018,0.147687809,0.102380034,0.08345478
Lewisham,Q4_1819,1/1/2019,0.108526887,0.127007202,0.129498797
Lewisham,Q4_1920,1/1/2020,0.066351835,0.034436772,0.047824222
Lewisham,Q4_2021,1/1/2021,-0.030012849,-0.054902654,-0.034774956
Lewisham,Q4_2122,1/1/2022,-0.112467422,-0.034167851,-0.111266723
Lewisham,Q4_2223,1/1/2023,-0.082027169,-0.081829787,-0.063228766
Lewisham,Q4_2324,1/1/2024,-0.03597845,-0.094681544,-0.058571855
Lewisham,Q4_2425,1/1/2025,-0.131618116,-0.06316416,-0.070612841
Lewisham,Q4_2526,1/1/2026,-0.121048847,-0.173398101,-0.116368592
Merton,Q1_1516,4/1/2015,0.009577801,,-0.030918862
Merton,Q1_1617,4/1/2016,0.020847886,0.002613819,-0.01088574
Merton,Q1_1718,4/1/2017,0.054589312,0.070143347,0.070515763
Merton,Q1_1819,4/1/2018,0.141222822,0.067165985,0.060427969
Merton,Q1_1920,4/1/2019,0.053961921,0.059588475,0.110499401
Merton,Q1_2021,4/1/2020,0.068453119,0.024716427,0.080355739
Merton,Q1_2122,4/1/2021,-0.007706022,-0.031886673,-0.019544096
Merton,Q1_2223,4/1/2022,-0.103130655,-0.067840167,-0.129424777
Merton,Q1_2324,4/1/2023,-0.062962331,-0.047691299,-0.019420387
Merton,Q1_2425,4/1/2024,-0.065517803,-0.059951388,-0.079487031
Merton,Q1_2526,4/1/2025,-0.052916424,0.012349301,-0.03941919
Merton,Q2_1516,7/1/2015,0.01121514,,-0.030876163
Merton,Q2_1617,7/1/2016,0.001567091,0.003249892,0.019133016
Merton,Q2_1718,7/1/2017,0.093028485,0.068762933,0.070475059
Merton,Q2_1819,7/1/2018,0.114772939,0.070305748,0.080520551
Merton,Q2_1920,7/1/2019,0.072653587,0.077275483,0.110726068
Merton,Q2_2021,7/1/2020,0.060587786,0.015448465,0.020672195
Merton,Q2_2122,7/1/2021,-0.054921016,-0.039423582,-0.069471467
Merton,Q2_2223,7/1/2022,-0.080820019,-0.055796614,-0.059364519
Merton,Q2_2324,7/1/2023,-0.077407622,-0.062778651,-0.049275528
Merton,Q2_2425,7/1/2024,-0.027239298,-0.032629783,-0.059271139
Merton,Q2_2526,7/1/2025,-0.043038842,0.032241034,-0.019422383
Merton,Q3_1516,10/1/2015,-0.018723651,,-0.040874566
Merton,Q3_1617,10/1/2016,-0.020514012,0.011409341,0.049078744
Merton,Q3_1718,10/1/2017,0.152492907,0.078289262,0.090461091
Merton,Q3_1819,10/1/2018,0.108644403,0.053729715,0.070621514
Merton,Q3_1920,10/1/2019,0.03683874,0.062132766,0.080574425
Merton,Q3_2021,10/1/2020,0.033273321,-0.021020531,0.010481443
Merton,Q3_2122,10/1/2021,-0.089878938,-0.053808425,-0.099600763
Merton,Q3_2223,10/1/2022,-0.076237008,-0.05058746,-0.019505787
Merton,Q3_2324,10/1/2023,-0.092916424,-0.087650699,-0.05941919
Merton,Q3_2425,10/1/2024,-0.025165852,-0.009640118,-0.059477852
Merton,Q3_2526,10/1/2025,-0.06782844,-0.001994941,-0.029547289
Merton,Q4_1415,1/1/2015,0.03908813,,0.029068368
Merton,Q4_1516,1/1/2016,0.021261047,-0.007020778,-0.040874965
Merton,Q4_1617,1/1/2017,-0.040330385,0.001571742,0.059083532
Merton,Q4_1718,1/1/2018,0.180457711,0.076489311,0.070408016
Merton,Q4_1819,1/1/2019,0.075415633,0.070874154,0.110537312
Merton,Q4_1920,1/1/2020,0.065553353,0.030995955,0.090540904
Merton,Q4_2021,1/1/2021,-0.004500211,-0.017895531,-0.00972128
Merton,Q4_2122,1/1/2022,-0.117797835,-0.081967874,-0.119546491
Merton,Q4_2223,1/1/2023,-0.068853689,-0.052901683,-0.029574026
Merton,Q4_2324,1/1/2024,-0.075609616,-0.070032588,-0.079489425
Merton,Q4_2425,1/1/2025,-0.048318111,-0.002428012,-0.059560059
Merton,Q4_2526,1/1/2026,-0.09316893,-0.034406358,-0.020208134
Newham,Q1_1516,4/1/2015,-0.031443755,,-0.018754924
Newham,Q1_1617,4/1/2016,0.008931923,-0.004771492,0.021351763
Newham,Q1_1718,4/1/2017,0.169185419,0.095688906,0.034021751
Newham,Q1_1819,4/1/2018,0.146895976,0.073994156,0.109051313
Newham,Q1_1920,4/1/2019,0.068130348,0.084573007,0.129401858
Newham,Q1_2021,4/1/2020,-0.003015389,-0.014722018,0.057717018
Newham,Q1_2122,4/1/2021,-0.065269054,0.01360001,0.01275674
Newham,Q1_2223,4/1/2022,-0.08952654,-0.113707075,-0.135612462
Newham,Q1_2324,4/1/2023,-0.048917893,-0.074042785,-0.119759882
Newham,Q1_2425,4/1/2024,-0.033228845,0.013314492,-0.055304401
Newham,Q1_2526,4/1/2025,-0.063282513,-0.026710675,-0.025319642
Newham,Q2_1516,7/1/2015,-0.047579634,,0.012342434
Newham,Q2_1617,7/1/2016,0.074907,0.018030482,0.003048605
Newham,Q2_1718,7/1/2017,0.180294768,0.090898563,0.087176658
Newham,Q2_1819,7/1/2018,0.093783211,0.052534446,0.088167329
Newham,Q2_1920,7/1/2019,0.064981804,0.083096518,0.128507714
Newham,Q2_2021,7/1/2020,0.013854769,-0.017431998,0.058187651
Newham,Q2_2122,7/1/2021,-0.079705435,0.006209033,-0.005663266
Newham,Q2_2223,7/1/2022,-0.077630258,-0.122817826,-0.175073944
Newham,Q2_2324,7/1/2023,-0.041010756,-0.060334784,-0.07751436
Newham,Q2_2425,7/1/2024,-0.037683115,0.005915126,-0.073729488
Newham,Q2_2526,7/1/2025,-0.062745829,-0.016459001,-0.015167231
Newham,Q3_1516,10/1/2015,-0.005808578,,0.002845391
Newham,Q3_1617,10/1/2016,0.055103784,0.008122762,0.003104489
Newham,Q3_1718,10/1/2017,0.207378991,0.094220663,0.089188483
Newham,Q3_1819,10/1/2018,0.050885323,0.065864935,0.120184234
Newham,Q3_1920,10/1/2019,0.062638489,0.046687071,0.11068211
Newham,Q3_2021,10/1/2020,-0.038667846,-0.003304397,0.034631395
Newham,Q3_2122,10/1/2021,-0.058578196,-0.018572921,-0.022503279
Newham,Q3_2223,10/1/2022,-0.073462016,-0.090863157,-0.163890219
Newham,Q3_2324,10/1/2023,-0.029990854,-0.065167073,-0.074384855
Newham,Q3_2425,10/1/2024,-0.058327135,-0.014386883,-0.043912381
Newham,Q3_2526,10/1/2025,-0.017951457,-0.004210711,-0.003805693
Newham,Q4_1415,1/1/2015,-0.07160476,,-0.058800648
Newham,Q4_1516,1/1/2016,-0.010119936,-0.014326867,0.011621023
Newham,Q4_1617,1/1/2017,0.043475844,0.00735935,-0.007357824
Newham,Q4_1718,1/1/2018,0.153586224,0.087752635,0.105271521
Newham,Q4_1819,1/1/2019,0.038094366,0.059866699,0.106551773
Newham,Q4_1920,1/1/2020,0.050044316,0.000781115,0.077105533
Newham,Q4_2021,1/1/2021,-0.062782826,0.015387041,0.037783063
Newham,Q4_2122,1/1/2022,-0.112084529,-0.090217193,-0.12349903
Newham,Q4_2223,1/1/2023,-0.040331565,-0.044084587,-0.125841079
Newham,Q4_2324,1/1/2024,-0.054660204,-0.052046169,-0.068550755
Newham,Q4_2425,1/1/2025,-0.072531359,-0.011047861,-0.017946191
Newham,Q4_2526,1/1/2026,-0.094232277,-0.06467154,-0.028308295
Redbridge,Q1_1516,4/1/2015,-0.039628167,,0.009745773
Redbridge,Q1_1617,4/1/2016,0.029885912,-0.017678939,-0.020487459
Redbridge,Q1_1718,4/1/2017,0.160861022,0.124775856,0.096777157
Redbridge,Q1_1819,4/1/2018,0.102264796,0.065843716,0.047450938
Redbridge,Q1_1920,4/1/2019,0.068122854,0.070299978,0.080262681
Redbridge,Q1_2021,4/1/2020,-0.00970967,0.0391276,0.066903664
Redbridge,Q1_2122,4/1/2021,-0.022104718,0.017733927,-0.025046762
Redbridge,Q1_2223,4/1/2022,-0.04588411,-0.055141081,-0.06686079
Redbridge,Q1_2324,4/1/2023,-0.037245499,-0.098569634,-0.072714441
Redbridge,Q1_2425,4/1/2024,-0.049216182,-0.050068746,-0.053660327
Redbridge,Q1_2526,4/1/2025,-0.069675108,-0.010417854,-0.013880601
Redbridge,Q2_1516,7/1/2015,-8.71E-05,,0.019525498
Redbridge,Q2_1617,7/1/2016,0.027957613,-0.001538744,-0.026613215
Redbridge,Q2_1718,7/1/2017,0.200525468,0.122127662,0.121415884
Redbridge,Q2_1819,7/1/2018,0.049322269,0.033605317,0.056038588
Redbridge,Q2_1920,7/1/2019,0.073992518,0.087158006,0.068280208
Redbridge,Q2_2021,7/1/2020,-0.020500367,0.051347303,0.060923505
Redbridge,Q2_2122,7/1/2021,-0.066585997,-0.035675011,-0.06719768
Redbridge,Q2_2223,7/1/2022,-0.00409079,-0.051383955,-0.060799821
Redbridge,Q2_2324,7/1/2023,-0.036516616,-0.118015169,-0.082364593
Redbridge,Q2_2425,7/1/2024,-0.078502689,-0.03713305,-0.028117651
Redbridge,Q2_2526,7/1/2025,-0.057083525,-0.00844642,-0.022636697
Redbridge,Q3_1516,10/1/2015,0.00226153,,0.000652787
Redbridge,Q3_1617,10/1/2016,0.035269654,0.008809444,-0.012703164
Redbridge,Q3_1718,10/1/2017,0.154127497,0.087260684,0.088344995
Redbridge,Q3_1819,10/1/2018,0.089823581,0.061593732,0.081078993
Redbridge,Q3_1920,10/1/2019,0.073926921,0.084715169,0.073048509
Redbridge,Q3_2021,10/1/2020,-0.040731722,0.043564246,0.056012674
Redbridge,Q3_2122,10/1/2021,-0.031240857,-0.041608928,-0.094632127
Redbridge,Q3_2223,10/1/2022,-0.048016767,-0.056763407,-0.047884419
Redbridge,Q3_2324,10/1/2023,-0.066963936,-0.135962511,-0.097379083
Redbridge,Q3_2425,10/1/2024,-0.055830118,-0.005100009,0.003165125
Redbridge,Q3_2526,10/1/2025,-0.048163352,-0.029267851,-0.03315499
Redbridge,Q4_1415,1/1/2015,-0.084946311,,-0.002806823
Redbridge,Q4_1516,1/1/2016,0.020560803,-0.017165545,-0.020163526
Redbridge,Q4_1617,1/1/2017,0.031721616,0.003717493,0.00039364
Redbridge,Q4_1718,1/1/2018,0.150645057,0.09461157,0.076673498
Redbridge,Q4_1819,1/1/2019,0.031049992,0.034919607,0.066867858
Redbridge,Q4_1920,1/1/2020,0.067231997,0.079622298,0.079835089
Redbridge,Q4_2021,1/1/2021,-0.073500668,0.013850827,-0.000116148
Redbridge,Q4_2122,1/1/2022,-0.053685855,-0.061075918,-0.080605461
Redbridge,Q4_2223,1/1/2023,-0.034657699,-0.081815206,-0.081071925
Redbridge,Q4_2324,1/1/2024,-0.060188026,-0.100808033,-0.064126791
Redbridge,Q4_2425,1/1/2025,-0.0883831,-0.014649142,-0.042860038
Redbridge,Q4_2526,1/1/2026,-0.146412158,-0.096399282,-0.035512534
Richmond upon Thames,Q1_1516,4/1/2015,0.017695913,,0.013795489
Richmond upon Thames,Q1_1617,4/1/2016,0.041712185,0.03309385,-0.005347691
Richmond upon Thames,Q1_1718,4/1/2017,0.18069076,0.081870867,0.086434948
Richmond upon Thames,Q1_1819,4/1/2018,0.131027763,0.120153597,0.072240104
Richmond upon Thames,Q1_1920,4/1/2019,0.042407199,0.106934655,0.094667758
Richmond upon Thames,Q1_2021,4/1/2020,0.038978948,0.032973653,0.099669646
Richmond upon Thames,Q1_2122,4/1/2021,0.003037056,0.055391898,0.00053539
Richmond upon Thames,Q1_2223,4/1/2022,0.016383949,-0.082613673,-0.008750594
Richmond upon Thames,Q1_2324,4/1/2023,-0.094452774,-0.12311228,-0.118929098
Richmond upon Thames,Q1_2425,4/1/2024,-0.126169214,-0.108176069,-0.127161908
Richmond upon Thames,Q1_2526,4/1/2025,-0.108094835,-0.033364509,-0.075439344
Richmond upon Thames,Q2_1516,7/1/2015,0.009536705,,0.004188198
Richmond upon Thames,Q2_1617,7/1/2016,0.042297891,0.043442875,-0.005222739
Richmond upon Thames,Q2_1718,7/1/2017,0.160397906,0.091696354,0.096372471
Richmond upon Thames,Q2_1819,7/1/2018,0.160231719,0.105638277,0.054203648
Richmond upon Thames,Q2_1920,7/1/2019,0.023370588,0.091549697,0.092739915
Richmond upon Thames,Q2_2021,7/1/2020,0.052531551,0.052967803,0.116827657
Richmond upon Thames,Q2_2122,7/1/2021,0.01688714,0.021727135,0.009223386
Richmond upon Thames,Q2_2223,7/1/2022,-0.032945515,-0.078173144,-0.060740913
Richmond upon Thames,Q2_2324,7/1/2023,-0.119433592,-0.164162281,-0.135724951
Richmond upon Thames,Q2_2425,7/1/2024,-0.092236615,-0.035832615,-0.086322939
Richmond upon Thames,Q2_2526,7/1/2025,-0.12144057,-0.041317294,-0.078286483
Richmond upon Thames,Q3_1516,10/1/2015,0.02773775,,0.013804415
Richmond upon Thames,Q3_1617,10/1/2016,-0.020923493,0.031523237,0.024090021
Richmond upon Thames,Q3_1718,10/1/2017,0.195922594,0.093070449,0.083284352
Richmond upon Thames,Q3_1819,10/1/2018,0.111444968,0.106361257,0.074462479
Richmond upon Thames,Q3_1920,10/1/2019,0.054624516,0.058255965,0.105140794
Richmond upon Thames,Q3_2021,10/1/2020,-0.015122153,0.046488834,0.070928099
Richmond upon Thames,Q3_2122,10/1/2021,0.068016717,0.002400255,0.029464366
Richmond upon Thames,Q3_2223,10/1/2022,-0.091983283,-0.107599745,-0.080535634
Richmond upon Thames,Q3_2324,10/1/2023,-0.135875204,-0.153959913,-0.149232555
Richmond upon Thames,Q3_2425,10/1/2024,-0.113659044,-0.046680247,-0.116626396
Richmond upon Thames,Q3_2526,10/1/2025,-0.135664866,-0.069793617,-0.071321051
Richmond upon Thames,Q4_1415,1/1/2015,0.075394924,,0.043304603
Richmond upon Thames,Q4_1516,1/1/2016,0.018156111,0.030974769,-0.016106333
Richmond upon Thames,Q4_1617,1/1/2017,-0.002847957,0.01037644,0.043679462
Richmond upon Thames,Q4_1718,1/1/2018,0.15994118,0.083547051,0.099874925
Richmond upon Thames,Q4_1819,1/1/2019,0.080818582,0.100028945,0.052195478
Richmond upon Thames,Q4_1920,1/1/2020,0.019772678,0.069405686,0.121972348
Richmond upon Thames,Q4_2021,1/1/2021,-0.020474867,0.021381035,0.025519428
Richmond upon Thames,Q4_2122,1/1/2022,0.037012649,-0.048198074,0.029250161
Richmond upon Thames,Q4_2223,1/1/2023,-0.097967012,-0.125206431,-0.119678815
Richmond upon Thames,Q4_2324,1/1/2024,-0.127632322,-0.125006988,-0.129607413
Richmond upon Thames,Q4_2425,1/1/2025,-0.142987351,-0.048198074,-0.100749839
Richmond upon Thames,Q4_2526,1/1/2026,-0.186119278,-0.099859633,-0.072084843
Southwark,Q1_1516,4/1/2015,-0.013916245,,0.010952312
Southwark,Q1_1617,4/1/2016,0.019858728,0.024731382,0.042692801
Southwark,Q1_1718,4/1/2017,0.192732147,0.079987622,0.108566038
Southwark,Q1_1819,4/1/2018,0.182415038,0.116443376,0.143030433
Southwark,Q1_1920,4/1/2019,0.098721352,0.073982262,0.125159225
Southwark,Q1_2021,4/1/2020,0.028638893,0.087257045,0.092846998
Southwark,Q1_2122,4/1/2021,-0.028372706,0.012583819,-0.066553967
Southwark,Q1_2223,4/1/2022,-0.075422686,-0.028782173,-0.13058323
Southwark,Q1_2324,4/1/2023,-0.066869456,-0.096412406,-0.122029075
Southwark,Q1_2425,4/1/2024,-0.140509004,-0.088838957,-0.073707125
Southwark,Q1_2526,4/1/2025,-0.09275592,-0.083669839,-0.060132487
Southwark,Q2_1516,7/1/2015,0.014611008,,0.010273287
Southwark,Q2_1617,7/1/2016,0.044209257,0.017631957,0.034698657
Southwark,Q2_1718,7/1/2017,0.193176804,0.096951259,0.123381652
Southwark,Q2_1819,7/1/2018,0.141962503,0.112808841,0.167432388
Southwark,Q2_1920,7/1/2019,0.127134633,0.099591545,0.129038253
Southwark,Q2_2021,7/1/2020,0.057933608,0.080122705,0.075574825
Southwark,Q2_2122,7/1/2021,-0.083108058,-0.003906146,-0.104126648
Southwark,Q2_2223,7/1/2022,-0.018334325,-0.020723414,-0.11192567
Southwark,Q2_2324,7/1/2023,-0.098308347,-0.12737174,-0.13269249
Southwark,Q2_2425,7/1/2024,-0.120284413,-0.072022041,-0.048992974
Southwark,Q2_2526,7/1/2025,-0.098506959,-0.070836981,-0.038173461
Southwark,Q3_1516,10/1/2015,0.027116371,,0.00142841
Southwark,Q3_1617,10/1/2016,0.000197291,-0.005042892,0.032848899
Southwark,Q3_1718,10/1/2017,0.212601247,0.116567525,0.143116286
Southwark,Q3_1819,10/1/2018,0.139626421,0.091251333,0.126355314
Southwark,Q3_1920,10/1/2019,0.117117705,0.129580259,0.169030449
Southwark,Q3_2021,10/1/2020,0.007259836,0.039671958,-0.008567628
Southwark,Q3_2122,10/1/2021,-0.07231696,-4.59E-05,-0.128372506
Southwark,Q3_2223,10/1/2022,-0.076019696,-0.095847387,-0.125469088
Southwark,Q3_2324,10/1/2023,-0.125231952,-0.11198783,-0.135884688
Southwark,Q3_2425,10/1/2024,-0.108739428,-0.074324795,-0.043670042
Southwark,Q3_2526,10/1/2025,-0.120102729,-0.128568086,-0.063519808
Southwark,Q4_1415,1/1/2015,0.004374014,,-0.009835982
Southwark,Q4_1516,1/1/2016,-0.003814676,0.042282258,0.000999141
Southwark,Q4_1617,1/1/2017,0.052347163,-0.003609534,0.07384012
Southwark,Q4_1718,1/1/2018,0.183794095,0.094028464,0.124445058
Southwark,Q4_1819,1/1/2019,0.086685452,0.065957714,0.119609951
Southwark,Q4_1920,1/1/2020,0.077404311,0.123102636,0.140720186
Southwark,Q4_2021,1/1/2021,-0.043477123,0.00584626,-0.058128613
Southwark,Q4_2122,1/1/2022,-0.097547753,-0.033533347,-0.140784215
Southwark,Q4_2223,1/1/2023,-0.064411524,-0.10477519,-0.114727624
Southwark,Q4_2324,1/1/2024,-0.126586202,-0.092890733,-0.106509079
Southwark,Q4_2425,1/1/2025,-0.110136585,-0.078590659,-0.053535418
Southwark,Q4_2526,1/1/2026,-0.22514513,-0.188600184,-0.118118867
Sutton,Q1_1516,4/1/2015,0.003626101,,-0.008591168
Sutton,Q1_1617,4/1/2016,0.032426506,-0.002362545,-0.018574218
Sutton,Q1_1718,4/1/2017,0.055609993,0.043328347,0.009685238
Sutton,Q1_1819,4/1/2018,0.156687999,0.090019025,0.049811303
Sutton,Q1_1920,4/1/2019,0.053903828,0.020113847,0.039426752
Sutton,Q1_2021,4/1/2020,0.089874426,0.061200926,0.09976628
Sutton,Q1_2122,4/1/2021,0.016481329,0.047360714,0.019531629
Sutton,Q1_2223,4/1/2022,-0.028354541,-0.054432994,-0.020400041
Sutton,Q1_2324,4/1/2023,-0.087454844,-0.024099281,-0.020412754
Sutton,Q1_2425,4/1/2024,-0.076855047,-0.063876806,-0.100421229
Sutton,Q1_2526,4/1/2025,-0.113059696,-0.058759871,-0.040616153
Sutton,Q2_1516,7/1/2015,0.020739574,,-0.008550383
Sutton,Q2_1617,7/1/2016,-0.029447863,-0.01305778,0.011452266
Sutton,Q2_1718,7/1/2017,0.105563378,0.059601883,0.009827193
Sutton,Q2_1819,7/1/2018,0.110924072,0.081590258,0.049751448
Sutton,Q2_1920,7/1/2019,0.05689369,0.007513666,0.029525803
Sutton,Q2_2021,7/1/2020,0.065160144,0.06316149,0.079691594
Sutton,Q2_2122,7/1/2021,0.036031481,0.037193857,-0.010462014
Sutton,Q2_2223,7/1/2022,-0.025009039,-0.049482916,-0.000588609
Sutton,Q2_2324,7/1/2023,-0.082543999,-0.012277763,-0.010482143
Sutton,Q2_2425,7/1/2024,-0.107483205,-0.090400627,-0.09055365
Sutton,Q2_2526,7/1/2025,-0.076658483,-0.040094723,-0.040565303
Sutton,Q3_1516,10/1/2015,0.019465004,,-0.038532373
Sutton,Q3_1617,10/1/2016,-0.052484339,-0.014184062,0.01149517
Sutton,Q3_1718,10/1/2017,0.134138859,0.069073504,0.019847321
Sutton,Q3_1819,10/1/2018,0.104447884,0.062897301,0.039701658
Sutton,Q3_1920,10/1/2019,0.058093286,0.027958617,0.049508853
Sutton,Q3_2021,10/1/2020,0.035460043,0.033272728,0.039687357
Sutton,Q3_2122,10/1/2021,0.064616088,0.020378037,0.009416688
Sutton,Q3_2223,10/1/2022,-0.08562709,-0.027130509,-0.020297283
Sutton,Q3_2324,10/1/2023,-0.075580476,-0.063404045,-0.040439238
Sutton,Q3_2425,10/1/2024,-0.125430527,-0.083348426,-0.080441357
Sutton,Q3_2526,10/1/2025,-0.085018166,-0.043195475,-0.020447183
Sutton,Q4_1415,1/1/2015,-0.011134794,,0.001476102
Sutton,Q4_1516,1/1/2016,0.019689928,-0.023377589,-0.028535551
Sutton,Q4_1617,1/1/2017,-0.045849076,0.008277072,0.041401416
Sutton,Q4_1718,1/1/2018,0.146154049,0.0861118,0.029960144
Sutton,Q4_1819,1/1/2019,0.061832896,0.025636529,0.02959731
Sutton,Q4_1920,1/1/2020,0.076790355,0.04118451,0.079385966
Sutton,Q4_2021,1/1/2021,0.002255363,0.04466571,0.020015231
Sutton,Q4_2122,1/1/2022,0.010558325,-0.024836231,-0.000384681
Sutton,Q4_2223,1/1/2023,-0.079854036,-0.024989183,-0.030378854
Sutton,Q4_2324,1/1/2024,-0.083743595,-0.052722714,-0.070465193
Sutton,Q4_2425,1/1/2025,-0.114802368,-0.076824605,-0.060308936
Sutton,Q4_2526,1/1/2026,-0.151033418,-0.087681677,-0.009514409
Tower Hamlets,Q1_1516,4/1/2015,-0.057230628,,-0.036440144
Tower Hamlets,Q1_1617,4/1/2016,0.051139097,-0.004121983,-0.002635592
Tower Hamlets,Q1_1718,4/1/2017,0.181269901,0.113115685,0.135608039
Tower Hamlets,Q1_1819,4/1/2018,0.1064942,0.086151409,0.067982802
Tower Hamlets,Q1_1920,4/1/2019,0.069820397,0.048084188,0.049494762
Tower Hamlets,Q1_2021,4/1/2020,-0.015101343,0.041981165,0.029075085
Tower Hamlets,Q1_2122,4/1/2021,-0.049887037,-0.017556586,-0.04491786
Tower Hamlets,Q1_2223,4/1/2022,-0.033520546,-0.069667937,-0.086569512
Tower Hamlets,Q1_2324,4/1/2023,-0.052059627,-0.063008252,-0.091359824
Tower Hamlets,Q1_2425,4/1/2024,-0.037377643,-0.030287656,-0.009231576
Tower Hamlets,Q1_2526,4/1/2025,-0.072316039,-0.03734647,0.003069233
Tower Hamlets,Q2_1516,7/1/2015,-0.027248705,,-0.036448361
Tower Hamlets,Q2_1617,7/1/2016,0.073525282,0.007264576,0.058449075
Tower Hamlets,Q2_1718,7/1/2017,0.146370991,0.100269038,0.103381185
Tower Hamlets,Q2_1819,7/1/2018,0.079730011,0.078031667,0.049453676
Tower Hamlets,Q2_1920,7/1/2019,0.071685676,0.053357283,0.095797034
Tower Hamlets,Q2_2021,7/1/2020,0.016711126,0.06627746,0.008081408
Tower Hamlets,Q2_2122,7/1/2021,-0.048639713,-0.026831794,-0.054350875
Tower Hamlets,Q2_2223,7/1/2022,-0.047931373,-0.10223097,-0.138574503
Tower Hamlets,Q2_2324,7/1/2023,-0.03211719,-0.027230923,-0.036840378
Tower Hamlets,Q2_2425,7/1/2024,-0.068360472,-0.059237201,-0.020587109
Tower Hamlets,Q2_2526,7/1/2025,-0.006390062,-0.018092239,0.040308563
Tower Hamlets,Q3_1516,10/1/2015,-0.005151754,,-0.005495169
Tower Hamlets,Q3_1617,10/1/2016,0.040759476,0.005657428,0.047191847
Tower Hamlets,Q3_1718,10/1/2017,0.115072767,0.093703891,0.098245451
Tower Hamlets,Q3_1819,10/1/2018,0.078702944,0.081624084,0.0644412
Tower Hamlets,Q3_1920,10/1/2019,0.082224659,0.039481251,0.080587646
Tower Hamlets,Q3_2021,10/1/2020,-0.050642947,0.046193395,-0.029807079
Tower Hamlets,Q3_2122,10/1/2021,-0.026412892,-0.031348615,-0.04788426
Tower Hamlets,Q3_2223,10/1/2022,-0.046919052,-0.101642733,-0.128114341
Tower Hamlets,Q3_2324,10/1/2023,-0.048071238,-0.039069133,-0.050455634
Tower Hamlets,Q3_2425,10/1/2024,-0.067739186,-0.04049774,-0.009395919
Tower Hamlets,Q3_2526,10/1/2025,-0.043472977,-0.048018741,0.022543334
Tower Hamlets,Q4_1415,1/1/2015,-0.10026759,,-0.067820629
Tower Hamlets,Q4_1516,1/1/2016,0.01182936,0.000468336,-0.016867437
Tower Hamlets,Q4_1617,1/1/2017,0.044125159,-0.008197626,0.074176144
Tower Hamlets,Q4_1718,1/1/2018,0.107805749,0.089481189,0.074942147
Tower Hamlets,Q4_1819,1/1/2019,0.031251824,0.033105181,0.025599822
Tower Hamlets,Q4_1920,1/1/2020,0.059158205,0.066077848,0.070102532
Tower Hamlets,Q4_2021,1/1/2021,-0.067020853,0.006676558,-0.017251839
Tower Hamlets,Q4_2122,1/1/2022,-0.066590332,-0.077262499,-0.092510529
Tower Hamlets,Q4_2223,1/1/2023,-0.03095359,-0.058176336,-0.095402673
Tower Hamlets,Q4_2324,1/1/2024,-0.058712022,-0.056873811,-0.054383744
Tower Hamlets,Q4_2425,1/1/2025,-0.102652843,-0.039163734,-0.016175088
Tower Hamlets,Q4_2526,1/1/2026,-0.104889169,-0.101138655,-0.009010916
Waltham Forest,Q1_1516,4/1/2015,-0.026958959,,0.014823925
Waltham Forest,Q1_1617,4/1/2016,0.029821996,-0.020905298,-0.021510811
Waltham Forest,Q1_1718,4/1/2017,0.189441938,0.15945417,0.101793654
Waltham Forest,Q1_1819,4/1/2018,0.068410053,0.02891091,0.091235896
Waltham Forest,Q1_1920,4/1/2019,0.068802603,0.074382318,0.066853312
Waltham Forest,Q1_2021,4/1/2020,0.020855185,0.054933467,0.037152314
Waltham Forest,Q1_2122,4/1/2021,0.07301668,0.071336179,0.033725886
Waltham Forest,Q1_2223,4/1/2022,-0.074599061,-0.037938052,-0.055795833
Waltham Forest,Q1_2324,4/1/2023,-0.095385807,-0.153087513,-0.150815855
Waltham Forest,Q1_2425,4/1/2024,-0.077193252,-0.108244863,-0.095577121
Waltham Forest,Q1_2526,4/1/2025,-0.047733214,0.006206121,0.018725784
Waltham Forest,Q2_1516,7/1/2015,0.002156569,,0.004345847
Waltham Forest,Q2_1617,7/1/2016,0.04048535,0.009443941,-0.001152253
Waltham Forest,Q2_1718,7/1/2017,0.145093282,0.127164715,0.099443104
Waltham Forest,Q2_1819,7/1/2018,0.059723928,0.024867372,0.08735131
Waltham Forest,Q2_1920,7/1/2019,0.065080449,0.0724227,0.064841401
Waltham Forest,Q2_2021,7/1/2020,0.07184857,0.081250681,0.043904961
Waltham Forest,Q2_2122,7/1/2021,0.030449802,0.044720044,0.036933195
Waltham Forest,Q2_2223,7/1/2022,-0.078518313,-0.074736696,-0.102509047
Waltham Forest,Q2_2324,7/1/2023,-0.092966342,-0.156548986,-0.114102844
Waltham Forest,Q2_2425,7/1/2024,-0.069809816,-0.079622416,-0.116991435
Waltham Forest,Q2_2526,7/1/2025,-0.055312101,-0.003048708,0.059223985
Waltham Forest,Q3_1516,10/1/2015,0.027242285,,0.007094795
Waltham Forest,Q3_1617,10/1/2016,0.015989282,0.027076878,0.006417518
Waltham Forest,Q3_1718,10/1/2017,0.093287484,0.08621401,0.078467029
Waltham Forest,Q3_1819,10/1/2018,0.115767823,0.068049325,0.100618176
Waltham Forest,Q3_1920,10/1/2019,-0.00772038,0.060948136,0.043327487
Waltham Forest,Q3_2021,10/1/2020,0.070560361,0.05477825,0.016992955
Waltham Forest,Q3_2122,10/1/2021,-0.004967591,0.031867927,0.004004968
Waltham Forest,Q3_2223,10/1/2022,-0.103419764,-0.097317183,-0.135158396
Waltham Forest,Q3_2324,10/1/2023,-0.086762202,-0.158547408,-0.106154595
Waltham Forest,Q3_2425,10/1/2024,-0.0547241,-0.046944918,-0.064242487
Waltham Forest,Q3_2526,10/1/2025,-0.063014381,-0.017103759,0.045060723
Waltham Forest,Q4_1415,1/1/2015,-0.017438048,,0.024564966
Waltham Forest,Q4_1516,1/1/2016,0.01352013,-0.004223067,-0.004917117
Waltham Forest,Q4_1617,1/1/2017,0.003114747,0.025563509,-0.005136236
Waltham Forest,Q4_1718,1/1/2018,0.094135104,0.066660259,0.078925187
Waltham Forest,Q4_1819,1/1/2019,0.040436969,0.059978028,0.072331492
Waltham Forest,Q4_1920,1/1/2020,0.024232829,0.05197645,0.044383243
Waltham Forest,Q4_2021,1/1/2021,0.061654765,0.054824944,0.04677404
Waltham Forest,Q4_2122,1/1/2022,-0.026515417,0.011053036,-0.026831668
Waltham Forest,Q4_2223,1/1/2023,-0.117571321,-0.124767611,-0.132807642
Waltham Forest,Q4_2324,1/1/2024,-0.113027214,-0.161845775,-0.11954098
Waltham Forest,Q4_2425,1/1/2025,-0.068149783,-0.034542674,-0.042309848
Waltham Forest,Q4_2526,1/1/2026,-0.143341118,-0.074658445,-0.033762983
Wandsworth,Q1_1516,4/1/2015,-0.011782846,,0.00429858
Wandsworth,Q1_1617,4/1/2016,0.029112125,0.006675279,-0.01546063
Wandsworth,Q1_1718,4/1/2017,0.149168685,0.108908293,0.106840371
Wandsworth,Q1_1819,4/1/2018,0.176421675,0.103876245,0.148791775
Wandsworth,Q1_1920,4/1/2019,0.091760371,0.050683474,0.137537659
Wandsworth,Q1_2021,4/1/2020,-0.02093086,-0.004858936,0.111432625
Wandsworth,Q1_2122,4/1/2021,-0.008910857,-0.009776285,-0.052642933
Wandsworth,Q1_2223,4/1/2022,-0.092975515,-0.062560382,-0.173736522
Wandsworth,Q1_2324,4/1/2023,-0.05802205,-0.102317972,-0.089713319
Wandsworth,Q1_2425,4/1/2024,-0.065256395,-0.057273153,-0.061659707
Wandsworth,Q1_2526,4/1/2025,-0.075710043,0.019265642,-0.059091278
Wandsworth,Q2_1516,7/1/2015,-0.031670975,,0.004328679
Wandsworth,Q2_1617,7/1/2016,0.031759746,-0.001511227,-0.004748292
Wandsworth,Q2_1718,7/1/2017,0.16039927,0.129751184,0.137171458
Wandsworth,Q2_1819,7/1/2018,0.184128313,0.092305401,0.10817475
Wandsworth,Q2_1920,7/1/2019,0.04472496,0.042714076,0.138335277
Wandsworth,Q2_2021,7/1/2020,0.029827587,0.033058655,0.092398611
Wandsworth,Q2_2122,7/1/2021,-0.022534193,-0.025408575,-0.110927303
Wandsworth,Q2_2223,7/1/2022,-0.065343458,-0.08418231,-0.134373613
Wandsworth,Q2_2324,7/1/2023,-0.077108434,-0.101692189,-0.099467513
Wandsworth,Q2_2425,7/1/2024,-0.078861085,-0.032892671,-0.04993906
Wandsworth,Q2_2526,7/1/2025,-0.080135122,0.003084197,-0.057591356
Wandsworth,Q3_1516,10/1/2015,-0.030514971,,-0.0353603
Wandsworth,Q3_1617,10/1/2016,0.039093479,0.016662508,0.044534354
Wandsworth,Q3_1718,10/1/2017,0.184202894,0.142356486,0.138194816
Wandsworth,Q3_1819,10/1/2018,0.156241386,0.076903233,0.106052786
Wandsworth,Q3_1920,10/1/2019,0.036850515,0.04416998,0.148907154
Wandsworth,Q3_2021,10/1/2020,-0.012714482,-0.002381587,0.016333708
Wandsworth,Q3_2122,10/1/2021,-0.043503744,-0.036072671,-0.081188159
Wandsworth,Q3_2223,10/1/2022,-0.081384508,-0.088320141,-0.135998947
Wandsworth,Q3_2324,10/1/2023,-0.074498104,-0.089904237,-0.108765208
Wandsworth,Q3_2425,10/1/2024,-0.077437885,-0.00876737,-0.042246633
Wandsworth,Q3_2526,10/1/2025,-0.105853042,-0.027681828,-0.061820234
Wandsworth,Q4_1415,1/1/2015,-0.004113498,,0.003671522
Wandsworth,Q4_1516,1/1/2016,-0.001913362,0.00597287,-0.035736535
Wandsworth,Q4_1617,1/1/2017,0.059876579,0.017198894,0.064745045
Wandsworth,Q4_1718,1/1/2018,0.156838033,0.107311907,0.146213313
Wandsworth,Q4_1819,1/1/2019,0.128870362,0.058703955,0.116760108
Wandsworth,Q4_1920,1/1/2020,-0.02428068,0.016545642,0.135912326
Wandsworth,Q4_2021,1/1/2021,-0.004255872,-0.020286888,-0.026771482
Wandsworth,Q4_2122,1/1/2022,-0.066275719,-0.064820864,-0.134624436
Wandsworth,Q4_2223,1/1/2023,-0.080303086,-0.087579418,-0.095707992
Wandsworth,Q4_2324,1/1/2024,-0.095853042,-0.087681828,-0.091820234
Wandsworth,Q4_2425,1/1/2025,-0.053441645,0.017120341,-0.043861934
Wandsworth,Q4_2526,1/1/2026,-0.213690509,-0.097297732,-0.1073813
Westminster,Q1_1516,4/1/2015,-0.001290247,,-0.018130473
Westminster,Q1_1617,4/1/2016,0.048629043,0.024771903,0.02183807
Westminster,Q1_1718,4/1/2017,0.190760538,0.063304839,0.111644615
Westminster,Q1_1819,4/1/2018,0.082858992,0.074712957,0.102462504
Westminster,Q1_1920,4/1/2019,0.115824782,0.050254404,0.153106333
Westminster,Q1_2021,4/1/2020,-0.007088193,0.004486809,-0.010902379
Westminster,Q1_2122,4/1/2021,-0.145974575,-0.02463513,-0.028775604
Westminster,Q1_2223,4/1/2022,-0.115834913,-0.067700354,-0.153130858
Westminster,Q1_2324,4/1/2023,-0.006987895,-0.078343241,-0.051887508
Westminster,Q1_2425,4/1/2024,-0.005118118,0.002911428,-0.011158748
Westminster,Q1_2526,4/1/2025,-0.142570321,-0.042089197,-0.094063302
Westminster,Q2_1516,7/1/2015,0.047384768,,0.011353103
Westminster,Q2_1617,7/1/2016,0.052792323,0.017565573,0.04346074
Westminster,Q2_1718,7/1/2017,0.167035723,0.077515654,0.124090417
Westminster,Q2_1819,7/1/2018,0.072248229,0.071013384,0.086122032
Westminster,Q2_1920,7/1/2019,0.139206581,0.055813415,0.160526837
Westminster,Q2_2021,7/1/2020,-0.032442236,0.004445428,-0.023501269
Westminster,Q2_2122,7/1/2021,-0.125776954,-0.021081991,-0.050903424
Westminster,Q2_2223,7/1/2022,-0.089048566,-0.063146536,-0.150485827
Westminster,Q2_2324,7/1/2023,0.011935975,-0.049065353,-0.022306938
Westminster,Q2_2425,7/1/2024,-0.042200401,-0.011840971,-0.053919123
Westminster,Q2_2526,7/1/2025,-0.134150887,-0.033149799,-0.05467934
Westminster,Q3_1516,10/1/2015,0.059664819,,-0.007758229
Westminster,Q3_1617,10/1/2016,0.040619885,0.01610781,0.062614015
Westminster,Q3_1718,10/1/2017,0.115004527,0.056152668,0.103298743
Westminster,Q3_1819,10/1/2018,0.123145335,0.085035895,0.094266842
Westminster,Q3_1920,10/1/2019,0.16857564,0.072100303,0.154178501
Westminster,Q3_2021,10/1/2020,-0.093467132,-0.029662834,-0.041695886
Westminster,Q3_2122,10/1/2021,-0.143164765,-0.005908614,-0.072090147
Westminster,Q3_2223,10/1/2022,-0.021848086,-0.068184029,-0.13598665
Westminster,Q3_2324,10/1/2023,0.046010238,-0.009490356,0.004871349
Westminster,Q3_2425,10/1/2024,-0.024468581,0.023478079,-0.029212852
Westminster,Q3_2526,10/1/2025,-0.145407328,-0.057282639,-0.07127147
Westminster,Q4_1415,1/1/2015,0.007909381,,-0.038442424
Westminster,Q4_1516,1/1/2016,0.07823222,0.024505624,0.021683405
Westminster,Q4_1617,1/1/2017,0.052166822,-0.002854154,0.033216946
Westminster,Q4_1718,1/1/2018,0.09751197,0.071124963,0.10037846
Westminster,Q4_1819,1/1/2019,0.119415081,0.075953325,0.150608102
Westminster,Q4_1920,1/1/2020,0.133495078,0.055270581,0.054403156
Westminster,Q4_2021,1/1/2021,-0.174432783,-0.040441605,-0.02376499
Westminster,Q4_2122,1/1/2022,-0.125156892,-0.043955649,-0.156764172
Westminster,Q4_2223,1/1/2023,-0.039664769,-0.070139495,-0.05293084
Westminster,Q4_2324,1/1/2024,0.016584799,-0.019235605,-0.016597445
Westminster,Q4_2425,1/1/2025,-0.118931655,-0.019647556,-0.072645104
Westminster,Q4_2526,1/1/2026,-0.251987453,-0.16866993,-0.15111917
