date,crime_type,avg_tone,total_headline_count,duplicate_headline_count,total_duplicate_publishes
4/1/2017,ARSON AND CRIMINAL DAMAGE,-3.798297296378974,32,2,19
4/1/2017,BURGLARY,-3.8123021719944563,29,4,12
4/1/2017,DOMESTIC ABUSE,-4.585506863944746,10,1,3
4/1/2017,DRUG OFFENCES,-3.691665368367956,68,4,8
4/1/2017,FRAUD AND FORGERY,-4.622750337698947,28,3,4
4/1/2017,GUN CRIME,-3.6228713737632097,2,0,0
4/1/2017,HATE CRIME,-6.541149454244244,64,5,13
4/1/2017,KNIFE CRIME,-7.160149050181087,201,26,74
4/1/2017,LETHAL BARREL DISCHARGE,-6.262236561028943,100,4,27
4/1/2017,MISCELLANEOUS CRIMES AGAINST SOCIETY,-6.18622448979592,2,1,1
4/1/2017,NFIB FRAUD,-5.36912751677852,1,0,0
4/1/2017,POSSESSION OF WEAPONS,-5.837411177526083,86,4,28
4/1/2017,ROBBERY,-5.1987574105842596,13,0,0
4/1/2017,SEXUAL OFFENCES,-7.644914785604403,79,9,22
4/1/2017,THEFT,-5.3032970243237525,32,4,5
4/1/2017,VEHICLE OFFENCES,-5.3725451432707585,7,0,0
4/1/2017,VIOLENCE AGAINST THE PERSON,-6.506984245392908,932,43,298
5/1/2017,ARSON AND CRIMINAL DAMAGE,-1.9053799697760185,15,1,1
5/1/2017,DOMESTIC ABUSE,-3.45256169846802,3,0,0
5/1/2017,DRUG OFFENCES,-4.6536495420104345,68,2,2
5/1/2017,FRAUD AND FORGERY,-4.424356843067566,28,1,7
5/1/2017,GUN CRIME,-3.82775119617225,1,0,0
5/1/2017,HATE CRIME,-4.258326158282675,21,1,1
5/1/2017,KNIFE CRIME,-7.211166124504518,187,22,65
5/1/2017,LETHAL BARREL DISCHARGE,-4.946204512546102,50,2,13
5/1/2017,MISCELLANEOUS CRIMES AGAINST SOCIETY,-7.099259151956622,4,0,0
5/1/2017,POSSESSION OF WEAPONS,-4.650711668562643,62,5,24
5/1/2017,PUBLIC ORDER OFFENCES,-4.20992606575429,2,0,0
5/1/2017,ROBBERY,-7.246372113369082,43,2,12
5/1/2017,SEXUAL OFFENCES,-6.839506383086853,78,6,14
5/1/2017,THEFT,-2.128312279354879,45,2,13
5/1/2017,VEHICLE OFFENCES,-3.8769798398492354,17,2,2
5/1/2017,VIOLENCE AGAINST THE PERSON,-4.768553650684872,525,30,138
6/1/2017,ARSON AND CRIMINAL DAMAGE,-2.8273531128331593,159,10,52
6/1/2017,BURGLARY,-8.567869218537734,7,1,1
6/1/2017,DOMESTIC ABUSE,-4.371929567932704,6,1,1
6/1/2017,DRUG OFFENCES,-5.2766836203025465,57,6,8
6/1/2017,FRAUD AND FORGERY,-5.288142698587067,32,3,10
6/1/2017,GUN CRIME,-3.6326142131979697,2,0,0
6/1/2017,HATE CRIME,-6.2360245403192565,47,1,2
6/1/2017,KNIFE CRIME,-6.154413332846509,198,14,54
6/1/2017,LETHAL BARREL DISCHARGE,-5.370593506783225,108,7,23
6/1/2017,MISCELLANEOUS CRIMES AGAINST SOCIETY,-5.724361047292735,4,0,0
6/1/2017,POSSESSION OF WEAPONS,-3.8965000767433473,45,3,10
6/1/2017,PUBLIC ORDER OFFENCES,-4.674046444704806,12,0,0
6/1/2017,ROBBERY,-6.108099011564985,31,2,5
6/1/2017,SEXUAL OFFENCES,-5.517047179333806,35,3,4
6/1/2017,THEFT,-4.159864644444175,25,4,6
6/1/2017,VEHICLE OFFENCES,-5.795829912482366,28,5,10
6/1/2017,VIOLENCE AGAINST THE PERSON,-5.5424458253867765,1271,57,289
7/1/2017,ARSON AND CRIMINAL DAMAGE,-3.2623655721130067,57,5,21
7/1/2017,BURGLARY,-5.020417259690765,9,0,0
7/1/2017,DOMESTIC ABUSE,-4.923457361576191,3,0,0
7/1/2017,DRUG OFFENCES,-4.167076447297968,57,3,10
7/1/2017,FRAUD AND FORGERY,-6.017715573938747,23,1,1
7/1/2017,GUN CRIME,-5.980022615906522,4,1,1
7/1/2017,HATE CRIME,-7.833762480665961,43,3,14
7/1/2017,KNIFE CRIME,-6.955302980932418,85,11,13
7/1/2017,LETHAL BARREL DISCHARGE,-7.490393698049173,32,4,11
7/1/2017,NFIB FRAUD,-2.73255813953488,1,0,0
7/1/2017,POSSESSION OF WEAPONS,-5.498699773047426,43,2,3
7/1/2017,PUBLIC ORDER OFFENCES,-7.7320166086858935,3,0,0
7/1/2017,ROBBERY,-5.717989724937351,25,3,3
7/1/2017,SEXUAL OFFENCES,-7.043620213944003,59,1,1
7/1/2017,THEFT,-3.883506228555846,36,9,10
7/1/2017,VEHICLE OFFENCES,-5.721519680517504,14,2,2
7/1/2017,VIOLENCE AGAINST THE PERSON,-6.515353895359921,324,22,89
8/1/2017,ARSON AND CRIMINAL DAMAGE,-3.0522736718198176,36,4,10
8/1/2017,BURGLARY,-7.1843865243392395,14,3,4
8/1/2017,DOMESTIC ABUSE,-3.014211222619336,8,2,2
8/1/2017,DRUG OFFENCES,-3.3865018781616487,100,7,22
8/1/2017,FRAUD AND FORGERY,-5.517323533717308,26,2,2
8/1/2017,GUN CRIME,-3.521543179271768,5,1,1
8/1/2017,HATE CRIME,-6.278933028976496,43,4,18
8/1/2017,KNIFE CRIME,-7.1454810498097645,168,14,50
8/1/2017,LETHAL BARREL DISCHARGE,-4.2265888800235825,21,2,3
8/1/2017,MISCELLANEOUS CRIMES AGAINST SOCIETY,-5.348655621944598,4,1,1
8/1/2017,POSSESSION OF WEAPONS,-5.444948653345685,35,3,8
8/1/2017,PUBLIC ORDER OFFENCES,-3.9014007593051323,5,1,1
8/1/2017,ROBBERY,-6.03109348880209,33,3,8
8/1/2017,SEXUAL OFFENCES,-5.916305258533081,74,7,27
8/1/2017,THEFT,-6.927594498981646,38,4,10
8/1/2017,VEHICLE OFFENCES,-2.5652742193416276,12,1,1
8/1/2017,VIOLENCE AGAINST THE PERSON,-6.413110372438767,265,19,57
9/1/2017,ARSON AND CRIMINAL DAMAGE,-4.027846301017959,33,3,21
9/1/2017,BURGLARY,-6.491169031478854,20,4,4
9/1/2017,DOMESTIC ABUSE,-9.434264654060742,7,1,1
9/1/2017,DRUG OFFENCES,-2.7721041194673157,64,3,15
9/1/2017,FRAUD AND FORGERY,-4.383508902813078,46,3,16
9/1/2017,GUN CRIME,-1.6,9,1,7
9/1/2017,HATE CRIME,-5.37553185013997,50,4,20
9/1/2017,KNIFE CRIME,-7.660396021873813,130,15,48
9/1/2017,LETHAL BARREL DISCHARGE,-5.827622237644534,60,4,17
9/1/2017,MISCELLANEOUS CRIMES AGAINST SOCIETY,-3.9647577092511,1,0,0
9/1/2017,NFIB FRAUD,-6.61157024793389,1,0,0
9/1/2017,POSSESSION OF WEAPONS,-6.047934718978123,33,1,1
9/1/2017,PUBLIC ORDER OFFENCES,-3.7016254156178747,4,0,0
9/1/2017,ROBBERY,-4.970380036132677,76,5,26
9/1/2017,SEXUAL OFFENCES,-6.132582417073639,71,4,13
9/1/2017,THEFT,-4.887594893431383,19,1,1
9/1/2017,VEHICLE OFFENCES,-6.562302629996296,22,4,4
9/1/2017,VIOLENCE AGAINST THE PERSON,-6.307469737922389,467,23,115
10/1/2017,ARSON AND CRIMINAL DAMAGE,-2.2959463435370275,27,4,13
10/1/2017,BURGLARY,-6.880561778868497,17,3,4
10/1/2017,DOMESTIC ABUSE,-4.494152699859735,11,0,0
10/1/2017,DRUG OFFENCES,-5.246630853422813,102,8,34
10/1/2017,FRAUD AND FORGERY,-5.038679129406033,38,2,15
10/1/2017,GUN CRIME,-4.40771349862259,1,0,0
10/1/2017,HATE CRIME,-6.721920331068213,36,3,13
10/1/2017,KNIFE CRIME,-6.896567179003234,192,14,73
10/1/2017,LETHAL BARREL DISCHARGE,-5.308637154409973,30,0,0
10/1/2017,MISCELLANEOUS CRIMES AGAINST SOCIETY,-6.08424336973479,1,0,0
10/1/2017,NFIB FRAUD,-0.7666816122876,6,1,4
10/1/2017,POSSESSION OF WEAPONS,-3.962528996958365,21,2,2
10/1/2017,PUBLIC ORDER OFFENCES,-4.687500610293153,3,0,0
10/1/2017,ROBBERY,-6.4884481148065065,58,4,18
10/1/2017,SEXUAL OFFENCES,-5.939770346202633,122,2,15
10/1/2017,THEFT,-3.77586282079065,32,4,4
10/1/2017,VEHICLE OFFENCES,-5.494104128473311,21,1,1
10/1/2017,VIOLENCE AGAINST THE PERSON,-5.638455077570826,313,17,102
11/1/2017,ARSON AND CRIMINAL DAMAGE,-2.2813325434841705,28,1,13
11/1/2017,BURGLARY,-5.962499327516346,10,1,1
11/1/2017,DOMESTIC ABUSE,-5.329973044315333,12,1,3
11/1/2017,DRUG OFFENCES,-4.014116365491632,120,7,36
11/1/2017,FRAUD AND FORGERY,-5.881589583901074,23,1,1
11/1/2017,GUN CRIME,-6.25,1,0,0
11/1/2017,HATE CRIME,-3.8028955932861876,37,2,2
11/1/2017,KNIFE CRIME,-6.996806511063882,127,13,34
11/1/2017,LETHAL BARREL DISCHARGE,-4.667909555300147,33,4,11
11/1/2017,POSSESSION OF WEAPONS,-5.062527468096854,56,8,19
11/1/2017,PUBLIC ORDER OFFENCES,-4.021055624776655,5,0,0
11/1/2017,ROBBERY,-6.5277906719257786,27,2,11
11/1/2017,SEXUAL OFFENCES,-5.111679717654444,123,6,18
11/1/2017,THEFT,-3.955681060473549,52,6,13
11/1/2017,VEHICLE OFFENCES,-5.963377569972013,22,4,4
11/1/2017,VIOLENCE AGAINST THE PERSON,-6.185023086622711,299,16,74
12/1/2017,ARSON AND CRIMINAL DAMAGE,-1.4239731634055082,35,2,10
12/1/2017,BURGLARY,-6.295688661889807,26,5,9
12/1/2017,DOMESTIC ABUSE,-3.914624037267365,4,0,0
12/1/2017,DRUG OFFENCES,-4.295269258325504,46,2,2
12/1/2017,FRAUD AND FORGERY,-5.494062480850034,29,2,9
12/1/2017,GUN CRIME,-4.88431876606684,1,0,0
12/1/2017,HATE CRIME,-5.814008876353507,30,1,10
12/1/2017,KNIFE CRIME,-6.912270363455979,83,7,19
12/1/2017,LETHAL BARREL DISCHARGE,-6.747881798320154,37,3,18
12/1/2017,POSSESSION OF WEAPONS,-5.619023372685684,49,4,15
12/1/2017,PUBLIC ORDER OFFENCES,-8.358960473125395,7,0,0
12/1/2017,ROBBERY,-6.256133312185016,25,3,5
12/1/2017,SEXUAL OFFENCES,-5.636724372643839,154,5,23
12/1/2017,THEFT,-5.060295917200179,37,2,18
12/1/2017,VEHICLE OFFENCES,-5.742929338799309,42,7,20
12/1/2017,VIOLENCE AGAINST THE PERSON,-5.683837207506849,308,14,85
1/1/2018,ARSON AND CRIMINAL DAMAGE,-5.745862097906021,11,1,1
1/1/2018,BURGLARY,-7.275200541607043,27,3,6
1/1/2018,DOMESTIC ABUSE,-3.5520759493707814,13,1,5
1/1/2018,DRUG OFFENCES,-3.939391023009898,57,2,2
1/1/2018,FRAUD AND FORGERY,-5.860660166298514,28,3,12
1/1/2018,GUN CRIME,-4.51977401129944,6,1,5
1/1/2018,HATE CRIME,-5.021703592327204,56,3,7
1/1/2018,KNIFE CRIME,-6.848353167411042,198,18,58
1/1/2018,LETHAL BARREL DISCHARGE,-3.985629582645189,24,3,4
1/1/2018,POSSESSION OF WEAPONS,-5.159903648256588,57,4,16
1/1/2018,PUBLIC ORDER OFFENCES,-8.819580836834646,3,0,0
1/1/2018,ROBBERY,-5.241154043798409,40,4,10
1/1/2018,SEXUAL OFFENCES,-6.186979892724528,297,18,91
1/1/2018,THEFT,-3.6700373851441817,24,2,2
1/1/2018,VEHICLE OFFENCES,-6.160167532537431,36,5,7
1/1/2018,VIOLENCE AGAINST THE PERSON,-5.837164893424578,367,29,120
2/1/2018,ARSON AND CRIMINAL DAMAGE,-3.924429719008812,15,1,7
2/1/2018,BURGLARY,-5.513437600785512,13,1,2
2/1/2018,DOMESTIC ABUSE,-2.7148590133781423,5,1,2
2/1/2018,DRUG OFFENCES,-3.6911609759519233,93,6,29
2/1/2018,FRAUD AND FORGERY,-4.706484906287152,31,3,4
2/1/2018,GUN CRIME,-6.265085203028487,3,0,0
2/1/2018,HATE CRIME,-5.485032150942871,32,5,8
2/1/2018,KNIFE CRIME,-7.290837409437165,238,22,105
2/1/2018,LETHAL BARREL DISCHARGE,-4.780968672285441,14,0,0
2/1/2018,NFIB FRAUD,-13.2203389830508,1,0,0
2/1/2018,POSSESSION OF WEAPONS,-5.111420574947099,29,2,6
2/1/2018,ROBBERY,-5.609311138232389,27,2,6
2/1/2018,SEXUAL OFFENCES,-5.140922216845036,122,13,43
2/1/2018,THEFT,-5.338139265575235,25,4,5
2/1/2018,VEHICLE OFFENCES,-6.372268450537165,28,5,12
2/1/2018,VIOLENCE AGAINST THE PERSON,-4.990803532813657,237,19,51
3/1/2018,ARSON AND CRIMINAL DAMAGE,-3.8134325830470437,14,3,3
3/1/2018,BURGLARY,-5.057695891359606,26,2,2
3/1/2018,DOMESTIC ABUSE,-11.1801242236025,1,0,0
3/1/2018,DRUG OFFENCES,-3.9890873121923565,82,3,12
3/1/2018,FRAUD AND FORGERY,-4.557036925449477,28,4,6
3/1/2018,GUN CRIME,-6.3758389261745,1,0,0
3/1/2018,HATE CRIME,-4.283036939770011,132,9,47
3/1/2018,KNIFE CRIME,-7.595988300129192,266,24,97
3/1/2018,LETHAL BARREL DISCHARGE,-4.852078795943907,70,4,20
3/1/2018,MISCELLANEOUS CRIMES AGAINST SOCIETY,0.48555996711073335,3,0,0
3/1/2018,NFIB FRAUD,-5.4140127388535,1,0,0
3/1/2018,POSSESSION OF WEAPONS,-4.288035306411839,79,4,23
3/1/2018,PUBLIC ORDER OFFENCES,-8.28402366863905,2,1,1
3/1/2018,ROBBERY,-7.479545891232904,76,6,23
3/1/2018,SEXUAL OFFENCES,-6.412230550824151,102,5,22
3/1/2018,THEFT,-4.244587454960937,24,2,2
3/1/2018,VEHICLE OFFENCES,-5.231133352837679,40,9,9
3/1/2018,VIOLENCE AGAINST THE PERSON,-4.945814929315244,414,32,112
4/1/2018,ARSON AND CRIMINAL DAMAGE,-3.8945964029253193,29,1,14
4/1/2018,BURGLARY,-6.286666177106145,167,8,37
4/1/2018,DOMESTIC ABUSE,-2.7085737116000366,3,0,0
4/1/2018,DRUG OFFENCES,-4.329673683438462,112,7,14
4/1/2018,FRAUD AND FORGERY,-5.272490242190628,29,1,2
4/1/2018,GUN CRIME,-4.3723346338807705,4,1,1
4/1/2018,HATE CRIME,-3.577889125544441,124,11,39
4/1/2018,KNIFE CRIME,-7.164613923164087,353,19,73
4/1/2018,LETHAL BARREL DISCHARGE,-4.882590126805989,126,8,32
4/1/2018,POSSESSION OF WEAPONS,-5.618039169918517,84,11,21
4/1/2018,PUBLIC ORDER OFFENCES,-4.3099763361689485,3,0,0
4/1/2018,ROBBERY,-6.639113839792927,70,9,27
4/1/2018,SEXUAL OFFENCES,-5.785943503811032,43,1,1
4/1/2018,THEFT,-4.697630759520068,45,5,11
4/1/2018,VEHICLE OFFENCES,-4.919081574475917,31,4,9
4/1/2018,VIOLENCE AGAINST THE PERSON,-5.4030956442892055,314,26,107
5/1/2018,ARSON AND CRIMINAL DAMAGE,-1.948916663498465,21,4,4
5/1/2018,BURGLARY,-5.926910026633113,33,2,5
5/1/2018,DRUG OFFENCES,-4.466175089409036,106,9,35
5/1/2018,FRAUD AND FORGERY,-4.543137149057453,20,0,0
5/1/2018,GUN CRIME,-6.3643013899049,1,0,0
5/1/2018,HATE CRIME,-5.697960155014874,53,3,8
5/1/2018,KNIFE CRIME,-6.720085969404645,354,33,133
5/1/2018,LETHAL BARREL DISCHARGE,-4.73826958995157,181,16,100
5/1/2018,MISCELLANEOUS CRIMES AGAINST SOCIETY,-4.42477876106195,1,0,0
5/1/2018,NFIB FRAUD,-4.5346062052506,1,0,0
5/1/2018,POSSESSION OF WEAPONS,-5.832257959856476,65,5,19
5/1/2018,ROBBERY,-5.718179862594165,24,4,5
5/1/2018,SEXUAL OFFENCES,-5.982257197794679,54,2,4
5/1/2018,THEFT,-2.185899429779279,60,5,20
5/1/2018,VEHICLE OFFENCES,-5.519480225439488,18,3,3
5/1/2018,VIOLENCE AGAINST THE PERSON,-5.124059347450171,296,24,92
6/1/2018,ARSON AND CRIMINAL DAMAGE,-1.5241467225839125,93,8,44
6/1/2018,BURGLARY,-5.789106859799474,54,7,18
6/1/2018,DOMESTIC ABUSE,-4.501389824696136,5,1,3
6/1/2018,DRUG OFFENCES,-4.116443494493204,97,6,12
6/1/2018,FRAUD AND FORGERY,-6.050406596852157,43,2,9
6/1/2018,GUN CRIME,-3.913189207306855,2,0,0
6/1/2018,HATE CRIME,-3.546930389809298,45,2,4
6/1/2018,KNIFE CRIME,-6.174078925167289,413,30,139
6/1/2018,LETHAL BARREL DISCHARGE,-4.728314134050456,62,4,18
6/1/2018,MISCELLANEOUS CRIMES AGAINST SOCIETY,-3.18725099601594,1,0,0
6/1/2018,POSSESSION OF WEAPONS,-5.769224908021258,111,9,28
6/1/2018,PUBLIC ORDER OFFENCES,-8.8339222614841,1,0,0
6/1/2018,ROBBERY,-5.247779658319438,76,9,21
6/1/2018,SEXUAL OFFENCES,-4.436579065308183,60,3,12
6/1/2018,THEFT,-5.400231896196694,51,3,19
6/1/2018,VEHICLE OFFENCES,-4.863286832475243,26,3,3
6/1/2018,VIOLENCE AGAINST THE PERSON,-4.793507172245455,387,23,117
7/1/2018,ARSON AND CRIMINAL DAMAGE,-1.9498270703561644,46,6,25
7/1/2018,BURGLARY,-3.3791115663094424,12,0,0
7/1/2018,DOMESTIC ABUSE,-3.820148266644823,3,0,0
7/1/2018,DRUG OFFENCES,-4.913150546919354,80,5,16
7/1/2018,FRAUD AND FORGERY,-3.5374425805878573,33,2,3
7/1/2018,HATE CRIME,-4.214142417467008,28,2,2
7/1/2018,KNIFE CRIME,-6.14001299040446,157,14,35
7/1/2018,LETHAL BARREL DISCHARGE,-5.581974379547299,69,3,34
7/1/2018,POSSESSION OF WEAPONS,-4.85114959432212,49,1,1
7/1/2018,PUBLIC ORDER OFFENCES,-6.094896493207216,5,1,3
7/1/2018,ROBBERY,-5.4180132775707195,34,1,1
7/1/2018,SEXUAL OFFENCES,-4.855847752616892,67,5,24
7/1/2018,THEFT,-5.432389396186836,27,1,1
7/1/2018,VEHICLE OFFENCES,-3.2001061901288788,18,2,7
7/1/2018,VIOLENCE AGAINST THE PERSON,-6.200191883597157,381,26,125
8/1/2018,ARSON AND CRIMINAL DAMAGE,-5.336106959609223,82,10,40
8/1/2018,BURGLARY,-3.873162875732523,34,2,7
8/1/2018,DOMESTIC ABUSE,-2.1896302416856,1,0,0
8/1/2018,DRUG OFFENCES,-3.893627995709802,111,9,40
8/1/2018,FRAUD AND FORGERY,-6.961682278931457,38,2,10
8/1/2018,HATE CRIME,-4.672889117403047,38,0,0
8/1/2018,KNIFE CRIME,-6.503898131333152,194,10,38
8/1/2018,LETHAL BARREL DISCHARGE,-8.03759178832512,82,4,34
8/1/2018,POSSESSION OF WEAPONS,-3.5277677947579935,73,3,28
8/1/2018,PUBLIC ORDER OFFENCES,-4.966715843936597,3,0,0
8/1/2018,ROBBERY,-7.663305829389906,29,3,5
8/1/2018,SEXUAL OFFENCES,-4.787156746110138,82,5,25
8/1/2018,THEFT,-3.0074844918583046,78,4,33
8/1/2018,VEHICLE OFFENCES,-5.416896873766298,50,4,11
8/1/2018,VIOLENCE AGAINST THE PERSON,-6.076413460044993,456,28,135
9/1/2018,ARSON AND CRIMINAL DAMAGE,-2.6675719304076666,35,5,16
9/1/2018,BURGLARY,-4.258734454803394,32,3,8
9/1/2018,DOMESTIC ABUSE,-4.846919640193623,6,0,0
9/1/2018,DRUG OFFENCES,-4.158630923337762,114,8,21
9/1/2018,FRAUD AND FORGERY,-6.857506505702951,32,1,6
9/1/2018,GUN CRIME,-5.278355600498575,11,1,7
9/1/2018,HATE CRIME,-3.067278973993404,103,6,45
9/1/2018,KNIFE CRIME,-6.674864459390848,207,15,63
9/1/2018,LETHAL BARREL DISCHARGE,-5.461947821858533,122,6,45
9/1/2018,MISCELLANEOUS CRIMES AGAINST SOCIETY,-7.31261425959781,1,0,0
9/1/2018,NFIB FRAUD,-5.437892860493481,2,0,0
9/1/2018,POSSESSION OF WEAPONS,-5.580355804936081,45,5,11
9/1/2018,PUBLIC ORDER OFFENCES,-7.38400608858444,22,1,10
9/1/2018,ROBBERY,-6.135626274542991,37,3,10
9/1/2018,SEXUAL OFFENCES,-5.2448382198235715,88,2,7
9/1/2018,THEFT,-5.862231614918124,83,6,26
9/1/2018,VEHICLE OFFENCES,-6.773825001863175,42,4,17
9/1/2018,VIOLENCE AGAINST THE PERSON,-5.112089636091398,339,24,83
10/1/2018,ARSON AND CRIMINAL DAMAGE,-2.265859052408241,10,0,0
10/1/2018,BURGLARY,-5.494099646093558,46,5,20
10/1/2018,DOMESTIC ABUSE,-1.7813853296165507,10,1,1
10/1/2018,DRUG OFFENCES,-4.262057577256047,124,11,36
10/1/2018,FRAUD AND FORGERY,-5.038861512233386,28,3,6
10/1/2018,GUN CRIME,-5.279208224829239,3,0,0
10/1/2018,HATE CRIME,-5.031552458725088,86,5,13
10/1/2018,KNIFE CRIME,-7.2351522658956835,173,15,51
10/1/2018,LETHAL BARREL DISCHARGE,-4.720648348394659,48,2,3
10/1/2018,MISCELLANEOUS CRIMES AGAINST SOCIETY,-4.268798208570618,9,2,4
10/1/2018,POSSESSION OF WEAPONS,-7.081633890560561,60,5,24
10/1/2018,PUBLIC ORDER OFFENCES,-5.93171405017627,4,1,1
10/1/2018,ROBBERY,-6.480717330597541,35,3,11
10/1/2018,SEXUAL OFFENCES,-4.700969887686336,111,4,6
10/1/2018,THEFT,-4.642465257959917,42,5,5
10/1/2018,VEHICLE OFFENCES,-6.741090249947314,28,2,9
10/1/2018,VIOLENCE AGAINST THE PERSON,-4.6312541284186475,329,22,73
11/1/2018,ARSON AND CRIMINAL DAMAGE,-2.7780864617040373,38,4,20
11/1/2018,BURGLARY,-4.497114766986252,15,0,0
11/1/2018,DOMESTIC ABUSE,-4.433581223703746,15,1,3
11/1/2018,DRUG OFFENCES,-3.8502696464547737,83,2,5
11/1/2018,FRAUD AND FORGERY,-4.714842918331757,37,6,12
11/1/2018,GUN CRIME,-4.642630226661655,4,0,0
11/1/2018,HATE CRIME,-4.329960971987498,50,2,2
11/1/2018,KNIFE CRIME,-7.000166558467604,413,30,136
11/1/2018,LETHAL BARREL DISCHARGE,-4.3485124824182755,45,2,10
11/1/2018,MISCELLANEOUS CRIMES AGAINST SOCIETY,-1.57495256166983,1,0,0
11/1/2018,POSSESSION OF WEAPONS,-4.74416997693348,64,2,6
11/1/2018,PUBLIC ORDER OFFENCES,-9.914242341852454,6,2,4
11/1/2018,ROBBERY,-6.165497903210317,40,3,9
11/1/2018,SEXUAL OFFENCES,-3.852810498381041,91,5,16
11/1/2018,THEFT,-3.123678297682744,55,5,11
11/1/2018,VEHICLE OFFENCES,-5.845877210558651,18,0,0
11/1/2018,VIOLENCE AGAINST THE PERSON,-4.887853163935172,242,15,47
12/1/2018,ARSON AND CRIMINAL DAMAGE,-4.35970418528927,18,2,3
12/1/2018,BURGLARY,-3.977491081809561,43,3,21
12/1/2018,DOMESTIC ABUSE,-4.637725871963544,12,2,2
12/1/2018,DRUG OFFENCES,-3.8087614896793642,94,8,22
12/1/2018,FRAUD AND FORGERY,-5.031603626440283,52,3,20
12/1/2018,HATE CRIME,-4.682808764492278,38,2,14
12/1/2018,KNIFE CRIME,-5.887560465558375,195,17,68
12/1/2018,LETHAL BARREL DISCHARGE,-5.324625394561011,67,7,18
12/1/2018,POSSESSION OF WEAPONS,-5.947715828362109,62,6,25
12/1/2018,PUBLIC ORDER OFFENCES,-5.344694887300715,2,0,0
12/1/2018,ROBBERY,-7.260770500566291,36,1,9
12/1/2018,SEXUAL OFFENCES,-5.519348605073197,68,3,5
12/1/2018,THEFT,-4.277055275383534,24,0,0
12/1/2018,VEHICLE OFFENCES,-5.153085794612247,16,0,0
12/1/2018,VIOLENCE AGAINST THE PERSON,-5.778635811575743,226,15,54
1/1/2019,ARSON AND CRIMINAL DAMAGE,-3.3013587039070442,17,2,2
1/1/2019,BURGLARY,-6.521408661528395,9,1,1
1/1/2019,DOMESTIC ABUSE,-5.357670880251384,27,2,14
1/1/2019,DRUG OFFENCES,-4.472283251099877,99,5,10
1/1/2019,FRAUD AND FORGERY,-5.796664244141404,40,5,11
1/1/2019,GUN CRIME,-7.097963035258124,7,2,2
1/1/2019,HATE CRIME,-4.125625103525337,33,1,5
1/1/2019,KNIFE CRIME,-5.825155083063374,284,17,64
1/1/2019,LETHAL BARREL DISCHARGE,-4.947770205945868,25,1,1
1/1/2019,MISCELLANEOUS CRIMES AGAINST SOCIETY,-1.77444794952681,1,0,0
1/1/2019,NFIB FRAUD,-4.13005272407733,1,0,0
1/1/2019,POSSESSION OF WEAPONS,-5.901273708708733,73,6,28
1/1/2019,PUBLIC ORDER OFFENCES,-3.8613467481067265,6,0,0
1/1/2019,ROBBERY,-4.50733624508873,24,2,2
1/1/2019,SEXUAL OFFENCES,-5.418172791047214,60,4,12
1/1/2019,THEFT,-3.7235739127971015,57,5,11
1/1/2019,VEHICLE OFFENCES,-3.910688079386414,79,7,18
1/1/2019,VIOLENCE AGAINST THE PERSON,-5.023723690085321,291,21,61
2/1/2019,ARSON AND CRIMINAL DAMAGE,-1.5905627358010748,22,3,12
2/1/2019,BURGLARY,-6.596875236959349,26,3,7
2/1/2019,DOMESTIC ABUSE,-3.156333693690931,14,1,4
2/1/2019,DRUG OFFENCES,-4.55223988981955,102,7,16
2/1/2019,FRAUD AND FORGERY,-4.963548589122422,38,2,15
2/1/2019,GUN CRIME,-7.513958943064115,2,0,0
2/1/2019,HATE CRIME,-4.374104332514245,97,5,24
2/1/2019,KNIFE CRIME,-6.8649628112600665,305,24,113
2/1/2019,LETHAL BARREL DISCHARGE,-4.897147418599651,46,5,16
2/1/2019,POSSESSION OF WEAPONS,-5.16647265192782,49,3,11
2/1/2019,PUBLIC ORDER OFFENCES,-1.5915771006950616,2,0,0
2/1/2019,ROBBERY,-6.984815003530116,45,6,16
2/1/2019,SEXUAL OFFENCES,-4.340772158478277,72,1,2
2/1/2019,THEFT,-3.771872816014391,23,3,7
2/1/2019,VEHICLE OFFENCES,-4.4378147998648645,62,5,23
2/1/2019,VIOLENCE AGAINST THE PERSON,-5.390147846507446,285,26,101
3/1/2019,ARSON AND CRIMINAL DAMAGE,-3.3910915593174202,3,0,0
3/1/2019,BURGLARY,-6.742752230238116,22,1,3
3/1/2019,DOMESTIC ABUSE,-4.706388164934397,18,2,5
3/1/2019,DRUG OFFENCES,-3.7278803938933742,83,7,17
3/1/2019,FRAUD AND FORGERY,-5.297609933023972,22,1,2
3/1/2019,GUN CRIME,-6.101371357332083,3,0,0
3/1/2019,HATE CRIME,-3.884262796209315,124,13,45
3/1/2019,KNIFE CRIME,-6.053907302617673,697,57,284
3/1/2019,LETHAL BARREL DISCHARGE,-5.752650286336889,64,7,12
3/1/2019,POSSESSION OF WEAPONS,-4.747632029930862,94,5,11
3/1/2019,PUBLIC ORDER OFFENCES,-3.798731404521769,3,0,0
3/1/2019,ROBBERY,-4.856151490328737,30,4,9
3/1/2019,SEXUAL OFFENCES,-3.6670666852107896,68,3,15
3/1/2019,THEFT,-3.962662987061594,25,0,0
3/1/2019,VEHICLE OFFENCES,-4.9861801775049175,29,4,7
3/1/2019,VIOLENCE AGAINST THE PERSON,-5.457360330269313,271,21,78
4/1/2019,ARSON AND CRIMINAL DAMAGE,-0.6952599762032343,25,2,10
4/1/2019,BURGLARY,-3.872705161300273,14,0,0
4/1/2019,DOMESTIC ABUSE,-1.4756032848620524,4,0,0
4/1/2019,DRUG OFFENCES,-3.095074375592259,80,5,17
4/1/2019,FRAUD AND FORGERY,-6.006900348233259,26,0,0
4/1/2019,GUN CRIME,-4.10628019323672,4,1,3
4/1/2019,HATE CRIME,-5.342201775130987,34,2,5
4/1/2019,KNIFE CRIME,-6.994630047701917,313,27,113
4/1/2019,LETHAL BARREL DISCHARGE,-4.66965611086612,78,6,30
4/1/2019,MISCELLANEOUS CRIMES AGAINST SOCIETY,-2.53518750602526,2,0,0
4/1/2019,POSSESSION OF WEAPONS,-6.7906923666786,71,5,29
4/1/2019,PUBLIC ORDER OFFENCES,-4.980157767808408,6,0,0
4/1/2019,ROBBERY,-6.298167461610921,27,4,12
4/1/2019,SEXUAL OFFENCES,-5.91429202125739,141,14,60
4/1/2019,THEFT,-4.7810946804811705,46,8,11
4/1/2019,VEHICLE OFFENCES,-5.095645017002944,14,1,5
4/1/2019,VIOLENCE AGAINST THE PERSON,-4.340732886378169,247,12,51
5/1/2019,ARSON AND CRIMINAL DAMAGE,-2.2824528034503526,9,0,0
5/1/2019,BURGLARY,-6.228741806284846,30,2,13
5/1/2019,DOMESTIC ABUSE,-4.484978883148459,9,1,1
5/1/2019,DRUG OFFENCES,-4.234585579726244,88,4,9
5/1/2019,FRAUD AND FORGERY,-6.4667906663819075,24,2,2
5/1/2019,GUN CRIME,-4.01871676660754,23,2,17
5/1/2019,HATE CRIME,-4.156881069749219,73,5,25
5/1/2019,KNIFE CRIME,-6.016785760853519,166,16,49
5/1/2019,LETHAL BARREL DISCHARGE,-3.7012678938051193,44,2,17
5/1/2019,MISCELLANEOUS CRIMES AGAINST SOCIETY,-7.9480469037752375,10,1,8
5/1/2019,POSSESSION OF WEAPONS,-5.591531540181588,43,3,10
5/1/2019,PUBLIC ORDER OFFENCES,-2.8645557495555294,2,0,0
5/1/2019,ROBBERY,-5.396375335750398,30,2,6
5/1/2019,SEXUAL OFFENCES,-6.28036544800092,218,19,83
5/1/2019,THEFT,-4.490786984934181,40,5,12
5/1/2019,VEHICLE OFFENCES,-4.386729323493401,15,2,2
5/1/2019,VIOLENCE AGAINST THE PERSON,-5.547343821412177,235,23,61
6/1/2019,ARSON AND CRIMINAL DAMAGE,-3.5270044225834014,40,1,10
6/1/2019,BURGLARY,-4.171441190284401,18,2,5
6/1/2019,DOMESTIC ABUSE,-2.193702055548069,13,1,3
6/1/2019,DRUG OFFENCES,-3.4152731751829184,167,13,55
6/1/2019,FRAUD AND FORGERY,-6.913558786727335,23,1,5
6/1/2019,GUN CRIME,-4.565210022178965,2,0,0
6/1/2019,HATE CRIME,-3.586218452817951,54,3,9
6/1/2019,KNIFE CRIME,-6.1660532002128825,261,28,106
6/1/2019,LETHAL BARREL DISCHARGE,-6.264194940400025,71,4,17
6/1/2019,POSSESSION OF WEAPONS,-4.785297240447644,58,3,12
6/1/2019,PUBLIC ORDER OFFENCES,-5.565890779088646,10,0,0
6/1/2019,ROBBERY,-4.868662191375008,25,2,7
6/1/2019,SEXUAL OFFENCES,-4.77991552309178,72,1,2
6/1/2019,THEFT,-2.6130435937769314,43,5,16
6/1/2019,VEHICLE OFFENCES,-5.63056474115742,13,1,1
6/1/2019,VIOLENCE AGAINST THE PERSON,-5.630491944880352,374,30,138
7/1/2019,ARSON AND CRIMINAL DAMAGE,-1.944714895476022,23,4,13
7/1/2019,BURGLARY,-5.230117956585505,4,0,0
7/1/2019,DOMESTIC ABUSE,-4.10242440805897,7,0,0
7/1/2019,DRUG OFFENCES,-4.1413713792214315,101,6,19
7/1/2019,FRAUD AND FORGERY,-4.215688209614245,15,1,1
7/1/2019,GUN CRIME,-4.18933623503808,2,0,0
7/1/2019,HATE CRIME,-4.056974090528599,137,11,49
7/1/2019,KNIFE CRIME,-6.914411721101213,318,36,145
7/1/2019,LETHAL BARREL DISCHARGE,-6.127114252528987,113,9,37
7/1/2019,MISCELLANEOUS CRIMES AGAINST SOCIETY,-3.1496062992126,1,0,0
7/1/2019,POSSESSION OF WEAPONS,-5.572900449419463,46,7,21
7/1/2019,PUBLIC ORDER OFFENCES,-7.156449174577472,5,0,0
7/1/2019,ROBBERY,-5.552156433475197,34,6,14
7/1/2019,SEXUAL OFFENCES,-5.311604244034496,71,4,7
7/1/2019,THEFT,-4.339198730066757,33,1,5
7/1/2019,VEHICLE OFFENCES,-5.509695427102185,10,1,1
7/1/2019,VIOLENCE AGAINST THE PERSON,-5.054717519437211,250,16,80
8/1/2019,ARSON AND CRIMINAL DAMAGE,-3.86674217544772,27,2,13
8/1/2019,BURGLARY,-7.245919424814833,13,1,1
8/1/2019,DOMESTIC ABUSE,-4.220673242412375,2,0,0
8/1/2019,DRUG OFFENCES,-4.451270616638503,114,11,40
8/1/2019,FRAUD AND FORGERY,-6.028887709366269,15,1,1
8/1/2019,GUN CRIME,-8.216491812922836,2,0,0
8/1/2019,HATE CRIME,-3.2746332359820323,46,3,15
8/1/2019,KNIFE CRIME,-6.250421977153454,285,27,125
8/1/2019,LETHAL BARREL DISCHARGE,-5.133312991193934,27,2,3
8/1/2019,NFIB FRAUD,-6.11620795107034,3,1,2
8/1/2019,POSSESSION OF WEAPONS,-4.778374992796212,52,5,15
8/1/2019,PUBLIC ORDER OFFENCES,-7.236813763527983,11,1,5
8/1/2019,ROBBERY,-4.182804726250743,19,2,3
8/1/2019,SEXUAL OFFENCES,-5.760387846824025,98,8,21
8/1/2019,THEFT,-4.531461382941051,24,3,3
8/1/2019,VEHICLE OFFENCES,-7.104783638320529,10,0,0
8/1/2019,VIOLENCE AGAINST THE PERSON,-5.868742124193737,277,27,118
9/1/2019,ARSON AND CRIMINAL DAMAGE,-2.40905639465931,14,0,0
9/1/2019,BURGLARY,-5.047202052194406,13,3,4
9/1/2019,DOMESTIC ABUSE,-4.021051241325806,19,2,6
9/1/2019,DRUG OFFENCES,-4.484763396290886,129,14,36
9/1/2019,FRAUD AND FORGERY,-3.7379471697021764,27,1,7
9/1/2019,GUN CRIME,-7.39263412769211,2,0,0
9/1/2019,HATE CRIME,-4.3939348886930825,63,4,12
9/1/2019,KNIFE CRIME,-6.928523012501717,292,31,112
9/1/2019,LETHAL BARREL DISCHARGE,-5.2666544692633686,100,7,46
9/1/2019,POSSESSION OF WEAPONS,-3.902853109636068,53,5,14
9/1/2019,PUBLIC ORDER OFFENCES,-3.9764073465730903,3,0,0
9/1/2019,ROBBERY,-4.296112140352175,22,1,2
9/1/2019,SEXUAL OFFENCES,-4.49966655378819,79,5,19
9/1/2019,THEFT,-4.542956978091822,30,4,5
9/1/2019,VEHICLE OFFENCES,-4.009752447106987,18,1,1
9/1/2019,VIOLENCE AGAINST THE PERSON,-4.545624855866165,171,12,41
10/1/2019,ARSON AND CRIMINAL DAMAGE,-4.363972704590456,8,1,1
10/1/2019,BURGLARY,-5.221562114998926,21,2,3
10/1/2019,DOMESTIC ABUSE,-3.5235844883458314,8,1,1
10/1/2019,DRUG OFFENCES,-5.078414982235724,115,7,31
10/1/2019,FRAUD AND FORGERY,-7.08357526085304,34,2,14
10/1/2019,GUN CRIME,-7.164914344533489,2,0,0
10/1/2019,HATE CRIME,-4.105520220017131,36,2,3
10/1/2019,KNIFE CRIME,-6.221730076122297,277,20,113
10/1/2019,LETHAL BARREL DISCHARGE,-6.986041173725668,23,1,3
10/1/2019,MISCELLANEOUS CRIMES AGAINST SOCIETY,-3.21496361910788,2,1,1
10/1/2019,POSSESSION OF WEAPONS,-5.237675085331365,76,8,48
10/1/2019,ROBBERY,-6.154522987003519,42,4,17
10/1/2019,SEXUAL OFFENCES,-4.859734531783265,95,9,18
10/1/2019,THEFT,-4.527147101304346,31,4,7
10/1/2019,VEHICLE OFFENCES,-4.819313181433051,14,2,2
10/1/2019,VIOLENCE AGAINST THE PERSON,-5.140941766266171,194,14,58
11/1/2019,ARSON AND CRIMINAL DAMAGE,-2.9384506623515474,13,1,6
11/1/2019,BURGLARY,-5.3914707019449235,18,1,1
11/1/2019,DOMESTIC ABUSE,-2.0698170820196866,5,0,0
11/1/2019,DRUG OFFENCES,-4.7479581544696945,90,8,22
11/1/2019,FRAUD AND FORGERY,-3.6463433249931745,26,2,2
11/1/2019,GUN CRIME,-3.616951510292143,3,0,0
11/1/2019,HATE CRIME,-3.8919958393462806,92,7,28
11/1/2019,KNIFE CRIME,-7.270532468019148,184,13,59
11/1/2019,LETHAL BARREL DISCHARGE,-4.971097696487254,64,6,23
11/1/2019,MISCELLANEOUS CRIMES AGAINST SOCIETY,-7.711108563567582,5,1,2
11/1/2019,POSSESSION OF WEAPONS,-5.33063100627031,48,5,18
11/1/2019,PUBLIC ORDER OFFENCES,-2.74442538593482,1,0,0
11/1/2019,ROBBERY,-4.948559228302838,19,2,2
11/1/2019,SEXUAL OFFENCES,-6.493284753519344,133,17,44
11/1/2019,THEFT,-3.2606307586343566,50,4,10
11/1/2019,VEHICLE OFFENCES,-3.9748776148573723,22,1,1
11/1/2019,VIOLENCE AGAINST THE PERSON,-5.0201085903042175,324,25,116
12/1/2019,ARSON AND CRIMINAL DAMAGE,-2.2135268769787655,28,3,14
12/1/2019,BURGLARY,-4.505322002528392,16,2,2
12/1/2019,DOMESTIC ABUSE,-4.2312049146074,8,0,0
12/1/2019,DRUG OFFENCES,-3.588336988407781,78,4,14
12/1/2019,FRAUD AND FORGERY,-5.712716409219046,12,3,4
12/1/2019,GUN CRIME,-0.0387146728610144,1,0,0
12/1/2019,HATE CRIME,-4.1372070770187,75,5,22
12/1/2019,KNIFE CRIME,-7.365923233142936,174,13,44
12/1/2019,LETHAL BARREL DISCHARGE,-4.331889634631811,111,9,50
12/1/2019,MISCELLANEOUS CRIMES AGAINST SOCIETY,-6.07101947308133,1,0,0
12/1/2019,POSSESSION OF WEAPONS,-5.309591499556751,30,2,5
12/1/2019,PUBLIC ORDER OFFENCES,-5.444802420932461,2,0,0
12/1/2019,ROBBERY,-4.449549542152095,46,4,18
12/1/2019,SEXUAL OFFENCES,-6.956493883082676,132,11,51
12/1/2019,THEFT,-3.3599544214013837,48,3,13
12/1/2019,VEHICLE OFFENCES,-4.135077706399104,19,2,4
12/1/2019,VIOLENCE AGAINST THE PERSON,-4.894948860802444,322,25,102
1/1/2020,ARSON AND CRIMINAL DAMAGE,-0.7405622188349295,6,0,0
1/1/2020,BURGLARY,-7.0348085425171885,30,4,5
1/1/2020,DOMESTIC ABUSE,-2.9545968939891645,9,1,4
1/1/2020,DRUG OFFENCES,-3.085111921977794,49,3,11
1/1/2020,FRAUD AND FORGERY,-5.998151828905295,19,3,4
1/1/2020,GUN CRIME,-2.8778955634079297,2,0,0
1/1/2020,HATE CRIME,-3.181940850018937,67,6,22
1/1/2020,KNIFE CRIME,-6.294717151954001,245,19,78
1/1/2020,LETHAL BARREL DISCHARGE,-5.013638299044043,75,5,27
1/1/2020,POSSESSION OF WEAPONS,-4.791022220301146,90,8,16
1/1/2020,ROBBERY,-5.917172674479283,57,5,23
1/1/2020,SEXUAL OFFENCES,-4.545443024123173,109,4,18
1/1/2020,THEFT,-4.962137115716279,26,2,2
1/1/2020,VEHICLE OFFENCES,-5.261661829438021,26,1,11
1/1/2020,VIOLENCE AGAINST THE PERSON,-5.123463914764087,296,27,69
2/1/2020,ARSON AND CRIMINAL DAMAGE,-1.9819490560366793,14,1,1
2/1/2020,BURGLARY,-5.839572411746478,63,8,26
2/1/2020,DOMESTIC ABUSE,-3.501406587621602,6,0,0
2/1/2020,DRUG OFFENCES,-3.7992123787626655,64,6,17
2/1/2020,FRAUD AND FORGERY,-4.762918879570283,44,5,15
2/1/2020,GUN CRIME,-0.9491975021629799,4,0,0
2/1/2020,HATE CRIME,-2.058693181780833,53,3,12
2/1/2020,KNIFE CRIME,-6.556939576592544,245,24,84
2/1/2020,LETHAL BARREL DISCHARGE,-4.5037139397874295,146,8,38
2/1/2020,MISCELLANEOUS CRIMES AGAINST SOCIETY,-5.064755150560034,6,1,3
2/1/2020,POSSESSION OF WEAPONS,-4.250527289033105,44,3,11
2/1/2020,PUBLIC ORDER OFFENCES,-2.568036529680365,2,0,0
2/1/2020,ROBBERY,-4.849971196370335,40,3,9
2/1/2020,SEXUAL OFFENCES,-5.070380934031428,65,3,8
2/1/2020,THEFT,-4.425758136671064,51,7,13
2/1/2020,VEHICLE OFFENCES,-5.666346788489753,15,1,1
2/1/2020,VIOLENCE AGAINST THE PERSON,-5.442362672243516,277,21,89
3/1/2020,ARSON AND CRIMINAL DAMAGE,-1.8335955116376705,23,4,13
3/1/2020,BURGLARY,-5.061936174626159,12,2,5
3/1/2020,DOMESTIC ABUSE,-4.959018604353418,12,1,1
3/1/2020,DRUG OFFENCES,-3.776737050303916,45,3,3
3/1/2020,FRAUD AND FORGERY,-5.754758027755955,34,6,16
3/1/2020,GUN CRIME,-3.614718614718615,2,0,0
3/1/2020,HATE CRIME,-5.108425292907432,29,1,4
3/1/2020,KNIFE CRIME,-6.646996480930771,105,13,15
3/1/2020,LETHAL BARREL DISCHARGE,-4.530842463726121,44,5,24
3/1/2020,MISCELLANEOUS CRIMES AGAINST SOCIETY,-4.923700823613026,3,1,1
3/1/2020,POSSESSION OF WEAPONS,-4.969255116451404,26,2,8
3/1/2020,PUBLIC ORDER OFFENCES,-6.97674418604651,1,0,0
3/1/2020,ROBBERY,-4.550569875973793,27,4,8
3/1/2020,SEXUAL OFFENCES,-5.955268506053682,30,2,4
3/1/2020,THEFT,-3.910758417296027,28,3,3
3/1/2020,VEHICLE OFFENCES,-5.888315808219543,13,1,3
3/1/2020,VIOLENCE AGAINST THE PERSON,-5.658568998638389,109,10,24
4/1/2020,ARSON AND CRIMINAL DAMAGE,-2.4377224660308343,7,0,0
4/1/2020,BURGLARY,-6.4494052463869735,6,2,2
4/1/2020,DOMESTIC ABUSE,-5.988579893363166,33,3,6
4/1/2020,DRUG OFFENCES,-4.105343130504836,57,7,18
4/1/2020,FRAUD AND FORGERY,-5.318182183934619,33,3,20
4/1/2020,GUN CRIME,-6.41025641025641,1,0,0
4/1/2020,HATE CRIME,-3.795170661276354,28,2,14
4/1/2020,KNIFE CRIME,-6.851258318646037,107,10,38
4/1/2020,LETHAL BARREL DISCHARGE,-6.862479224940397,8,1,1
4/1/2020,MISCELLANEOUS CRIMES AGAINST SOCIETY,-7.20572997340113,2,0,0
4/1/2020,POSSESSION OF WEAPONS,-4.47609895704578,23,0,0
4/1/2020,ROBBERY,-5.6039272592793035,10,0,0
4/1/2020,SEXUAL OFFENCES,-6.165657643064255,21,1,3
4/1/2020,THEFT,-3.8233428414273734,32,4,5
4/1/2020,VEHICLE OFFENCES,-6.90078037904125,3,1,1
4/1/2020,VIOLENCE AGAINST THE PERSON,-4.035923391039349,76,4,10
5/1/2020,ARSON AND CRIMINAL DAMAGE,-3.0307777167967695,40,4,23
5/1/2020,BURGLARY,-4.75680467128724,13,2,5
5/1/2020,DOMESTIC ABUSE,-3.2927602612807987,22,4,13
5/1/2020,DRUG OFFENCES,-3.6769943701459726,53,5,13
5/1/2020,FRAUD AND FORGERY,-4.534469937776716,9,0,0
5/1/2020,GUN CRIME,-3.79008746355685,1,0,0
5/1/2020,HATE CRIME,-4.3678454345730255,18,0,0
5/1/2020,KNIFE CRIME,-6.742427995731256,55,4,4
5/1/2020,LETHAL BARREL DISCHARGE,-5.455940188761483,67,6,29
5/1/2020,NFIB FRAUD,-1.11111111111111,1,0,0
5/1/2020,POSSESSION OF WEAPONS,-3.5985739514990787,22,1,8
5/1/2020,PUBLIC ORDER OFFENCES,-2.82131661442006,1,0,0
5/1/2020,ROBBERY,-4.424562384390218,16,2,2
5/1/2020,SEXUAL OFFENCES,-5.807674247192206,30,3,10
5/1/2020,THEFT,-3.1816626720495784,9,0,0
5/1/2020,VEHICLE OFFENCES,-4.079472547153697,7,0,0
5/1/2020,VIOLENCE AGAINST THE PERSON,-5.347293676577301,54,1,11
6/1/2020,ARSON AND CRIMINAL DAMAGE,-1.7412840443443294,11,0,0
6/1/2020,BURGLARY,-4.60526315789474,2,1,1
6/1/2020,DOMESTIC ABUSE,-7.52393980848153,1,0,0
6/1/2020,DRUG OFFENCES,-3.7110865113635807,60,7,14
6/1/2020,FRAUD AND FORGERY,-4.047614521043089,21,1,2
6/1/2020,GUN CRIME,-10.419271484537802,3,0,0
6/1/2020,HATE CRIME,-5.281920724064526,321,24,126
6/1/2020,KNIFE CRIME,-6.0947900535364825,119,14,27
6/1/2020,LETHAL BARREL DISCHARGE,-4.585087463629701,78,9,23
6/1/2020,NFIB FRAUD,-6.98689956331878,1,0,0
6/1/2020,POSSESSION OF WEAPONS,-5.1699704179412285,17,2,5
6/1/2020,PUBLIC ORDER OFFENCES,-7.320434584391837,9,0,0
6/1/2020,ROBBERY,-5.485118610513627,10,1,1
6/1/2020,SEXUAL OFFENCES,-6.328391007729271,35,2,11
6/1/2020,THEFT,-5.902425136806767,12,1,2
6/1/2020,VEHICLE OFFENCES,-4.914569744762567,4,0,0
6/1/2020,VIOLENCE AGAINST THE PERSON,-5.690197969913023,145,14,33
7/1/2020,ARSON AND CRIMINAL DAMAGE,-3.3701004701956965,12,1,2
7/1/2020,BURGLARY,-7.434313170314054,8,2,2
7/1/2020,DOMESTIC ABUSE,-3.433739296634992,19,2,8
7/1/2020,DRUG OFFENCES,-4.091349984136168,94,12,30
7/1/2020,FRAUD AND FORGERY,-4.929561746299345,23,1,11
7/1/2020,GUN CRIME,-7.522895078746389,2,0,0
7/1/2020,HATE CRIME,-3.514728203702443,91,11,34
7/1/2020,KNIFE CRIME,-6.176634393539812,162,14,47
7/1/2020,LETHAL BARREL DISCHARGE,-4.318525056806826,49,2,6
7/1/2020,POSSESSION OF WEAPONS,-4.006658924842653,44,4,18
7/1/2020,PUBLIC ORDER OFFENCES,-5.667654257374725,2,0,0
7/1/2020,ROBBERY,-7.379718373588602,17,3,6
7/1/2020,SEXUAL OFFENCES,-5.538207897374385,37,2,2
7/1/2020,THEFT,-3.3863284252839843,23,2,6
7/1/2020,VEHICLE OFFENCES,-4.889410933543935,8,0,0
7/1/2020,VIOLENCE AGAINST THE PERSON,-5.450370754563718,163,11,40
8/1/2020,ARSON AND CRIMINAL DAMAGE,-1.8768779647400544,16,4,4
8/1/2020,BURGLARY,-6.569022689844507,5,1,3
8/1/2020,DOMESTIC ABUSE,-5.872847513579067,3,0,0
8/1/2020,DRUG OFFENCES,-4.822437758481543,75,10,24
8/1/2020,FRAUD AND FORGERY,-3.413081231512144,4,0,0
8/1/2020,GUN CRIME,-5.001826703946969,6,1,1
8/1/2020,HATE CRIME,-3.9750357111869707,41,1,1
8/1/2020,KNIFE CRIME,-6.339088522160145,111,12,17
8/1/2020,LETHAL BARREL DISCHARGE,-3.5987669104279,41,5,14
8/1/2020,POSSESSION OF WEAPONS,-5.001930514236394,16,2,5
8/1/2020,ROBBERY,-5.175546846665229,9,0,0
8/1/2020,SEXUAL OFFENCES,-6.98375027055892,86,8,33
8/1/2020,THEFT,-3.496685925700752,20,2,2
8/1/2020,VEHICLE OFFENCES,-3.6112093543718045,7,0,0
8/1/2020,VIOLENCE AGAINST THE PERSON,-4.770297342124481,96,7,16
9/1/2020,ARSON AND CRIMINAL DAMAGE,-3.0173146045278285,8,2,2
9/1/2020,BURGLARY,-8.96057347670251,1,0,0
9/1/2020,DOMESTIC ABUSE,-11.268081868311633,6,1,3
9/1/2020,DRUG OFFENCES,-3.964505688147552,53,5,20
9/1/2020,FRAUD AND FORGERY,-4.541377667938565,13,0,0
9/1/2020,GUN CRIME,-3.9332394546970275,4,0,0
9/1/2020,HATE CRIME,-4.307336305794416,53,5,15
9/1/2020,KNIFE CRIME,-6.75262377854267,88,8,15
9/1/2020,LETHAL BARREL DISCHARGE,-3.7382121481896182,140,17,50
9/1/2020,MISCELLANEOUS CRIMES AGAINST SOCIETY,-2.867706601883816,3,1,1
9/1/2020,POSSESSION OF WEAPONS,-3.65604355042137,14,0,0
9/1/2020,ROBBERY,-5.4658568538842704,14,1,2
9/1/2020,SEXUAL OFFENCES,-6.275235217805629,48,6,10
9/1/2020,THEFT,-3.1251686857257903,21,1,1
9/1/2020,VIOLENCE AGAINST THE PERSON,-4.962950412097522,128,13,23
10/1/2020,ARSON AND CRIMINAL DAMAGE,-2.687525810023744,5,1,1
10/1/2020,BURGLARY,-3.4132828354015428,9,3,3
10/1/2020,DOMESTIC ABUSE,-2.84142218757777,5,1,1
10/1/2020,DRUG OFFENCES,-5.521047210756954,54,8,19
10/1/2020,FRAUD AND FORGERY,-5.004433241776854,18,2,5
10/1/2020,GUN CRIME,-5.516591696004932,4,1,1
10/1/2020,HATE CRIME,-5.046798375730262,71,8,24
10/1/2020,KNIFE CRIME,-6.349843898190409,76,9,20
10/1/2020,LETHAL BARREL DISCHARGE,-4.605495532415823,27,1,4
10/1/2020,MISCELLANEOUS CRIMES AGAINST SOCIETY,-6.72782874617735,2,0,0
10/1/2020,POSSESSION OF WEAPONS,-4.5884826595502375,14,1,1
10/1/2020,PUBLIC ORDER OFFENCES,-2.27088402270884,1,0,0
10/1/2020,ROBBERY,-5.0095411478567655,16,1,1
10/1/2020,SEXUAL OFFENCES,-6.6033593531216574,44,5,16
10/1/2020,THEFT,-2.571114656038863,21,3,6
10/1/2020,VEHICLE OFFENCES,-5.885730108755685,8,0,0
10/1/2020,VIOLENCE AGAINST THE PERSON,-5.472167425940378,75,4,10
11/1/2020,ARSON AND CRIMINAL DAMAGE,-12.7586206896552,1,0,0
11/1/2020,BURGLARY,-4.699384564402223,8,0,0
11/1/2020,DOMESTIC ABUSE,-5.820482521287032,9,2,4
11/1/2020,DRUG OFFENCES,-3.808693674995078,43,6,17
11/1/2020,FRAUD AND FORGERY,-7.7865773626508386,12,1,2
11/1/2020,HATE CRIME,-3.2332638619048004,26,5,9
11/1/2020,KNIFE CRIME,-7.492054569973206,52,8,12
11/1/2020,LETHAL BARREL DISCHARGE,-4.43721505046984,26,3,5
11/1/2020,POSSESSION OF WEAPONS,-5.2493581537732386,14,1,5
11/1/2020,ROBBERY,-5.799634130015537,15,1,5
11/1/2020,SEXUAL OFFENCES,-6.1205828677071645,32,3,4
11/1/2020,THEFT,-3.2141731811746164,29,3,9
11/1/2020,VEHICLE OFFENCES,-7.576144476476539,4,0,0
11/1/2020,VIOLENCE AGAINST THE PERSON,-5.084347908919626,76,6,18
12/1/2020,ARSON AND CRIMINAL DAMAGE,-4.1871763991210065,9,1,1
12/1/2020,BURGLARY,-5.873183794608852,12,2,3
12/1/2020,DOMESTIC ABUSE,-4.32888104488807,3,1,1
12/1/2020,DRUG OFFENCES,-4.213781163382456,70,9,26
12/1/2020,FRAUD AND FORGERY,-5.1078541426362865,9,1,2
12/1/2020,GUN CRIME,-3.89972144846797,1,0,0
12/1/2020,HATE CRIME,-3.835282830422302,15,0,0
12/1/2020,KNIFE CRIME,-6.790150765038935,80,6,24
12/1/2020,LETHAL BARREL DISCHARGE,-3.651973125807348,12,1,2
12/1/2020,NFIB FRAUD,-3.46020761245675,1,0,0
12/1/2020,POSSESSION OF WEAPONS,-4.320471797995162,21,4,7
12/1/2020,ROBBERY,-3.15860721756432,20,2,11
12/1/2020,SEXUAL OFFENCES,-5.675875276830204,43,3,14
12/1/2020,THEFT,-2.544700593055519,35,4,6
12/1/2020,VEHICLE OFFENCES,-7.554559392229684,9,1,1
12/1/2020,VIOLENCE AGAINST THE PERSON,-5.541871170898787,70,5,8
1/1/2021,ARSON AND CRIMINAL DAMAGE,-5.116350747418707,3,1,1
1/1/2021,BURGLARY,-6.011188935639822,12,2,5
1/1/2021,DOMESTIC ABUSE,-4.1656098165139674,4,1,1
1/1/2021,DRUG OFFENCES,-3.844899176871092,51,3,5
1/1/2021,FRAUD AND FORGERY,-4.247891988715722,41,6,22
1/1/2021,GUN CRIME,-9.72762645914397,1,0,0
1/1/2021,HATE CRIME,-6.521620548826037,11,0,0
1/1/2021,KNIFE CRIME,-6.702763853263792,82,10,19
1/1/2021,LETHAL BARREL DISCHARGE,-3.239871883365185,17,2,4
1/1/2021,POSSESSION OF WEAPONS,-7.2820951095445885,9,0,0
1/1/2021,PUBLIC ORDER OFFENCES,-5.053329190472905,4,1,1
1/1/2021,ROBBERY,-5.180492813935169,18,2,2
1/1/2021,SEXUAL OFFENCES,-5.261626615634405,24,2,4
1/1/2021,THEFT,-4.515817358750959,13,2,2
1/1/2021,VEHICLE OFFENCES,-4.457613497101896,5,0,0
1/1/2021,VIOLENCE AGAINST THE PERSON,-4.967572458783223,95,8,21
2/1/2021,ARSON AND CRIMINAL DAMAGE,-1.9661759361426372,8,2,2
2/1/2021,BURGLARY,-4.543578365094074,5,0,0
2/1/2021,DOMESTIC ABUSE,-8.231196543514681,2,0,0
2/1/2021,DRUG OFFENCES,-4.8289741741658325,52,4,5
2/1/2021,FRAUD AND FORGERY,-5.3871276962042645,5,1,1
2/1/2021,GUN CRIME,-3.50742654181466,2,0,0
2/1/2021,HATE CRIME,-6.156014976596352,20,2,5
2/1/2021,KNIFE CRIME,-6.393155248012088,219,31,102
2/1/2021,LETHAL BARREL DISCHARGE,-3.3406474262576826,8,0,0
2/1/2021,MISCELLANEOUS CRIMES AGAINST SOCIETY,-4.972826086956522,4,1,3
2/1/2021,POSSESSION OF WEAPONS,-4.525363452235842,17,2,2
2/1/2021,ROBBERY,-4.512189933207314,21,3,7
2/1/2021,SEXUAL OFFENCES,-6.096549341480567,51,5,24
2/1/2021,THEFT,-4.24675364824351,11,0,0
2/1/2021,VEHICLE OFFENCES,-6.855420852647048,6,2,2
2/1/2021,VIOLENCE AGAINST THE PERSON,-5.241695776828878,88,8,19
3/1/2021,ARSON AND CRIMINAL DAMAGE,-3.500861961215903,8,2,2
3/1/2021,BURGLARY,-6.117050289080395,2,0,0
3/1/2021,DOMESTIC ABUSE,-4.029597045344423,6,1,2
3/1/2021,DRUG OFFENCES,-3.9759894126770767,54,5,15
3/1/2021,FRAUD AND FORGERY,-5.264021114800106,27,1,7
3/1/2021,GUN CRIME,-4.202375069988289,8,1,4
3/1/2021,HATE CRIME,-3.0752812864540977,78,4,21
3/1/2021,KNIFE CRIME,-7.171187431913826,115,16,45
3/1/2021,LETHAL BARREL DISCHARGE,-3.9826254476145557,17,1,1
3/1/2021,MISCELLANEOUS CRIMES AGAINST SOCIETY,-5.16499282639885,1,0,0
3/1/2021,POSSESSION OF WEAPONS,-4.55924216898775,9,0,0
3/1/2021,PUBLIC ORDER OFFENCES,-6.455461581945475,2,0,0
3/1/2021,ROBBERY,-4.184961252539109,15,2,6
3/1/2021,SEXUAL OFFENCES,-4.94120426951986,75,4,12
3/1/2021,THEFT,-4.3239862175000905,27,2,6
3/1/2021,VEHICLE OFFENCES,-4.005747803604973,3,0,0
3/1/2021,VIOLENCE AGAINST THE PERSON,-4.205909665318064,164,12,48
4/1/2021,ARSON AND CRIMINAL DAMAGE,-3.2799953576358636,9,1,2
4/1/2021,BURGLARY,-3.819618606740747,11,0,0
4/1/2021,DOMESTIC ABUSE,-3.411816289636868,4,0,0
4/1/2021,DRUG OFFENCES,-4.6357859670788635,58,5,25
4/1/2021,FRAUD AND FORGERY,-4.851795247731037,17,2,2
4/1/2021,HATE CRIME,-4.855516405997417,40,5,10
4/1/2021,KNIFE CRIME,-5.698647382567964,163,16,61
4/1/2021,LETHAL BARREL DISCHARGE,-5.125887650315439,16,0,0
4/1/2021,POSSESSION OF WEAPONS,-0.889627668688161,62,6,31
4/1/2021,PUBLIC ORDER OFFENCES,-4.332928761934215,2,0,0
4/1/2021,ROBBERY,-3.162032626000659,25,1,6
4/1/2021,SEXUAL OFFENCES,-5.239936317639113,28,2,4
4/1/2021,THEFT,-2.4054273640078496,31,3,8
4/1/2021,VEHICLE OFFENCES,-5.08540232162934,7,1,1
4/1/2021,VIOLENCE AGAINST THE PERSON,-5.459994433756674,155,19,66
5/1/2021,ARSON AND CRIMINAL DAMAGE,-2.3559154884670455,44,7,24
5/1/2021,BURGLARY,-5.631637147800772,4,0,0
5/1/2021,DOMESTIC ABUSE,-4.151434211001393,3,0,0
5/1/2021,DRUG OFFENCES,-5.111795138420513,58,7,23
5/1/2021,FRAUD AND FORGERY,-6.4184376083782775,37,2,7
5/1/2021,GUN CRIME,-5.354675334317118,12,2,5
5/1/2021,HATE CRIME,-5.046999590289339,87,8,30
5/1/2021,KNIFE CRIME,-4.963517940162916,144,20,53
5/1/2021,LETHAL BARREL DISCHARGE,-4.182338164208875,127,14,61
5/1/2021,MISCELLANEOUS CRIMES AGAINST SOCIETY,-4.19463087248322,1,0,0
5/1/2021,POSSESSION OF WEAPONS,-4.641805208341533,27,3,8
5/1/2021,PUBLIC ORDER OFFENCES,-5.3156146179402,1,0,0
5/1/2021,ROBBERY,-4.646456190846737,6,0,0
5/1/2021,SEXUAL OFFENCES,-6.044926995725276,52,6,15
5/1/2021,THEFT,-4.3034079560216565,28,3,6
5/1/2021,VEHICLE OFFENCES,-5.61514342054179,4,0,0
5/1/2021,VIOLENCE AGAINST THE PERSON,-4.748524966502478,192,20,69
6/1/2021,ARSON AND CRIMINAL DAMAGE,-1.5940437462202657,28,1,11
6/1/2021,DOMESTIC ABUSE,-6.849373517847425,2,0,0
6/1/2021,DRUG OFFENCES,-5.342776694870087,51,5,13
6/1/2021,FRAUD AND FORGERY,-4.073727502027426,8,0,0
6/1/2021,GUN CRIME,-7.084953149388686,7,1,3
6/1/2021,HATE CRIME,-4.266050854093613,35,2,8
6/1/2021,KNIFE CRIME,-5.408294900755551,173,14,49
6/1/2021,LETHAL BARREL DISCHARGE,-5.081240462205928,141,14,66
6/1/2021,POSSESSION OF WEAPONS,-3.764708020575519,33,5,10
6/1/2021,PUBLIC ORDER OFFENCES,-4.7146539670108645,12,3,5
6/1/2021,ROBBERY,-3.6224590074598666,8,0,0
6/1/2021,SEXUAL OFFENCES,-5.706270563074474,54,6,23
6/1/2021,THEFT,-3.4283124863692365,21,1,6
6/1/2021,VEHICLE OFFENCES,-5.9224556922106455,8,1,1
6/1/2021,VIOLENCE AGAINST THE PERSON,-5.384723515605553,184,17,59
7/1/2021,ARSON AND CRIMINAL DAMAGE,-2.6322391689603006,16,1,2
7/1/2021,BURGLARY,-4.154322111718105,5,0,0
7/1/2021,DRUG OFFENCES,-5.649203282520726,51,6,26
7/1/2021,FRAUD AND FORGERY,-4.345865760729061,62,5,32
7/1/2021,HATE CRIME,-4.355854136765539,58,4,32
7/1/2021,KNIFE CRIME,-6.50443253351079,192,21,70
7/1/2021,LETHAL BARREL DISCHARGE,-6.602127584675878,8,0,0
7/1/2021,POSSESSION OF WEAPONS,-3.581144099648051,31,5,15
7/1/2021,PUBLIC ORDER OFFENCES,-3.09737098344693,2,0,0
7/1/2021,ROBBERY,-4.293832813145157,36,3,17
7/1/2021,SEXUAL OFFENCES,-6.7062404340800095,36,3,16
7/1/2021,THEFT,-2.717650626467507,26,4,6
7/1/2021,VEHICLE OFFENCES,-8.309608602420958,15,1,4
7/1/2021,VIOLENCE AGAINST THE PERSON,-6.069816230844386,170,11,59
8/1/2021,ARSON AND CRIMINAL DAMAGE,-3.2317149949319735,18,2,2
8/1/2021,BURGLARY,-5.339160662682151,5,0,0
8/1/2021,DOMESTIC ABUSE,-3.1782191134705498,2,0,0
8/1/2021,DRUG OFFENCES,-4.192106030481971,65,5,23
8/1/2021,FRAUD AND FORGERY,-6.9759630732014095,25,4,13
8/1/2021,GUN CRIME,-7.212205270457694,2,0,0
8/1/2021,HATE CRIME,-4.472140441081841,38,3,17
8/1/2021,KNIFE CRIME,-5.62786457775964,142,12,52
8/1/2021,LETHAL BARREL DISCHARGE,-5.5796962967254915,53,5,22
8/1/2021,NFIB FRAUD,-6.36363636363636,1,0,0
8/1/2021,POSSESSION OF WEAPONS,-3.847649408921153,18,0,0
8/1/2021,ROBBERY,-4.7088868367140355,18,2,3
8/1/2021,SEXUAL OFFENCES,-5.007866146246266,45,3,7
8/1/2021,THEFT,-2.1148624739513395,10,2,3
8/1/2021,VEHICLE OFFENCES,-5.441770164320745,6,1,1
8/1/2021,VIOLENCE AGAINST THE PERSON,-5.342601144364479,224,17,84
9/1/2021,ARSON AND CRIMINAL DAMAGE,-2.6145595086317788,13,0,0
9/1/2021,BURGLARY,-7.680204271764255,2,0,0
9/1/2021,DOMESTIC ABUSE,0.549450549450549,1,0,0
9/1/2021,DRUG OFFENCES,-2.3303672286080266,45,4,15
9/1/2021,FRAUD AND FORGERY,-3.260657662125379,36,4,16
9/1/2021,GUN CRIME,-1.44230769230769,1,0,0
9/1/2021,HATE CRIME,-4.8370195288862075,28,1,11
9/1/2021,KNIFE CRIME,-5.23473845520499,73,6,17
9/1/2021,LETHAL BARREL DISCHARGE,-4.1869671768700805,48,6,23
9/1/2021,POSSESSION OF WEAPONS,-3.9346298181173784,18,1,1
9/1/2021,PUBLIC ORDER OFFENCES,-12.5,1,0,0
9/1/2021,ROBBERY,-3.4099270316551666,10,0,0
9/1/2021,SEXUAL OFFENCES,-6.616574071206182,77,4,23
9/1/2021,THEFT,-2.1906288403901955,17,0,0
9/1/2021,VEHICLE OFFENCES,-4.56536154561764,13,0,0
9/1/2021,VIOLENCE AGAINST THE PERSON,-4.22575706569826,218,16,91
10/1/2021,ARSON AND CRIMINAL DAMAGE,-3.281992385944372,14,1,1
10/1/2021,BURGLARY,-2.250859434975902,23,2,6
10/1/2021,DOMESTIC ABUSE,-2.0316130292563943,14,1,11
10/1/2021,DRUG OFFENCES,-4.1008490734313945,68,7,31
10/1/2021,FRAUD AND FORGERY,-5.938862166590402,28,2,13
10/1/2021,HATE CRIME,-6.538140284826032,60,6,34
10/1/2021,KNIFE CRIME,-5.28992997758029,195,14,87
10/1/2021,LETHAL BARREL DISCHARGE,-4.477237214525265,60,7,29
10/1/2021,POSSESSION OF WEAPONS,-4.475633797531275,20,2,4
10/1/2021,PUBLIC ORDER OFFENCES,-8.41042893187553,1,0,0
10/1/2021,ROBBERY,-6.82522809814864,2,0,0
10/1/2021,SEXUAL OFFENCES,-5.9032577568322635,77,9,25
10/1/2021,THEFT,-4.140001265870781,15,0,0
10/1/2021,VEHICLE OFFENCES,-4.838818161500882,10,1,1
10/1/2021,VIOLENCE AGAINST THE PERSON,-5.701916731558227,112,7,27
11/1/2021,ARSON AND CRIMINAL DAMAGE,-3.2362924478253965,14,0,0
11/1/2021,BURGLARY,-5.106036228527484,25,3,11
11/1/2021,DOMESTIC ABUSE,-4.613280246029108,7,1,2
11/1/2021,DRUG OFFENCES,-4.727183037268251,57,6,26
11/1/2021,FRAUD AND FORGERY,-4.514874876773048,13,2,3
11/1/2021,GUN CRIME,0.941915227629513,1,0,0
11/1/2021,HATE CRIME,-4.241856729287121,22,0,0
11/1/2021,KNIFE CRIME,-6.181017619555314,127,14,56
11/1/2021,LETHAL BARREL DISCHARGE,-5.919560390002883,59,7,22
11/1/2021,POSSESSION OF WEAPONS,-4.686151021148499,32,2,14
11/1/2021,PUBLIC ORDER OFFENCES,-9.15032679738562,1,0,0
11/1/2021,ROBBERY,-5.407004604038263,13,1,2
11/1/2021,SEXUAL OFFENCES,-5.91395944780395,24,1,1
11/1/2021,THEFT,-2.2517271997392405,18,1,2
11/1/2021,VEHICLE OFFENCES,-4.557346764787412,5,1,1
11/1/2021,VIOLENCE AGAINST THE PERSON,-5.191843256790088,185,16,99
12/1/2021,ARSON AND CRIMINAL DAMAGE,-2.958310127483308,17,1,5
12/1/2021,BURGLARY,-1.8815195874976842,9,0,0
12/1/2021,DOMESTIC ABUSE,-3.40477930938457,2,0,0
12/1/2021,DRUG OFFENCES,-4.1669195618487,53,4,13
12/1/2021,FRAUD AND FORGERY,-4.494110598291474,11,0,0
12/1/2021,GUN CRIME,-7.62411347517731,1,0,0
12/1/2021,HATE CRIME,-5.2259175380115455,54,6,30
12/1/2021,KNIFE CRIME,-5.6927536699225,100,10,49
12/1/2021,LETHAL BARREL DISCHARGE,-3.6492493330983726,30,2,14
12/1/2021,POSSESSION OF WEAPONS,-1.9682166717699083,22,3,12
12/1/2021,ROBBERY,-2.7210994910370316,14,0,0
12/1/2021,SEXUAL OFFENCES,-6.348717564148413,60,6,27
12/1/2021,THEFT,-4.528621537723333,24,4,9
12/1/2021,VEHICLE OFFENCES,-4.7907974378562646,2,0,0
12/1/2021,VIOLENCE AGAINST THE PERSON,-3.6682406396000737,121,7,39
1/1/2022,ARSON AND CRIMINAL DAMAGE,-6.936887142071672,23,1,11
1/1/2022,BURGLARY,-3.561017578156732,10,2,2
1/1/2022,DOMESTIC ABUSE,-3.886985879589226,8,1,5
1/1/2022,DRUG OFFENCES,-3.175414685212838,58,2,12
1/1/2022,FRAUD AND FORGERY,-7.561407529622855,9,0,0
1/1/2022,GUN CRIME,-5.3639846743295,1,0,0
1/1/2022,HATE CRIME,-7.380587351256817,32,3,9
1/1/2022,KNIFE CRIME,-6.54838341455655,124,13,39
1/1/2022,LETHAL BARREL DISCHARGE,-3.93048136008758,22,2,13
1/1/2022,MISCELLANEOUS CRIMES AGAINST SOCIETY,-9.30555555555556,1,0,0
1/1/2022,POSSESSION OF WEAPONS,-3.548618161516893,34,3,13
1/1/2022,ROBBERY,-6.079404753423609,22,2,7
1/1/2022,SEXUAL OFFENCES,-4.660811068817081,64,3,13
1/1/2022,THEFT,-2.200749710416067,23,1,7
1/1/2022,VEHICLE OFFENCES,-4.623446717710561,2,0,0
1/1/2022,VIOLENCE AGAINST THE PERSON,-4.778359564691837,113,6,32
2/1/2022,ARSON AND CRIMINAL DAMAGE,-2.2492595960102406,15,1,5
2/1/2022,BURGLARY,-5.308874092654188,5,1,1
2/1/2022,DOMESTIC ABUSE,-5.249589280207432,7,0,0
2/1/2022,DRUG OFFENCES,-3.9940151756148086,24,2,3
2/1/2022,FRAUD AND FORGERY,-5.717883057251685,15,0,0
2/1/2022,GUN CRIME,-3.123431808984215,2,0,0
2/1/2022,HATE CRIME,-5.318744755856167,44,3,8
2/1/2022,KNIFE CRIME,-6.265094963416441,100,8,43
2/1/2022,LETHAL BARREL DISCHARGE,-5.365159732245671,15,2,2
2/1/2022,POSSESSION OF WEAPONS,-4.30101367341072,63,5,28
2/1/2022,ROBBERY,-3.7820299615685786,12,0,0
2/1/2022,SEXUAL OFFENCES,-6.218854311977649,87,11,39
2/1/2022,THEFT,-4.6064833786736035,14,0,0
2/1/2022,VEHICLE OFFENCES,-2.691265069942047,8,1,2
2/1/2022,VIOLENCE AGAINST THE PERSON,-4.833501199992855,114,7,25
3/1/2022,ARSON AND CRIMINAL DAMAGE,-2.7032709069002108,10,0,0
3/1/2022,BURGLARY,-2.924474824229269,13,1,6
3/1/2022,DOMESTIC ABUSE,-6.211038478279858,12,2,5
3/1/2022,DRUG OFFENCES,-3.092616088670734,30,3,4
3/1/2022,FRAUD AND FORGERY,-2.317254597139739,5,0,0
3/1/2022,GUN CRIME,-5.1063829787234,1,0,0
3/1/2022,HATE CRIME,-5.232347399732626,20,0,0
3/1/2022,KNIFE CRIME,-6.050576591784485,77,8,22
3/1/2022,LETHAL BARREL DISCHARGE,-3.4563932275898,27,1,11
3/1/2022,NFIB FRAUD,-4.73537604456825,1,0,0
3/1/2022,POSSESSION OF WEAPONS,-5.336653066023441,39,3,13
3/1/2022,PUBLIC ORDER OFFENCES,-7.097122302158275,2,0,0
3/1/2022,ROBBERY,-2.748587879606672,27,2,10
3/1/2022,SEXUAL OFFENCES,-5.992480331314469,43,4,18
3/1/2022,THEFT,-4.568304405031746,18,1,2
3/1/2022,VEHICLE OFFENCES,-5.09197301028387,8,1,1
3/1/2022,VIOLENCE AGAINST THE PERSON,-4.892014111734416,184,11,72
4/1/2022,ARSON AND CRIMINAL DAMAGE,-3.539897648166268,9,0,0
4/1/2022,BURGLARY,-6.361475834952967,6,1,1
4/1/2022,DOMESTIC ABUSE,-4.2146005874534085,5,2,3
4/1/2022,DRUG OFFENCES,-4.25914709233014,51,8,15
4/1/2022,FRAUD AND FORGERY,-5.6009919829987505,34,5,15
4/1/2022,GUN CRIME,-2.24215246636771,1,0,0
4/1/2022,HATE CRIME,-4.138188358294621,14,0,0
4/1/2022,KNIFE CRIME,-6.157238940213939,124,9,37
4/1/2022,LETHAL BARREL DISCHARGE,-3.623849362829016,27,1,9
4/1/2022,POSSESSION OF WEAPONS,-6.259507542198658,27,2,10
4/1/2022,ROBBERY,-4.85589900937556,30,2,16
4/1/2022,SEXUAL OFFENCES,-6.098904694090437,96,8,44
4/1/2022,THEFT,-2.9324813158612963,15,1,2
4/1/2022,VEHICLE OFFENCES,-5.685782506901356,8,2,3
4/1/2022,VIOLENCE AGAINST THE PERSON,-5.26852486616194,132,13,42
5/1/2022,ARSON AND CRIMINAL DAMAGE,-3.2726196309402096,26,2,16
5/1/2022,BURGLARY,-6.983058075325729,6,1,1
5/1/2022,DOMESTIC ABUSE,0.6170103966418663,8,1,6
5/1/2022,DRUG OFFENCES,-2.956251155559217,103,9,36
5/1/2022,FRAUD AND FORGERY,-4.741308803884283,8,0,0
5/1/2022,HATE CRIME,-3.5507856250024945,40,4,21
5/1/2022,KNIFE CRIME,-5.728876282468229,113,9,33
5/1/2022,LETHAL BARREL DISCHARGE,-4.140552758656993,26,1,1
5/1/2022,MISCELLANEOUS CRIMES AGAINST SOCIETY,-2.021640256934375,2,0,0
5/1/2022,POSSESSION OF WEAPONS,-2.761195700154929,14,0,0
5/1/2022,PUBLIC ORDER OFFENCES,-7.05679862306368,1,0,0
5/1/2022,ROBBERY,-4.029447644026999,13,1,1
5/1/2022,SEXUAL OFFENCES,-7.302823684615013,117,10,60
5/1/2022,THEFT,-4.593355650623988,17,2,2
5/1/2022,VEHICLE OFFENCES,-4.136159637773528,28,3,13
5/1/2022,VIOLENCE AGAINST THE PERSON,-4.730826295167923,115,8,29
6/1/2022,ARSON AND CRIMINAL DAMAGE,-3.4360835607267752,21,1,6
6/1/2022,BURGLARY,-6.900727600758854,9,1,2
6/1/2022,DOMESTIC ABUSE,-0.07906097945685042,17,2,13
6/1/2022,DRUG OFFENCES,-3.731786157217557,36,3,5
6/1/2022,FRAUD AND FORGERY,-7.523321821073866,13,1,2
6/1/2022,GUN CRIME,-8.5837922895358,2,0,0
6/1/2022,HATE CRIME,-3.56195178065367,13,0,0
6/1/2022,KNIFE CRIME,-5.650019396458683,105,7,22
6/1/2022,LETHAL BARREL DISCHARGE,-6.18873823791046,87,7,48
6/1/2022,POSSESSION OF WEAPONS,-4.8652111540636716,23,1,1
6/1/2022,ROBBERY,-6.053417760524458,36,4,15
6/1/2022,SEXUAL OFFENCES,-6.759523424787722,76,7,29
6/1/2022,THEFT,-5.493144107936102,15,0,0
6/1/2022,VEHICLE OFFENCES,-4.973934710592444,6,0,0
6/1/2022,VIOLENCE AGAINST THE PERSON,-4.355694207258163,148,13,53
7/1/2022,ARSON AND CRIMINAL DAMAGE,-2.2164398484450007,58,3,32
7/1/2022,BURGLARY,-4.26321232745142,3,0,0
7/1/2022,DOMESTIC ABUSE,-8.06142034548944,1,0,0
7/1/2022,DRUG OFFENCES,-4.987337134599814,42,2,12
7/1/2022,FRAUD AND FORGERY,-7.323176304603844,12,1,7
7/1/2022,HATE CRIME,-5.267318590321545,16,0,0
7/1/2022,KNIFE CRIME,-7.204663920818092,107,12,43
7/1/2022,LETHAL BARREL DISCHARGE,-4.2867028863082295,82,9,39
7/1/2022,MISCELLANEOUS CRIMES AGAINST SOCIETY,-3.27868852459016,1,0,0
7/1/2022,POSSESSION OF WEAPONS,-6.099288214396382,20,2,2
7/1/2022,PUBLIC ORDER OFFENCES,-4.414109842444345,2,0,0
7/1/2022,ROBBERY,-4.99889584484111,12,1,2
7/1/2022,SEXUAL OFFENCES,-5.560319903837356,47,3,10
7/1/2022,THEFT,-3.7571876796578096,29,1,4
7/1/2022,VEHICLE OFFENCES,-4.50395595203459,10,0,0
7/1/2022,VIOLENCE AGAINST THE PERSON,-4.326673503111858,141,14,58
8/1/2022,ARSON AND CRIMINAL DAMAGE,-2.907269634557364,26,2,9
8/1/2022,BURGLARY,-8.85372694473692,2,0,0
8/1/2022,DOMESTIC ABUSE,-7.291466642674055,4,1,2
8/1/2022,DRUG OFFENCES,-4.018173607830782,36,2,11
8/1/2022,FRAUD AND FORGERY,-2.3728223202263745,41,4,23
8/1/2022,HATE CRIME,-5.033094594450313,9,1,2
8/1/2022,KNIFE CRIME,-4.626492325427176,219,14,106
8/1/2022,LETHAL BARREL DISCHARGE,-4.991817823830539,26,2,4
8/1/2022,MISCELLANEOUS CRIMES AGAINST SOCIETY,0.62111801242236,1,0,0
8/1/2022,POSSESSION OF WEAPONS,-3.635126079377017,43,4,24
8/1/2022,ROBBERY,-8.228657212385176,4,1,1
8/1/2022,SEXUAL OFFENCES,-6.952369177449344,27,2,6
8/1/2022,THEFT,-3.4687680277611284,16,1,1
8/1/2022,VEHICLE OFFENCES,-3.87344632194395,26,2,12
8/1/2022,VIOLENCE AGAINST THE PERSON,-4.405906754413104,214,13,64
9/1/2022,ARSON AND CRIMINAL DAMAGE,-0.134180790960452,3,0,0
9/1/2022,BURGLARY,-5.516032165121584,20,2,11
9/1/2022,DOMESTIC ABUSE,-4.780112753233607,3,0,0
9/1/2022,DRUG OFFENCES,-3.199742992377989,22,2,3
9/1/2022,FRAUD AND FORGERY,-3.551365800900518,11,1,1
9/1/2022,GUN CRIME,-5.54272517321016,1,0,0
9/1/2022,HATE CRIME,-3.665509367566265,11,0,0
9/1/2022,KNIFE CRIME,-6.122965308797758,83,6,28
9/1/2022,LETHAL BARREL DISCHARGE,-3.4107725851695405,121,8,49
9/1/2022,POSSESSION OF WEAPONS,-0.2529605224594772,56,4,27
9/1/2022,PUBLIC ORDER OFFENCES,-10.2941176470588,1,0,0
9/1/2022,ROBBERY,-6.716831785596814,10,1,2
9/1/2022,SEXUAL OFFENCES,-4.437613226086063,43,5,27
9/1/2022,THEFT,-5.153163405145226,21,3,8
9/1/2022,VEHICLE OFFENCES,-4.4661248883623905,12,0,0
9/1/2022,VIOLENCE AGAINST THE PERSON,-5.192974691880597,75,5,27
10/1/2022,ARSON AND CRIMINAL DAMAGE,-2.16666666666667,2,0,0
10/1/2022,BURGLARY,-7.01051003231661,4,0,0
10/1/2022,DOMESTIC ABUSE,-4.73815461346633,1,0,0
10/1/2022,DRUG OFFENCES,-3.7452516934070887,23,3,3
10/1/2022,FRAUD AND FORGERY,-4.611362545100102,17,3,10
10/1/2022,HATE CRIME,-3.754064081211138,21,2,2
10/1/2022,KNIFE CRIME,-6.10272181953446,154,14,69
10/1/2022,LETHAL BARREL DISCHARGE,-5.015461837262932,117,11,66
10/1/2022,MISCELLANEOUS CRIMES AGAINST SOCIETY,-6.64924020632929,2,0,0
10/1/2022,POSSESSION OF WEAPONS,-4.948441310346189,13,1,1
10/1/2022,ROBBERY,-9.108525637504014,3,0,0
10/1/2022,SEXUAL OFFENCES,-5.693833008925012,59,5,24
10/1/2022,THEFT,-4.5783580819002125,61,5,33
10/1/2022,VEHICLE OFFENCES,-3.0438576399195854,6,0,0
10/1/2022,VIOLENCE AGAINST THE PERSON,-5.004901129006005,144,11,54
11/1/2022,ARSON AND CRIMINAL DAMAGE,2.680295464818837,3,1,1
11/1/2022,BURGLARY,-5.852597560789708,6,0,0
11/1/2022,DOMESTIC ABUSE,0.5098376887412401,23,2,19
11/1/2022,DRUG OFFENCES,-4.446555854405826,40,4,21
11/1/2022,FRAUD AND FORGERY,-5.695142988959691,18,1,7
11/1/2022,HATE CRIME,-3.24083702291686,120,10,82
11/1/2022,KNIFE CRIME,-4.89924290847559,179,11,68
11/1/2022,LETHAL BARREL DISCHARGE,-3.351868912024276,34,4,11
11/1/2022,POSSESSION OF WEAPONS,-3.208660323717209,30,3,17
11/1/2022,PUBLIC ORDER OFFENCES,-5.80245615510788,2,0,0
11/1/2022,ROBBERY,-4.619777595225777,8,0,0
11/1/2022,SEXUAL OFFENCES,-6.28059809471286,41,1,10
11/1/2022,THEFT,-3.9193525504975804,27,3,10
11/1/2022,VEHICLE OFFENCES,-7.840045920273056,11,1,5
11/1/2022,VIOLENCE AGAINST THE PERSON,-4.396667747617236,126,7,41
12/1/2022,ARSON AND CRIMINAL DAMAGE,-1.0020991398599322,6,0,0
12/1/2022,BURGLARY,-2.021930106340155,5,0,0
12/1/2022,DOMESTIC ABUSE,-1.0237585965318927,32,2,28
12/1/2022,DRUG OFFENCES,-3.1112953245290025,22,2,6
12/1/2022,FRAUD AND FORGERY,-3.7452967029876687,16,1,5
12/1/2022,HATE CRIME,-1.832957074075251,63,3,34
12/1/2022,KNIFE CRIME,-5.415526434862385,132,11,55
12/1/2022,LETHAL BARREL DISCHARGE,-3.3070309495234196,48,3,34
12/1/2022,MISCELLANEOUS CRIMES AGAINST SOCIETY,-5.72023428052596,11,1,10
12/1/2022,NFIB FRAUD,-1.655630550098286,5,1,2
12/1/2022,POSSESSION OF WEAPONS,-6.6117278511972986,20,1,11
12/1/2022,PUBLIC ORDER OFFENCES,-8.44338567913543,4,1,2
12/1/2022,ROBBERY,-6.060149634145099,19,1,10
12/1/2022,SEXUAL OFFENCES,-7.208712282093412,99,10,65
12/1/2022,THEFT,-3.074406049036454,12,1,1
12/1/2022,VEHICLE OFFENCES,-6.775023005922223,15,1,2
12/1/2022,VIOLENCE AGAINST THE PERSON,-5.587216460174846,175,10,90
1/1/2023,ARSON AND CRIMINAL DAMAGE,-2.448820057040598,12,0,0
1/1/2023,BURGLARY,-2.14191300168229,2,0,0
1/1/2023,DOMESTIC ABUSE,-3.717942572869931,10,1,5
1/1/2023,DRUG OFFENCES,-3.260080523396343,53,3,21
1/1/2023,FRAUD AND FORGERY,-4.225971428761069,26,2,9
1/1/2023,GUN CRIME,-4.8963417783260725,21,1,18
1/1/2023,HATE CRIME,-3.7215215372943367,86,6,53
1/1/2023,KNIFE CRIME,-6.911587801591216,86,3,26
1/1/2023,LETHAL BARREL DISCHARGE,-4.768602793007318,162,11,89
1/1/2023,POSSESSION OF WEAPONS,-5.541690701046382,72,5,52
1/1/2023,PUBLIC ORDER OFFENCES,-7.01168614357262,1,0,0
1/1/2023,ROBBERY,-5.886053716389805,67,4,40
1/1/2023,SEXUAL OFFENCES,-5.326312165294507,158,12,82
1/1/2023,THEFT,-4.652764891005657,19,2,2
1/1/2023,VEHICLE OFFENCES,-5.498175140343877,15,0,0
1/1/2023,VIOLENCE AGAINST THE PERSON,-4.772810650572915,276,20,165
2/1/2023,ARSON AND CRIMINAL DAMAGE,-2.1739163499897964,9,0,0
2/1/2023,BURGLARY,-6.244162843778244,6,1,1
2/1/2023,DOMESTIC ABUSE,-1.82516810758886,1,0,0
2/1/2023,DRUG OFFENCES,-1.4051218550394735,37,1,15
2/1/2023,FRAUD AND FORGERY,-5.653261741907915,33,6,22
2/1/2023,HATE CRIME,-2.446156005433486,42,2,24
2/1/2023,KNIFE CRIME,-5.5743943342359605,139,9,47
2/1/2023,LETHAL BARREL DISCHARGE,-3.091115139289168,64,7,29
2/1/2023,POSSESSION OF WEAPONS,-3.9964260185043226,28,4,10
2/1/2023,PUBLIC ORDER OFFENCES,-6.259862545394327,3,0,0
2/1/2023,ROBBERY,-5.029222346761883,34,3,15
2/1/2023,SEXUAL OFFENCES,-6.548158419362309,183,15,115
2/1/2023,THEFT,-5.105998944166103,18,1,5
2/1/2023,VEHICLE OFFENCES,-2.533735142995847,32,2,20
2/1/2023,VIOLENCE AGAINST THE PERSON,-3.8086083476582586,117,8,42
3/1/2023,ARSON AND CRIMINAL DAMAGE,-2.497391291560907,44,7,24
3/1/2023,BURGLARY,-3.1406474548067496,4,1,2
3/1/2023,DOMESTIC ABUSE,-4.101614446688053,14,1,8
3/1/2023,DRUG OFFENCES,-5.262571235636611,66,4,35
3/1/2023,FRAUD AND FORGERY,-4.505189890920888,15,2,4
3/1/2023,GUN CRIME,-3.4536922240242403,15,2,10
3/1/2023,HATE CRIME,-5.489561987716464,63,3,33
3/1/2023,KNIFE CRIME,-6.576748732929978,121,13,41
3/1/2023,LETHAL BARREL DISCHARGE,-6.912246812419382,74,10,35
3/1/2023,POSSESSION OF WEAPONS,-4.312550665403358,38,5,19
3/1/2023,ROBBERY,-4.529025109645672,43,4,21
3/1/2023,SEXUAL OFFENCES,-6.589385183004778,109,14,52
3/1/2023,THEFT,-3.2796672027495757,44,5,18
3/1/2023,VEHICLE OFFENCES,-4.269178144844919,9,2,2
3/1/2023,VIOLENCE AGAINST THE PERSON,-4.683659259099293,171,15,76
4/1/2023,ARSON AND CRIMINAL DAMAGE,-3.016844420143212,29,9,10
4/1/2023,BURGLARY,-5.507738383814605,31,4,13
4/1/2023,DOMESTIC ABUSE,-7.437876391324428,14,1,10
4/1/2023,DRUG OFFENCES,-3.1255499842551875,34,3,3
4/1/2023,FRAUD AND FORGERY,-1.6518228302782654,50,6,29
4/1/2023,GUN CRIME,-5.7856680167707095,5,1,1
4/1/2023,HATE CRIME,-5.954129769878768,88,3,42
4/1/2023,KNIFE CRIME,-5.7065185046451194,99,12,26
4/1/2023,LETHAL BARREL DISCHARGE,-4.032514869430606,60,11,15
4/1/2023,MISCELLANEOUS CRIMES AGAINST SOCIETY,-10.8108108108108,1,0,0
4/1/2023,POSSESSION OF WEAPONS,-5.410480407853984,38,6,19
4/1/2023,PUBLIC ORDER OFFENCES,-6.92479523454952,1,0,0
4/1/2023,ROBBERY,-5.435437086859649,15,2,2
4/1/2023,SEXUAL OFFENCES,-6.069371616501455,86,7,37
4/1/2023,THEFT,-4.473207685476448,21,2,4
4/1/2023,VEHICLE OFFENCES,-2.7853310010158396,14,1,1
4/1/2023,VIOLENCE AGAINST THE PERSON,-5.3398487421018865,221,14,98
5/1/2023,ARSON AND CRIMINAL DAMAGE,-1.7652872758892786,22,7,8
5/1/2023,BURGLARY,-4.277879787264649,6,0,0
5/1/2023,DOMESTIC ABUSE,-2.498603668688625,4,0,0
5/1/2023,DRUG OFFENCES,-3.854891944300496,63,7,23
5/1/2023,FRAUD AND FORGERY,-5.08756035973951,76,7,45
5/1/2023,GUN CRIME,-4.5192933701014235,14,1,12
5/1/2023,HATE CRIME,-5.704334823994199,25,2,8
5/1/2023,KNIFE CRIME,-5.869408649489263,272,36,111
5/1/2023,LETHAL BARREL DISCHARGE,-4.4624036586836295,95,7,22
5/1/2023,POSSESSION OF WEAPONS,-3.199931012025704,71,5,30
5/1/2023,PUBLIC ORDER OFFENCES,-6.66666666666667,1,0,0
5/1/2023,ROBBERY,-3.1653108585313294,10,2,2
5/1/2023,SEXUAL OFFENCES,-4.954449130527665,96,11,47
5/1/2023,THEFT,-3.2554637689284416,19,3,4
5/1/2023,VEHICLE OFFENCES,-6.187828232997226,58,8,37
5/1/2023,VIOLENCE AGAINST THE PERSON,-4.8919602613725575,178,9,46
6/1/2023,ARSON AND CRIMINAL DAMAGE,-1.965165300607656,19,3,3
6/1/2023,BURGLARY,-7.42431978579296,26,3,11
6/1/2023,DOMESTIC ABUSE,-2.83687943262411,1,0,0
6/1/2023,DRUG OFFENCES,-4.700973297816884,74,10,24
6/1/2023,FRAUD AND FORGERY,-3.9782104237047253,34,6,17
6/1/2023,GUN CRIME,-5.11584361367954,2,0,0
6/1/2023,HATE CRIME,-5.789395985555063,83,5,48
6/1/2023,KNIFE CRIME,-6.267608410613419,326,50,176
6/1/2023,LETHAL BARREL DISCHARGE,-5.279755407839712,97,8,50
6/1/2023,MISCELLANEOUS CRIMES AGAINST SOCIETY,-2.627084777301135,2,0,0
6/1/2023,POSSESSION OF WEAPONS,-4.355619333869944,70,5,44
6/1/2023,PUBLIC ORDER OFFENCES,-5.694371972855078,4,0,0
6/1/2023,ROBBERY,-5.264162120157178,20,2,4
6/1/2023,SEXUAL OFFENCES,-5.643618126248469,106,12,42
6/1/2023,THEFT,-5.070016642247364,29,4,10
6/1/2023,VEHICLE OFFENCES,-5.111134852233922,8,2,2
6/1/2023,VIOLENCE AGAINST THE PERSON,-5.043564989740269,224,25,76
7/1/2023,ARSON AND CRIMINAL DAMAGE,-1.8592365712715968,17,6,6
7/1/2023,BURGLARY,-5.913643499388588,11,1,4
7/1/2023,DOMESTIC ABUSE,-4.47368421052632,1,0,0
7/1/2023,DRUG OFFENCES,-3.532464851621234,94,12,42
7/1/2023,FRAUD AND FORGERY,-3.131484828046394,16,1,1
7/1/2023,GUN CRIME,-4.737607935582557,3,0,0
7/1/2023,HATE CRIME,-4.022894494723255,45,2,22
7/1/2023,KNIFE CRIME,-5.008248481887897,178,32,72
7/1/2023,LETHAL BARREL DISCHARGE,-5.007034384476241,45,8,19
7/1/2023,MISCELLANEOUS CRIMES AGAINST SOCIETY,-0.214592274678111,1,0,0
7/1/2023,POSSESSION OF WEAPONS,-4.267761676806415,54,6,29
7/1/2023,PUBLIC ORDER OFFENCES,-9.813949871166999,3,0,0
7/1/2023,ROBBERY,-6.247777806031606,37,3,19
7/1/2023,SEXUAL OFFENCES,-4.6251448210616415,183,13,123
7/1/2023,THEFT,-5.2727964382412225,38,4,20
7/1/2023,VEHICLE OFFENCES,-3.6264197759899424,137,20,86
7/1/2023,VIOLENCE AGAINST THE PERSON,-4.427405780726128,347,35,197
8/1/2023,ARSON AND CRIMINAL DAMAGE,-1.9636595997834008,53,7,32
8/1/2023,BURGLARY,-1.6591548455685634,11,1,3
8/1/2023,DOMESTIC ABUSE,-4.092301409025935,2,0,0
8/1/2023,DRUG OFFENCES,-4.104709125049817,71,7,19
8/1/2023,FRAUD AND FORGERY,-3.432738458286982,24,2,10
8/1/2023,HATE CRIME,-4.005419648165346,89,10,40
8/1/2023,KNIFE CRIME,-6.072545105077055,492,57,348
8/1/2023,LETHAL BARREL DISCHARGE,-5.882607028864754,20,3,3
8/1/2023,POSSESSION OF WEAPONS,-4.23088405791688,29,5,16
8/1/2023,PUBLIC ORDER OFFENCES,-4.453003699505002,4,0,0
8/1/2023,ROBBERY,-4.0287966413801986,29,3,17
8/1/2023,SEXUAL OFFENCES,-6.210387507684387,77,8,27
8/1/2023,THEFT,-2.5366983297851684,84,5,43
8/1/2023,VEHICLE OFFENCES,-5.829130841409728,19,5,5
8/1/2023,VIOLENCE AGAINST THE PERSON,-4.985666487246768,192,22,78
9/1/2023,ARSON AND CRIMINAL DAMAGE,-2.3021481841977036,37,11,17
9/1/2023,BURGLARY,-5.971720112072899,7,0,0
9/1/2023,DOMESTIC ABUSE,-4.042803330412424,5,0,0
9/1/2023,DRUG OFFENCES,-2.495628636873064,81,12,32
9/1/2023,FRAUD AND FORGERY,-5.007897579754065,21,1,10
9/1/2023,HATE CRIME,-5.505243096628355,41,5,15
9/1/2023,KNIFE CRIME,-5.487713030583845,426,61,250
9/1/2023,LETHAL BARREL DISCHARGE,-4.906335338444824,97,9,59
9/1/2023,MISCELLANEOUS CRIMES AGAINST SOCIETY,-1.24031007751938,1,0,0
9/1/2023,POSSESSION OF WEAPONS,-2.3894962436100404,107,7,63
9/1/2023,ROBBERY,-4.189374259852313,14,1,2
9/1/2023,SEXUAL OFFENCES,-4.512119455105506,172,10,84
9/1/2023,THEFT,-1.1150281981626402,41,4,9
9/1/2023,VEHICLE OFFENCES,-8.213861383885956,22,2,11
9/1/2023,VIOLENCE AGAINST THE PERSON,-5.04303922474152,261,24,115
10/1/2023,ARSON AND CRIMINAL DAMAGE,-3.0064470803921304,24,7,7
10/1/2023,BURGLARY,-5.50625770242253,10,1,2
10/1/2023,DOMESTIC ABUSE,-7.139542888059666,21,2,17
10/1/2023,DRUG OFFENCES,-4.303727128258405,61,4,18
10/1/2023,FRAUD AND FORGERY,-3.7583697628717254,37,2,22
10/1/2023,HATE CRIME,-5.087831583747365,155,13,72
10/1/2023,KNIFE CRIME,-5.5950690515900545,275,41,169
10/1/2023,LETHAL BARREL DISCHARGE,-3.714055203774697,48,7,21
10/1/2023,POSSESSION OF WEAPONS,-2.4881295739430858,69,4,34
10/1/2023,PUBLIC ORDER OFFENCES,-10.428207996431519,19,1,11
10/1/2023,ROBBERY,-3.886721132925027,41,4,23
10/1/2023,SEXUAL OFFENCES,-5.688449116280023,63,6,20
10/1/2023,THEFT,-4.225077120534904,45,5,20
10/1/2023,VEHICLE OFFENCES,-4.971739577315073,31,3,16
10/1/2023,VIOLENCE AGAINST THE PERSON,-4.32020553626252,382,21,142
11/1/2023,ARSON AND CRIMINAL DAMAGE,-3.019015142196479,31,10,10
11/1/2023,BURGLARY,-4.464876571233098,12,1,1
11/1/2023,DOMESTIC ABUSE,-0.733784211358961,5,1,3
11/1/2023,DRUG OFFENCES,-4.683029355481107,105,10,61
11/1/2023,FRAUD AND FORGERY,-3.5150159310503257,36,5,16
11/1/2023,GUN CRIME,-5.30612244897959,1,0,0
11/1/2023,HATE CRIME,-6.109568915762976,320,23,188
11/1/2023,KNIFE CRIME,-5.527536648745534,178,33,93
11/1/2023,LETHAL BARREL DISCHARGE,-4.514535423174703,71,7,39
11/1/2023,POSSESSION OF WEAPONS,-5.204316963689619,31,5,8
11/1/2023,PUBLIC ORDER OFFENCES,-6.294877857688205,29,3,17
11/1/2023,ROBBERY,-4.5824771996667,30,1,18
11/1/2023,SEXUAL OFFENCES,-5.799261514932488,90,11,50
11/1/2023,THEFT,-3.601610222808088,61,4,26
11/1/2023,VEHICLE OFFENCES,-6.004941149064971,10,1,1
11/1/2023,VIOLENCE AGAINST THE PERSON,-5.450569557139139,247,21,86
12/1/2023,ARSON AND CRIMINAL DAMAGE,-3.346674877278114,118,14,85
12/1/2023,BURGLARY,-4.95353485168415,4,2,2
12/1/2023,DOMESTIC ABUSE,-4.655846517548644,2,0,0
12/1/2023,DRUG OFFENCES,-3.587458881506359,90,11,42
12/1/2023,FRAUD AND FORGERY,-3.895524858954095,24,1,12
12/1/2023,HATE CRIME,-5.047432214988356,55,4,18
12/1/2023,KNIFE CRIME,-5.427210407862023,339,35,196
12/1/2023,LETHAL BARREL DISCHARGE,-5.617159631300405,107,6,59
12/1/2023,POSSESSION OF WEAPONS,-4.737258865542322,40,3,21
12/1/2023,ROBBERY,-5.037768687745953,12,0,0
12/1/2023,SEXUAL OFFENCES,-6.112147641137252,68,5,34
12/1/2023,THEFT,-2.7190607680632723,73,4,40
12/1/2023,VEHICLE OFFENCES,-2.365680730410527,24,4,14
12/1/2023,VIOLENCE AGAINST THE PERSON,-4.775615597155823,267,22,139
1/1/2024,ARSON AND CRIMINAL DAMAGE,-3.7283571706996503,40,9,14
1/1/2024,BURGLARY,-7.020746097293128,6,1,1
1/1/2024,DRUG OFFENCES,-3.5053021476066166,76,12,26
1/1/2024,FRAUD AND FORGERY,-1.23520321495272,39,3,26
1/1/2024,HATE CRIME,-5.016127799553708,46,5,16
1/1/2024,KNIFE CRIME,-5.647721068198854,481,59,271
1/1/2024,LETHAL BARREL DISCHARGE,-5.1165791390820745,96,14,48
1/1/2024,MISCELLANEOUS CRIMES AGAINST SOCIETY,-4.95434737497406,2,0,0
1/1/2024,NFIB FRAUD,-6.70614048737979,2,0,0
1/1/2024,POSSESSION OF WEAPONS,-4.4128304386091655,34,3,3
1/1/2024,PUBLIC ORDER OFFENCES,3.39966832504146,1,0,0
1/1/2024,ROBBERY,-4.531411151602219,28,2,11
1/1/2024,SEXUAL OFFENCES,-5.441802422658937,85,10,39
1/1/2024,THEFT,-4.747546861063426,67,5,41
1/1/2024,VEHICLE OFFENCES,-4.561480723295632,15,3,4
1/1/2024,VIOLENCE AGAINST THE PERSON,-3.9536151097543444,340,31,177
2/1/2024,ARSON AND CRIMINAL DAMAGE,-2.576795662487687,20,2,2
2/1/2024,BURGLARY,-3.0621513317487623,8,1,2
2/1/2024,DRUG OFFENCES,-5.767858232549508,40,5,11
2/1/2024,FRAUD AND FORGERY,-5.453167840448008,18,1,3
2/1/2024,GUN CRIME,-3.993620838593925,2,0,0
2/1/2024,HATE CRIME,-3.8889758455277805,134,10,81
2/1/2024,KNIFE CRIME,-6.152251686630809,437,45,324
2/1/2024,LETHAL BARREL DISCHARGE,-5.501051231334626,55,9,35
2/1/2024,POSSESSION OF WEAPONS,-4.421239348321365,15,3,3
2/1/2024,PUBLIC ORDER OFFENCES,-7.426746043487347,19,1,12
2/1/2024,ROBBERY,-4.78345634149027,59,6,41
2/1/2024,SEXUAL OFFENCES,-7.077225411082988,125,13,77
2/1/2024,THEFT,-2.637379370145506,24,1,2
2/1/2024,VEHICLE OFFENCES,-6.2320549988542115,17,1,14
2/1/2024,VIOLENCE AGAINST THE PERSON,-4.487351747874457,794,69,433
3/1/2024,ARSON AND CRIMINAL DAMAGE,-2.3221610716253056,38,7,13
3/1/2024,BURGLARY,-4.362979736951501,20,2,7
3/1/2024,DOMESTIC ABUSE,-5.96542464572022,2,0,0
3/1/2024,DRUG OFFENCES,-4.769170376394945,89,17,40
3/1/2024,FRAUD AND FORGERY,-6.393614606439951,18,2,8
3/1/2024,GUN CRIME,-6.111451383572133,4,1,1
3/1/2024,HATE CRIME,-4.774647008941828,81,7,28
3/1/2024,KNIFE CRIME,-6.2157087741661385,298,32,180
3/1/2024,LETHAL BARREL DISCHARGE,-5.350913260486623,188,17,112
3/1/2024,MISCELLANEOUS CRIMES AGAINST SOCIETY,-7.27272727272727,1,0,0
3/1/2024,POSSESSION OF WEAPONS,-4.052393785459849,72,4,46
3/1/2024,PUBLIC ORDER OFFENCES,-2.915951972555745,2,0,0
3/1/2024,ROBBERY,-6.119667886023093,29,3,18
3/1/2024,SEXUAL OFFENCES,-5.720351382049889,94,9,45
3/1/2024,THEFT,-2.702162899921184,77,9,39
3/1/2024,VEHICLE OFFENCES,-4.915486712438537,23,4,11
3/1/2024,VIOLENCE AGAINST THE PERSON,-4.913480636972647,227,21,78
4/1/2024,ARSON AND CRIMINAL DAMAGE,-4.365129925024636,64,8,39
4/1/2024,BURGLARY,-7.125600706483063,5,0,0
4/1/2024,DOMESTIC ABUSE,-1.9215056294921675,2,0,0
4/1/2024,DRUG OFFENCES,-4.864476360086492,80,10,35
4/1/2024,FRAUD AND FORGERY,-5.692596365851556,59,5,35
4/1/2024,GUN CRIME,-3.77358490566038,2,1,1
4/1/2024,HATE CRIME,-2.485036001708508,83,5,47
4/1/2024,KNIFE CRIME,-6.201724051159935,312,39,195
4/1/2024,LETHAL BARREL DISCHARGE,-5.192107860587852,112,13,84
4/1/2024,MISCELLANEOUS CRIMES AGAINST SOCIETY,-7.2557140665746305,2,0,0
4/1/2024,NFIB FRAUD,-3.025227213392222,5,0,0
4/1/2024,POSSESSION OF WEAPONS,-4.9647022849113505,30,5,5
4/1/2024,PUBLIC ORDER OFFENCES,-3.8683712849191147,4,1,1
4/1/2024,ROBBERY,-4.8134852775028225,21,1,7
4/1/2024,SEXUAL OFFENCES,-6.651251578797834,55,9,21
4/1/2024,THEFT,-4.34616500419454,104,11,72
4/1/2024,VEHICLE OFFENCES,-2.5524048321640986,31,6,15
4/1/2024,VIOLENCE AGAINST THE PERSON,-5.454456061845667,225,24,92
5/1/2024,ARSON AND CRIMINAL DAMAGE,-4.983287580326861,30,4,14
5/1/2024,BURGLARY,-6.765323653115829,11,1,1
5/1/2024,DOMESTIC ABUSE,-7.176056740200151,9,1,5
5/1/2024,DRUG OFFENCES,-3.1431194050453377,70,8,32
5/1/2024,FRAUD AND FORGERY,-3.9819800462105097,24,2,3
5/1/2024,GUN CRIME,-4.433759115156855,2,0,0
5/1/2024,HATE CRIME,-5.369633541229376,71,7,31
5/1/2024,KNIFE CRIME,-5.417412525146316,290,32,147
5/1/2024,LETHAL BARREL DISCHARGE,-4.767249054287632,141,13,88
5/1/2024,MISCELLANEOUS CRIMES AGAINST SOCIETY,-2.47787610619469,7,1,6
5/1/2024,NFIB FRAUD,-2.1043771043771,1,0,0
5/1/2024,POSSESSION OF WEAPONS,-4.692637764793295,48,5,10
5/1/2024,PUBLIC ORDER OFFENCES,-4.820419463723595,2,0,0
5/1/2024,ROBBERY,-4.123074437132349,70,5,43
5/1/2024,SEXUAL OFFENCES,-6.121614781300312,66,9,25
5/1/2024,THEFT,-5.13632331698154,18,1,1
5/1/2024,VEHICLE OFFENCES,-3.4846529157911244,5,2,2
5/1/2024,VIOLENCE AGAINST THE PERSON,-4.728447838095765,476,39,264
6/1/2024,ARSON AND CRIMINAL DAMAGE,-1.9087727245969717,19,5,7
6/1/2024,BURGLARY,-6.45762376333382,8,1,1
6/1/2024,DRUG OFFENCES,-4.250885302583393,60,13,18
6/1/2024,FRAUD AND FORGERY,-5.370484821362149,7,0,0
6/1/2024,GUN CRIME,-5.767818624076369,3,1,1
6/1/2024,HATE CRIME,-4.249591175412816,36,4,24
6/1/2024,KNIFE CRIME,-5.69032564247932,194,31,125
6/1/2024,LETHAL BARREL DISCHARGE,-4.896258735984791,63,6,36
6/1/2024,MISCELLANEOUS CRIMES AGAINST SOCIETY,-5.98290598290598,1,0,0
6/1/2024,POSSESSION OF WEAPONS,-5.418139229171636,39,3,15
6/1/2024,PUBLIC ORDER OFFENCES,-1.62162162162162,10,1,9
6/1/2024,ROBBERY,-6.086871173024895,48,3,31
6/1/2024,SEXUAL OFFENCES,-4.996996200197091,50,6,19
6/1/2024,THEFT,-3.5754900741161535,40,2,18
6/1/2024,VEHICLE OFFENCES,-4.84596762206155,8,0,0
6/1/2024,VIOLENCE AGAINST THE PERSON,-4.5041225675560055,261,21,147
7/1/2024,ARSON AND CRIMINAL DAMAGE,-2.4777475961801168,21,1,11
7/1/2024,BURGLARY,-5.503007576890571,18,4,4
7/1/2024,DRUG OFFENCES,-4.405062823454058,65,6,28
7/1/2024,FRAUD AND FORGERY,-5.473870556884248,11,1,6
7/1/2024,HATE CRIME,-4.524081665223871,13,0,0
7/1/2024,KNIFE CRIME,-6.171691470003958,256,41,130
7/1/2024,LETHAL BARREL DISCHARGE,-5.090808990140032,105,9,65
7/1/2024,POSSESSION OF WEAPONS,-4.799271821992374,47,5,24
7/1/2024,PUBLIC ORDER OFFENCES,-10.186692267841009,25,1,18
7/1/2024,ROBBERY,-4.378791697366541,17,1,3
7/1/2024,SEXUAL OFFENCES,-5.47807237743218,97,14,44
7/1/2024,THEFT,-4.994265824614919,21,2,9
7/1/2024,VEHICLE OFFENCES,-3.5564613137596366,10,2,2
7/1/2024,VIOLENCE AGAINST THE PERSON,-4.250344180244141,228,25,114
8/1/2024,ARSON AND CRIMINAL DAMAGE,-1.3673540113742926,42,4,18
8/1/2024,BURGLARY,-4.269280694613798,35,3,21
8/1/2024,DOMESTIC ABUSE,-2.5997567723439303,2,0,0
8/1/2024,DRUG OFFENCES,-4.693951404714884,29,5,6
8/1/2024,FRAUD AND FORGERY,-4.451236542185079,25,1,11
8/1/2024,GUN CRIME,-2.36686390532544,2,0,0
8/1/2024,HATE CRIME,-6.466054948380634,106,6,53
8/1/2024,KNIFE CRIME,-5.489153644586777,539,47,356
8/1/2024,LETHAL BARREL DISCHARGE,-4.866231303823398,52,7,20
8/1/2024,POSSESSION OF WEAPONS,-4.892483510257271,24,3,8
8/1/2024,PUBLIC ORDER OFFENCES,-7.862508282865495,124,12,82
8/1/2024,ROBBERY,-6.704151319358928,11,1,6
8/1/2024,SEXUAL OFFENCES,-4.700583297253902,70,8,43
8/1/2024,THEFT,-4.761465805933817,32,4,15
8/1/2024,VEHICLE OFFENCES,-5.317611659106677,14,3,5
8/1/2024,VIOLENCE AGAINST THE PERSON,-5.402499710745797,201,14,84
9/1/2024,ARSON AND CRIMINAL DAMAGE,-3.1450694383456193,12,1,1
9/1/2024,BURGLARY,-3.7500533433124064,32,2,22
9/1/2024,DOMESTIC ABUSE,-4.595880854363154,7,0,0
9/1/2024,DRUG OFFENCES,-3.4757922766302034,58,7,23
9/1/2024,FRAUD AND FORGERY,-4.22889912996282,6,0,0
9/1/2024,GUN CRIME,-6.622023163699595,13,2,10
9/1/2024,HATE CRIME,-2.8587119038318765,26,2,7
9/1/2024,KNIFE CRIME,-5.592964748235517,212,26,101
9/1/2024,LETHAL BARREL DISCHARGE,-5.056573876517197,138,16,78
9/1/2024,POSSESSION OF WEAPONS,-4.934399699900918,46,3,18
9/1/2024,PUBLIC ORDER OFFENCES,-8.417392491728217,13,1,7
9/1/2024,ROBBERY,-3.3479108421497514,20,3,9
9/1/2024,SEXUAL OFFENCES,-5.046314941229367,115,10,54
9/1/2024,THEFT,-2.898713905953335,70,6,35
9/1/2024,VEHICLE OFFENCES,-4.909680529550262,5,0,0
9/1/2024,VIOLENCE AGAINST THE PERSON,-4.558173400047585,249,25,131
10/1/2024,ARSON AND CRIMINAL DAMAGE,-4.600576413519938,11,1,1
10/1/2024,BURGLARY,-7.719258006450413,13,2,5
10/1/2024,DOMESTIC ABUSE,-2.18869439799115,4,0,0
10/1/2024,DRUG OFFENCES,-4.063512403922528,104,11,53
10/1/2024,FRAUD AND FORGERY,-3.2895957983265087,15,1,1
10/1/2024,HATE CRIME,-5.145774892682003,56,4,27
10/1/2024,KNIFE CRIME,-5.854664209617964,264,42,174
10/1/2024,LETHAL BARREL DISCHARGE,-4.753067675240228,163,21,83
10/1/2024,MISCELLANEOUS CRIMES AGAINST SOCIETY,-5.174694888067269,7,1,5
10/1/2024,POSSESSION OF WEAPONS,-5.211208135935571,51,6,28
10/1/2024,ROBBERY,-3.595234571163987,18,1,1
10/1/2024,SEXUAL OFFENCES,-5.558809130098583,97,9,51
10/1/2024,THEFT,-3.641168006002075,56,4,17
10/1/2024,VEHICLE OFFENCES,-4.131435110460071,25,4,14
10/1/2024,VIOLENCE AGAINST THE PERSON,-4.842520551497317,286,25,142
11/1/2024,ARSON AND CRIMINAL DAMAGE,-6.424809509748741,3,0,0
11/1/2024,BURGLARY,-0.937500372821936,23,3,16
11/1/2024,DOMESTIC ABUSE,-3.9682227296990917,10,1,1
11/1/2024,DRUG OFFENCES,-5.162807960956238,73,7,33
11/1/2024,FRAUD AND FORGERY,-3.6756549186041885,14,2,2
11/1/2024,GUN CRIME,-2.94117647058824,2,1,1
11/1/2024,HATE CRIME,-4.6619003382612725,31,2,10
11/1/2024,KNIFE CRIME,-5.921206198332549,219,29,132
11/1/2024,LETHAL BARREL DISCHARGE,-4.638726077035113,107,14,63
11/1/2024,POSSESSION OF WEAPONS,-4.641549962515639,19,1,3
11/1/2024,PUBLIC ORDER OFFENCES,-7.01563899581182,2,0,0
11/1/2024,ROBBERY,-6.332827499354182,23,2,11
11/1/2024,SEXUAL OFFENCES,-5.08575384267452,79,7,36
11/1/2024,THEFT,-2.964801772091641,42,6,20
11/1/2024,VEHICLE OFFENCES,-2.491029324546567,22,2,11
11/1/2024,VIOLENCE AGAINST THE PERSON,-3.6520732322312823,165,18,62
12/1/2024,ARSON AND CRIMINAL DAMAGE,-4.869979346918618,13,1,5
12/1/2024,BURGLARY,-4.441366240617277,13,2,2
12/1/2024,DOMESTIC ABUSE,0.2197802197802195,2,0,0
12/1/2024,DRUG OFFENCES,-5.552368481433789,62,7,26
12/1/2024,FRAUD AND FORGERY,-5.248970587218234,24,2,11
12/1/2024,HATE CRIME,-3.616568705319733,7,1,1
12/1/2024,KNIFE CRIME,-5.801900540816635,101,17,36
12/1/2024,LETHAL BARREL DISCHARGE,-4.810995224744201,62,9,24
12/1/2024,POSSESSION OF WEAPONS,-4.4335739328188275,25,2,10
12/1/2024,ROBBERY,-4.022475320962584,12,1,1
12/1/2024,SEXUAL OFFENCES,-5.463066448096492,82,6,40
12/1/2024,THEFT,-4.836364196461664,21,1,2
12/1/2024,VEHICLE OFFENCES,-5.594724256321477,12,2,3
12/1/2024,VIOLENCE AGAINST THE PERSON,-5.331826190256928,214,33,85
1/1/2025,ARSON AND CRIMINAL DAMAGE,-2.745671890795215,2,0,0
1/1/2025,BURGLARY,-5.357027672662953,13,1,1
1/1/2025,DOMESTIC ABUSE,-5.456348229562116,13,2,7
1/1/2025,DRUG OFFENCES,-4.9687786671819865,67,4,31
1/1/2025,FRAUD AND FORGERY,-6.497743697896655,11,1,4
1/1/2025,HATE CRIME,-5.525080484040063,22,2,8
1/1/2025,KNIFE CRIME,-5.312823847164499,320,41,169
1/1/2025,LETHAL BARREL DISCHARGE,-6.1350344638684255,37,4,21
1/1/2025,MISCELLANEOUS CRIMES AGAINST SOCIETY,-0.242718446601942,1,0,0
1/1/2025,POSSESSION OF WEAPONS,-5.371038639431384,47,4,24
1/1/2025,PUBLIC ORDER OFFENCES,3.98009950248756,1,0,0
1/1/2025,ROBBERY,-4.919469328078879,27,4,13
1/1/2025,SEXUAL OFFENCES,-5.004003358640211,124,16,74
1/1/2025,THEFT,-8.045932858319157,57,8,33
1/1/2025,VEHICLE OFFENCES,-4.976138203914933,9,2,2
1/1/2025,VIOLENCE AGAINST THE PERSON,-5.18005023115036,190,24,74
2/1/2025,ARSON AND CRIMINAL DAMAGE,-1.8536824588076013,7,0,0
2/1/2025,BURGLARY,-4.712923733504081,22,3,12
2/1/2025,DOMESTIC ABUSE,-0.37910869126840324,3,1,1
2/1/2025,DRUG OFFENCES,-3.040281032488017,39,3,18
2/1/2025,FRAUD AND FORGERY,-4.293040582480773,24,2,11
2/1/2025,HATE CRIME,-5.42645139127307,37,3,23
2/1/2025,KNIFE CRIME,-6.879140511869016,263,28,187
2/1/2025,LETHAL BARREL DISCHARGE,-4.695502202354267,65,6,36
2/1/2025,MISCELLANEOUS CRIMES AGAINST SOCIETY,-2.5552072992901036,3,0,0
2/1/2025,POSSESSION OF WEAPONS,-4.89156324278341,46,4,18
2/1/2025,ROBBERY,-4.733280554709017,39,3,6
2/1/2025,SEXUAL OFFENCES,-5.089671229897243,86,9,51
2/1/2025,THEFT,-2.9951439481174043,71,5,41
2/1/2025,VEHICLE OFFENCES,-5.035535120854141,11,1,1
2/1/2025,VIOLENCE AGAINST THE PERSON,-4.205406639651024,150,15,69
3/1/2025,ARSON AND CRIMINAL DAMAGE,-2.711732535424512,24,3,13
3/1/2025,BURGLARY,-4.97066436969095,24,3,8
3/1/2025,DOMESTIC ABUSE,-6.966891975010019,35,2,26
3/1/2025,DRUG OFFENCES,-4.477910089864972,74,7,34
3/1/2025,FRAUD AND FORGERY,-4.1462327045360885,7,0,0
3/1/2025,GUN CRIME,-3.068059407302145,2,0,0
3/1/2025,HATE CRIME,-5.17022566441763,6,0,0
3/1/2025,KNIFE CRIME,-6.51411178518846,177,25,89
3/1/2025,LETHAL BARREL DISCHARGE,-4.442634948123397,129,20,74
3/1/2025,MISCELLANEOUS CRIMES AGAINST SOCIETY,-4.0,1,0,0
3/1/2025,NFIB FRAUD,-3.21733420879842,1,0,0
3/1/2025,POSSESSION OF WEAPONS,-6.260059673814186,40,4,15
3/1/2025,ROBBERY,-2.1703884501937156,33,2,16
3/1/2025,SEXUAL OFFENCES,-5.354000528143201,119,12,65
3/1/2025,THEFT,-3.9045877845881294,43,3,14
3/1/2025,VEHICLE OFFENCES,-4.508006774978108,11,2,2
3/1/2025,VIOLENCE AGAINST THE PERSON,-5.228023476348497,231,22,101
4/1/2025,ARSON AND CRIMINAL DAMAGE,-2.203280907470841,20,2,12
4/1/2025,BURGLARY,-6.809192056385351,7,0,0
4/1/2025,DRUG OFFENCES,-4.3962975067873025,81,9,36
4/1/2025,FRAUD AND FORGERY,-5.037605145601813,11,1,4
4/1/2025,GUN CRIME,-3.86064030131827,2,1,1
4/1/2025,HATE CRIME,-3.4813256650800852,15,1,7
4/1/2025,KNIFE CRIME,-6.054570121613203,259,48,146
4/1/2025,LETHAL BARREL DISCHARGE,-4.553383511916629,56,8,29
4/1/2025,POSSESSION OF WEAPONS,-5.314251472876527,16,3,3
4/1/2025,PUBLIC ORDER OFFENCES,-9.73451327433628,3,1,2
4/1/2025,ROBBERY,-4.795384222115695,22,0,0
4/1/2025,SEXUAL OFFENCES,-6.008363589716065,128,13,61
4/1/2025,THEFT,-5.265141091671016,50,3,28
4/1/2025,VEHICLE OFFENCES,-3.933685425795972,57,7,42
4/1/2025,VIOLENCE AGAINST THE PERSON,-5.080989770057721,243,20,127
5/1/2025,ARSON AND CRIMINAL DAMAGE,-6.064091986911723,82,7,37
5/1/2025,BURGLARY,-5.012200823139048,16,1,1
5/1/2025,DOMESTIC ABUSE,-4.637255641769703,3,0,0
5/1/2025,DRUG OFFENCES,-4.638377372736342,105,10,47
5/1/2025,FRAUD AND FORGERY,-4.771957971839046,8,1,2
5/1/2025,HATE CRIME,-6.355634282997428,12,3,5
5/1/2025,KNIFE CRIME,-6.980239672767966,173,23,102
5/1/2025,LETHAL BARREL DISCHARGE,-4.273251038613579,17,3,3
5/1/2025,POSSESSION OF WEAPONS,-6.165499545745056,26,2,13
5/1/2025,ROBBERY,-5.631385170267754,44,3,28
5/1/2025,SEXUAL OFFENCES,-6.85086165309804,93,13,44
5/1/2025,THEFT,-5.150213126569336,20,5,5
5/1/2025,VEHICLE OFFENCES,-5.776233035418735,2,0,0
5/1/2025,VIOLENCE AGAINST THE PERSON,-4.761092858673359,260,24,98
6/1/2025,ARSON AND CRIMINAL DAMAGE,-2.867941629054353,9,1,1
6/1/2025,BURGLARY,-3.6006995390748884,7,1,5
6/1/2025,DRUG OFFENCES,-3.95253010803453,20,1,2
6/1/2025,FRAUD AND FORGERY,-3.4563167186883716,6,0,0
6/1/2025,GUN CRIME,-4.13793103448276,1,0,0
6/1/2025,HATE CRIME,-5.462363255957538,18,2,14
6/1/2025,KNIFE CRIME,-5.619517916436529,72,11,47
6/1/2025,LETHAL BARREL DISCHARGE,-5.492726439488761,36,4,26
6/1/2025,POSSESSION OF WEAPONS,-6.008135118353405,9,1,1
6/1/2025,ROBBERY,-3.375203411747997,19,1,11
6/1/2025,SEXUAL OFFENCES,-6.507197439313482,32,4,22
6/1/2025,THEFT,-4.851230524574883,13,2,4
6/1/2025,VEHICLE OFFENCES,-6.038442584646303,10,3,6
6/1/2025,VIOLENCE AGAINST THE PERSON,-3.899751577146891,117,8,46
7/1/2025,ARSON AND CRIMINAL DAMAGE,-3.2145836793345266,46,8,20
7/1/2025,BURGLARY,-7.564508246230808,23,2,10
7/1/2025,DOMESTIC ABUSE,-6.800699099417114,4,0,0
7/1/2025,DRUG OFFENCES,-4.606829228291219,86,8,54
7/1/2025,FRAUD AND FORGERY,-5.887556041404993,18,1,5
7/1/2025,GUN CRIME,-1.90839694656489,1,0,0
7/1/2025,HATE CRIME,-4.634116781943309,17,2,3
7/1/2025,KNIFE CRIME,-5.262355135608245,346,46,234
7/1/2025,LETHAL BARREL DISCHARGE,-5.235823125608803,53,9,28
7/1/2025,MISCELLANEOUS CRIMES AGAINST SOCIETY,-3.18471337579618,1,0,0
7/1/2025,NFIB FRAUD,-4.84005534127117,2,0,0
7/1/2025,POSSESSION OF WEAPONS,-6.311835598660299,53,12,27
7/1/2025,PUBLIC ORDER OFFENCES,-6.45161290322581,1,0,0
7/1/2025,ROBBERY,-3.525732370940386,9,0,0
7/1/2025,SEXUAL OFFENCES,-5.828965427445678,108,12,50
7/1/2025,THEFT,-4.6284907445658305,24,2,2
7/1/2025,VEHICLE OFFENCES,-8.068718908909563,26,3,17
7/1/2025,VIOLENCE AGAINST THE PERSON,-5.402179189134722,215,22,119
8/1/2025,ARSON AND CRIMINAL DAMAGE,-2.1554329832140806,45,4,29
8/1/2025,BURGLARY,-6.999462296250375,21,3,12
8/1/2025,DRUG OFFENCES,-2.3108734117615994,60,3,27
8/1/2025,FRAUD AND FORGERY,-0.8691348506504741,19,1,16
8/1/2025,HATE CRIME,-4.870815675051065,12,0,0
8/1/2025,KNIFE CRIME,-5.33560665548212,245,29,170
8/1/2025,LETHAL BARREL DISCHARGE,-7.2597570568326,64,8,37
8/1/2025,MISCELLANEOUS CRIMES AGAINST SOCIETY,-3.6050599543957977,5,1,2
8/1/2025,POSSESSION OF WEAPONS,-4.616200995878683,60,6,39
8/1/2025,PUBLIC ORDER OFFENCES,-9.995313049141991,25,2,21
8/1/2025,ROBBERY,-3.759731856654249,30,2,18
8/1/2025,SEXUAL OFFENCES,-5.389842412651802,146,17,75
8/1/2025,THEFT,-6.197197864406646,29,2,20
8/1/2025,VEHICLE OFFENCES,-3.17144910504736,9,1,1
8/1/2025,VIOLENCE AGAINST THE PERSON,-5.94141917000012,219,21,120
9/1/2025,ARSON AND CRIMINAL DAMAGE,-1.3570276876597724,25,3,17
9/1/2025,BURGLARY,-8.432892704263693,13,2,4
9/1/2025,DOMESTIC ABUSE,-3.155156841369061,12,1,8
9/1/2025,DRUG OFFENCES,-4.360376164137621,71,5,36
9/1/2025,FRAUD AND FORGERY,-2.4262165390883172,8,0,0
9/1/2025,GUN CRIME,-11.639432405264534,3,1,1
9/1/2025,HATE CRIME,-4.11064335513925,37,1,10
9/1/2025,KNIFE CRIME,-6.121364342620043,76,15,37
9/1/2025,LETHAL BARREL DISCHARGE,-5.967545095416505,118,19,67
9/1/2025,POSSESSION OF WEAPONS,-5.220725194830328,42,8,24
9/1/2025,PUBLIC ORDER OFFENCES,-9.408502175376617,9,1,4
9/1/2025,ROBBERY,-5.994399607216758,14,2,3
9/1/2025,SEXUAL OFFENCES,-5.811242143402029,76,6,22
9/1/2025,THEFT,-3.284341968858794,45,4,19
9/1/2025,VEHICLE OFFENCES,-3.3058959112417696,7,1,2
9/1/2025,VIOLENCE AGAINST THE PERSON,-5.04570399528131,266,24,147
10/1/2025,ARSON AND CRIMINAL DAMAGE,-3.655521555713678,53,5,37
10/1/2025,BURGLARY,-4.758058491521347,6,0,0
10/1/2025,DOMESTIC ABUSE,-5.59748427672956,1,0,0
10/1/2025,DRUG OFFENCES,-3.860282453201563,78,9,48
10/1/2025,FRAUD AND FORGERY,-5.259118482105179,39,2,17
10/1/2025,HATE CRIME,-5.761081203548678,114,9,66
10/1/2025,KNIFE CRIME,-6.169138166554841,353,36,228
10/1/2025,LETHAL BARREL DISCHARGE,-5.069690312447268,61,11,29
10/1/2025,MISCELLANEOUS CRIMES AGAINST SOCIETY,-5.078144511481785,2,0,0
10/1/2025,NFIB FRAUD,-6.14664994021173,3,0,0
10/1/2025,POSSESSION OF WEAPONS,-2.9374632914691414,19,1,6
10/1/2025,PUBLIC ORDER OFFENCES,-0.714285714285714,1,0,0
10/1/2025,ROBBERY,-4.0060603093551865,16,2,2
10/1/2025,SEXUAL OFFENCES,-5.536028047929876,208,17,115
10/1/2025,THEFT,-2.5699345639768847,54,3,23
10/1/2025,VEHICLE OFFENCES,-2.755054728908141,31,5,15
10/1/2025,VIOLENCE AGAINST THE PERSON,-4.429710760801009,407,40,229
11/1/2025,ARSON AND CRIMINAL DAMAGE,-2.4048619419021184,36,4,24
11/1/2025,BURGLARY,-3.381799480257625,2,0,0
11/1/2025,DOMESTIC ABUSE,-4.94845360824742,1,0,0
11/1/2025,DRUG OFFENCES,-3.2379864316268407,25,3,3
11/1/2025,FRAUD AND FORGERY,-3.8585046481294696,32,2,8
11/1/2025,HATE CRIME,-4.102040189816981,51,3,8
11/1/2025,KNIFE CRIME,-5.136258885748715,513,47,372
11/1/2025,LETHAL BARREL DISCHARGE,-5.148394092844739,26,2,11
11/1/2025,NFIB FRAUD,-1.9908660430894656,2,0,0
11/1/2025,POSSESSION OF WEAPONS,-6.643319992402185,43,8,23
11/1/2025,ROBBERY,-4.012019815643135,22,2,2
11/1/2025,SEXUAL OFFENCES,-7.42648302679567,142,12,89
11/1/2025,THEFT,-4.34556847231233,46,4,27
11/1/2025,VEHICLE OFFENCES,-3.9470851973560386,10,2,2
11/1/2025,VIOLENCE AGAINST THE PERSON,-3.8962877877594524,135,10,41
12/1/2025,ARSON AND CRIMINAL DAMAGE,-2.9328004137434776,4,1,1
12/1/2025,BURGLARY,-6.995753996893135,4,0,0
12/1/2025,DRUG OFFENCES,-2.982020152525821,34,2,18
12/1/2025,FRAUD AND FORGERY,-5.70941690351187,13,1,7
12/1/2025,GUN CRIME,-5.94072594072594,2,0,0
12/1/2025,HATE CRIME,-4.252769007882322,96,4,37
12/1/2025,KNIFE CRIME,-5.856256261929684,231,33,151
12/1/2025,LETHAL BARREL DISCHARGE,-5.152159976874087,49,6,17
12/1/2025,POSSESSION OF WEAPONS,-3.508936379495675,62,4,37
12/1/2025,ROBBERY,-7.4424185214665215,38,3,22
12/1/2025,SEXUAL OFFENCES,-5.44049145751733,104,9,53
12/1/2025,THEFT,-4.979072308592552,33,1,13
12/1/2025,VEHICLE OFFENCES,-5.366025463403261,37,8,18
12/1/2025,VIOLENCE AGAINST THE PERSON,-4.175411547519978,379,25,249
1/1/2026,ARSON AND CRIMINAL DAMAGE,-4.517824192167793,4,0,0
1/1/2026,BURGLARY,-4.47050475659396,4,1,1
1/1/2026,DRUG OFFENCES,-5.74186307194885,28,4,6
1/1/2026,FRAUD AND FORGERY,-3.338621769780613,23,1,12
1/1/2026,GUN CRIME,-1.96078431372549,1,0,0
1/1/2026,HATE CRIME,-3.772493672381821,9,0,0
1/1/2026,KNIFE CRIME,-6.724268244852056,174,21,114
1/1/2026,LETHAL BARREL DISCHARGE,-4.863854626942866,41,4,14
1/1/2026,POSSESSION OF WEAPONS,-5.557313882616427,25,3,9
1/1/2026,ROBBERY,-3.380045228360208,8,0,0
1/1/2026,SEXUAL OFFENCES,-4.63772800992188,94,8,40
1/1/2026,THEFT,-4.94548655986452,18,1,1
1/1/2026,VEHICLE OFFENCES,-6.315051245307218,20,2,10
1/1/2026,VIOLENCE AGAINST THE PERSON,-4.422051149844928,99,7,16
2/1/2026,ARSON AND CRIMINAL DAMAGE,-6.387389142530273,5,1,1
2/1/2026,BURGLARY,-7.0764033662650005,10,0,0
2/1/2026,DOMESTIC ABUSE,-5.733290059873458,2,0,0
2/1/2026,DRUG OFFENCES,-3.2718458933196093,47,3,28
2/1/2026,FRAUD AND FORGERY,-2.6117152226313722,14,2,5
2/1/2026,HATE CRIME,-4.4053658772410085,7,0,0
2/1/2026,KNIFE CRIME,-5.376472521217437,168,31,47
2/1/2026,LETHAL BARREL DISCHARGE,-4.578810410023098,18,1,1
2/1/2026,POSSESSION OF WEAPONS,-6.712994803784885,41,4,26
2/1/2026,ROBBERY,-4.539382820797587,17,1,1
2/1/2026,SEXUAL OFFENCES,-6.708327837081139,106,5,33
2/1/2026,THEFT,-4.387915272612951,46,3,23
2/1/2026,VEHICLE OFFENCES,-5.608360124861655,5,2,2
2/1/2026,VIOLENCE AGAINST THE PERSON,-5.199452635762438,138,10,56
3/1/2026,ARSON AND CRIMINAL DAMAGE,-4.90833977503832,88,4,41
3/1/2026,BURGLARY,-4.869224854565861,15,1,6
3/1/2026,DOMESTIC ABUSE,-9.88523206751055,2,0,0
3/1/2026,DRUG OFFENCES,-5.683651602234738,42,1,9
3/1/2026,FRAUD AND FORGERY,-3.334823636618267,7,0,0
3/1/2026,HATE CRIME,-5.430278520434272,73,4,44
3/1/2026,KNIFE CRIME,-5.462313004546895,70,10,11
3/1/2026,LETHAL BARREL DISCHARGE,-3.6507410785346557,35,2,15
3/1/2026,MISCELLANEOUS CRIMES AGAINST SOCIETY,-2.6635627149454146,31,2,21
3/1/2026,POSSESSION OF WEAPONS,-4.499558161991037,14,0,0
3/1/2026,ROBBERY,-5.804983014697587,16,1,9
3/1/2026,SEXUAL OFFENCES,-5.057613282753483,69,6,25
3/1/2026,THEFT,-5.376099707762191,14,0,0
3/1/2026,VEHICLE OFFENCES,-2.9266102753861465,6,0,0
3/1/2026,VIOLENCE AGAINST THE PERSON,-5.26080141741368,215,13,70
4/1/2026,ARSON AND CRIMINAL DAMAGE,-5.892388547825474,261,20,152
4/1/2026,BURGLARY,-6.159041904364593,21,1,8
4/1/2026,DOMESTIC ABUSE,-0.802139037433154,1,0,0
4/1/2026,DRUG OFFENCES,-2.6476861562968423,33,2,9
4/1/2026,FRAUD AND FORGERY,-4.342474537950346,7,0,0
4/1/2026,HATE CRIME,-4.951288740352384,127,8,79
4/1/2026,KNIFE CRIME,-5.855010896891693,189,18,53
4/1/2026,LETHAL BARREL DISCHARGE,-4.593139957598695,59,3,18
4/1/2026,POSSESSION OF WEAPONS,-2.331091176670856,96,6,41
4/1/2026,PUBLIC ORDER OFFENCES,-6.6488095238095255,2,0,0
4/1/2026,ROBBERY,-4.421781209150524,8,0,0
4/1/2026,SEXUAL OFFENCES,-6.509318256965803,80,9,34
4/1/2026,THEFT,-3.4848614742325013,37,3,19
4/1/2026,VEHICLE OFFENCES,-5.101718202430364,14,1,1
4/1/2026,VIOLENCE AGAINST THE PERSON,-5.095485963198146,188,13,76
5/1/2026,ARSON AND CRIMINAL DAMAGE,-4.631795062680219,61,8,23
5/1/2026,BURGLARY,-6.287549858994901,7,0,0
5/1/2026,DOMESTIC ABUSE,-3.9267875920084148,2,0,0
5/1/2026,DRUG OFFENCES,-2.8966503787330535,32,2,17
5/1/2026,FRAUD AND FORGERY,-4.922689120802331,3,0,0
5/1/2026,GUN CRIME,-2.46808510638298,1,0,0
5/1/2026,HATE CRIME,-5.708201298243031,157,10,91
5/1/2026,KNIFE CRIME,-6.035726788525542,113,8,44
5/1/2026,LETHAL BARREL DISCHARGE,-5.027835034703562,31,2,5
5/1/2026,MISCELLANEOUS CRIMES AGAINST SOCIETY,-4.48916408668731,1,0,0
5/1/2026,POSSESSION OF WEAPONS,-5.360461574295718,16,1,3
5/1/2026,PUBLIC ORDER OFFENCES,-6.637993360513235,9,1,8
5/1/2026,ROBBERY,-6.754312290684609,2,0,0
5/1/2026,SEXUAL OFFENCES,-5.273665854879601,70,4,29
5/1/2026,THEFT,-6.432066348086986,28,3,12
5/1/2026,VEHICLE OFFENCES,-6.420972894231994,5,1,1
5/1/2026,VIOLENCE AGAINST THE PERSON,-5.558329611005936,106,3,16
6/1/2026,ARSON AND CRIMINAL DAMAGE,-6.3857551637638945,58,4,31
6/1/2026,BURGLARY,-6.264732774217495,4,0,0
6/1/2026,DOMESTIC ABUSE,-4.66472303206997,1,0,0
6/1/2026,DRUG OFFENCES,-4.596601091256003,25,2,2
6/1/2026,FRAUD AND FORGERY,-5.539032620869857,13,0,0
6/1/2026,GUN CRIME,-9.375,1,0,0
6/1/2026,HATE CRIME,-7.007266110007159,24,2,14
6/1/2026,KNIFE CRIME,-5.668206391940717,86,5,15
6/1/2026,LETHAL BARREL DISCHARGE,-2.8966220814966013,10,0,0
6/1/2026,MISCELLANEOUS CRIMES AGAINST SOCIETY,-11.309872175547824,2,0,0
6/1/2026,POSSESSION OF WEAPONS,-5.5944048721499575,10,0,0
6/1/2026,PUBLIC ORDER OFFENCES,-7.619504908237305,2,0,0
6/1/2026,ROBBERY,-7.670888034100844,8,0,0
6/1/2026,SEXUAL OFFENCES,-5.598965671929563,59,2,15
6/1/2026,THEFT,-4.135455282009604,35,2,21
6/1/2026,VEHICLE OFFENCES,-4.746284480262494,8,0,0
6/1/2026,VIOLENCE AGAINST THE PERSON,-5.605985921956156,105,5,28
